supply_id,supplier_company_id,facility_id,supply_category,hs_code,annual_value_usd,share_of_need_pct,lead_time_weeks,contract_start,contract_end,data_source,confidence
S000001,C00012,F00001,polysilicon,381800,447192000,100.0,3,2025-10-01,2027-12-31,third_party,estimated
S000002,C00026,F00001,specialty_gases,381800,298128000,100.0,7,2021-02-01,2023-12-31,third_party,estimated
S000003,C00011,F00002,polysilicon,381800,40319279,8.7,15,2025-08-01,2028-12-31,third_party,estimated
S000004,C00012,F00002,polysilicon,381800,423120720,91.3,11,2025-03-01,2030-12-31,third_party,estimated
S000005,C00025,F00002,specialty_gases,381800,113388320,36.7,14,2025-11-01,2028-12-31,public,estimated
S000006,C00026,F00002,specialty_gases,381800,157260640,50.9,9,2025-09-01,2030-12-31,third_party,estimated
S000007,C00028,F00002,specialty_gases,381800,38311040,12.4,6,2025-10-01,2031-12-31,third_party,estimated
S000008,C00010,F00003,polysilicon,381800,38728680,33.5,3,2019-03-01,2023-12-31,public,estimated
S000009,C00011,F00003,polysilicon,381800,76879320,66.5,3,2019-06-01,2024-12-31,public,estimated
S000010,C00028,F00003,specialty_gases,381800,77072000,100.0,14,2018-12-01,2021-12-31,public,estimated
S000011,C00010,F00004,polysilicon,381800,23016000,100.0,15,2018-12-01,2023-12-31,third_party,estimated
S000012,C00027,F00004,specialty_gases,381800,15344000,100.0,5,2021-06-01,2023-12-31,third_party,estimated
S000013,C00010,F00005,polysilicon,381800,34670208,9.4,3,2017-04-01,2019-12-31,third_party,estimated
S000014,C00013,F00005,polysilicon,381800,334161791,90.6,4,2017-04-01,2022-12-31,third_party,estimated
S000015,C00023,F00005,specialty_gases,381800,40325631,16.4,8,2022-04-01,2027-12-31,public,estimated
S000016,C00025,F00005,specialty_gases,381800,205562368,83.6,15,2022-10-01,2028-12-31,public,estimated
S000017,C00010,F00006,polysilicon,381800,262159920,79.0,8,2020-12-01,2026-12-31,public,estimated
S000018,C00011,F00006,polysilicon,381800,46790568,14.1,3,2020-06-01,2024-12-31,third_party,estimated
S000019,C00013,F00006,polysilicon,381800,22897512,6.9,11,2020-06-01,2024-12-31,third_party,estimated
S000020,C00021,F00006,specialty_gases,381800,44246400,20.0,9,2020-09-01,2024-12-31,public,estimated
S000021,C00024,F00006,specialty_gases,381800,77652432,35.1,10,2020-04-01,2025-12-31,third_party,estimated
S000022,C00025,F00006,specialty_gases,381800,99333168,44.9,2,2020-02-01,2023-12-31,third_party,estimated
S000023,C00010,F00007,polysilicon,381800,58008000,100.0,3,2021-08-01,2023-12-31,third_party,estimated
S000024,C00023,F00007,specialty_gases,381800,12491056,32.3,5,2022-04-01,2024-12-31,third_party,estimated
S000025,C00024,F00007,specialty_gases,381800,14966064,38.7,13,2022-08-01,2028-12-31,third_party,estimated
S000026,C00025,F00007,specialty_gases,381800,11214880,29.0,13,2022-11-01,2025-12-31,public,estimated
S000027,C00012,F00008,polysilicon,381800,153960000,100.0,6,2024-08-01,2026-12-31,public,estimated
S000028,C00024,F00008,specialty_gases,381800,31613120,30.8,10,2017-11-01,2021-12-31,public,estimated
S000029,C00025,F00008,specialty_gases,381800,71026880,69.2,8,2017-05-01,2022-12-31,third_party,estimated
S000030,C00010,F00009,polysilicon,381800,413760000,100.0,12,2025-08-01,2028-12-31,third_party,estimated
S000031,C00023,F00009,specialty_gases,381800,133782400,48.5,9,2017-07-01,2020-12-31,third_party,estimated
S000032,C00026,F00009,specialty_gases,381800,142057600,51.5,2,2017-07-01,2020-12-31,third_party,estimated
S000033,C00010,F00010,polysilicon,381800,10389816,30.9,12,2020-10-01,2023-12-31,third_party,estimated
S000034,C00012,F00010,polysilicon,381800,23234184,69.1,14,2020-10-01,2023-12-31,third_party,estimated
S000035,C00026,F00010,specialty_gases,381800,6769632,30.2,11,2019-04-01,2023-12-31,third_party,estimated
S000036,C00027,F00010,specialty_gases,381800,15646368,69.8,2,2019-11-01,2022-12-31,third_party,estimated
S000037,C00010,F00011,polysilicon,381800,24506352,50.7,13,2025-05-01,2027-12-31,third_party,estimated
S000038,C00013,F00011,polysilicon,381800,23829648,49.3,10,2025-03-01,2027-12-31,third_party,estimated
S000039,C00021,F00011,specialty_gases,381800,4156896,12.9,3,2025-02-01,2028-12-31,third_party,estimated
S000040,C00025,F00011,specialty_gases,381800,451136,1.4,6,2025-05-01,2031-12-31,public,estimated
S000041,C00026,F00011,specialty_gases,381800,27615968,85.7,4,2025-03-01,2030-12-31,third_party,estimated
S000042,C00012,F00012,polysilicon,381800,270012192,82.7,5,2022-05-01,2028-12-31,third_party,estimated
S000043,C00013,F00012,polysilicon,381800,56483808,17.3,14,2022-05-01,2026-12-31,third_party,estimated
S000044,C00021,F00012,specialty_gases,381800,167165952,76.8,8,2020-07-01,2023-12-31,third_party,estimated
S000045,C00022,F00012,specialty_gases,381800,50498048,23.2,7,2020-09-01,2022-12-31,third_party,estimated
S000046,C00010,F00013,polysilicon,381800,86286864,34.6,12,2023-12-01,2025-12-31,public,estimated
S000047,C00011,F00013,polysilicon,381800,163097136,65.4,15,2023-08-01,2027-12-31,third_party,estimated
S000048,C00022,F00013,specialty_gases,381800,101083648,60.8,14,2020-12-01,2024-12-31,third_party,estimated
S000049,C00025,F00013,specialty_gases,381800,17623136,10.6,2,2020-07-01,2026-12-31,third_party,estimated
S000050,C00026,F00013,specialty_gases,381800,47549216,28.6,13,2020-07-01,2025-12-31,third_party,estimated
S000051,C00010,F00014,polysilicon,381800,7068864,8.8,3,2024-04-01,2029-12-31,third_party,estimated
S000052,C00012,F00014,polysilicon,381800,15985272,19.9,10,2024-02-01,2029-12-31,third_party,estimated
S000053,C00013,F00014,polysilicon,381800,57273864,71.3,8,2024-07-01,2028-12-31,public,estimated
S000054,C00022,F00014,specialty_gases,381800,44180400,82.5,12,2022-01-01,2028-12-31,third_party,estimated
S000055,C00028,F00014,specialty_gases,381800,9371600,17.5,11,2022-01-01,2028-12-31,third_party,estimated
S000056,C00011,F00015,polysilicon,381800,136400376,37.1,16,2019-08-01,2024-12-31,public,estimated
S000057,C00012,F00015,polysilicon,381800,231255624,62.9,16,2019-11-01,2024-12-31,third_party,estimated
S000058,C00025,F00015,specialty_gases,381800,245104000,100.0,10,2024-06-01,2027-12-31,public,estimated
S000059,C00010,F00016,polysilicon,381800,300536568,83.7,16,2024-04-01,2028-12-31,public,estimated
S000060,C00012,F00016,polysilicon,381800,58527432,16.3,12,2024-10-01,2030-12-31,third_party,estimated
S000061,C00021,F00016,specialty_gases,381800,76600320,32.0,15,2018-02-01,2020-12-31,third_party,estimated
S000062,C00027,F00016,specialty_gases,381800,36385152,15.2,5,2018-04-01,2022-12-31,third_party,estimated
S000063,C00028,F00016,specialty_gases,381800,126390528,52.8,4,2018-11-01,2024-12-31,third_party,estimated
S000064,C00012,F00017,polysilicon,381800,25533144,27.3,3,2024-01-01,2027-12-31,third_party,estimated
S000065,C00013,F00017,polysilicon,381800,67994856,72.7,2,2024-07-01,2026-12-31,third_party,estimated
S000066,C00021,F00017,specialty_gases,381800,24504336,39.3,2,2025-08-01,2028-12-31,public,estimated
S000067,C00025,F00017,specialty_gases,381800,35852400,57.5,8,2025-02-01,2029-12-31,third_party,estimated
S000068,C00026,F00017,specialty_gases,381800,1995264,3.2,4,2025-03-01,2027-12-31,third_party,estimated
S000069,C00010,F00018,polysilicon,381800,37545648,26.2,6,2021-12-01,2027-12-31,public,estimated
S000070,C00012,F00018,polysilicon,381800,51589440,36.0,9,2021-05-01,2027-12-31,public,estimated
S000071,C00013,F00018,polysilicon,381800,54168912,37.8,8,2021-01-01,2024-12-31,third_party,estimated
S000072,C00021,F00018,specialty_gases,381800,95536000,100.0,7,2022-05-01,2024-12-31,third_party,estimated
S000073,C00010,F00019,polysilicon,381800,254913000,77.5,8,2024-12-01,2027-12-31,third_party,estimated
S000074,C00012,F00019,polysilicon,381800,74007000,22.5,3,2024-10-01,2030-12-31,third_party,estimated
S000075,C00025,F00019,specialty_gases,381800,219280000,100.0,6,2018-02-01,2020-12-31,third_party,estimated
S000076,C00011,F00020,polysilicon,381800,17507784,19.7,2,2024-11-01,2027-12-31,public,estimated
S000077,C00013,F00020,polysilicon,381800,71364216,80.3,14,2024-07-01,2030-12-31,public,estimated
S000078,C00021,F00020,specialty_gases,381800,51308768,86.6,10,2022-11-01,2026-12-31,third_party,estimated
S000079,C00028,F00020,specialty_gases,381800,7939232,13.4,7,2022-11-01,2025-12-31,third_party,estimated
S000080,C00013,F00021,polysilicon,381800,442176000,100.0,16,2025-11-01,2028-12-31,third_party,estimated
S000081,C00024,F00021,specialty_gases,381800,106711808,36.2,4,2025-06-01,2028-12-31,third_party,estimated
S000082,C00026,F00021,specialty_gases,381800,188072192,63.8,14,2025-02-01,2030-12-31,third_party,estimated
S000083,C00012,F00022,polysilicon,381800,466608000,100.0,7,2024-10-01,2027-12-31,third_party,estimated
S000084,C00025,F00022,specialty_gases,381800,228948992,73.6,16,2025-08-01,2028-12-31,third_party,estimated
S000085,C00028,F00022,specialty_gases,381800,82123008,26.4,8,2025-06-01,2030-12-31,third_party,estimated
S000086,C00010,F00023,polysilicon,381800,82696224,29.9,11,2018-11-01,2021-12-31,public,estimated
S000087,C00011,F00023,polysilicon,381800,193879776,70.1,7,2018-02-01,2024-12-31,third_party,estimated
S000088,C00021,F00023,specialty_gases,381800,149719808,81.2,10,2019-08-01,2022-12-31,public,estimated
S000089,C00022,F00023,specialty_gases,381800,34664192,18.8,9,2019-09-01,2023-12-31,third_party,estimated
S000090,C00010,F00024,polysilicon,381800,34891104,14.2,8,2025-08-01,2029-12-31,public,estimated
S000091,C00012,F00024,polysilicon,381800,10074191,4.1,15,2025-03-01,2028-12-31,third_party,estimated
S000092,C00013,F00024,polysilicon,381800,200746704,81.7,11,2025-12-01,2030-12-31,third_party,estimated
S000093,C00021,F00024,specialty_gases,381800,51599520,31.5,3,2023-09-01,2025-12-31,third_party,estimated
S000094,C00022,F00024,specialty_gases,381800,88620128,54.1,14,2023-03-01,2028-12-31,third_party,estimated
S000095,C00026,F00024,specialty_gases,381800,23588352,14.4,16,2023-02-01,2026-12-31,public,estimated
S000096,C00010,F00025,polysilicon,381800,188314320,67.7,6,2017-06-01,2022-12-31,third_party,estimated
S000097,C00011,F00025,polysilicon,381800,89845680,32.3,2,2017-06-01,2022-12-31,third_party,estimated
S000098,C00023,F00025,specialty_gases,381800,6490400,3.5,7,2024-11-01,2030-12-31,public,estimated
S000099,C00026,F00025,specialty_gases,381800,178949600,96.5,12,2024-10-01,2030-12-31,third_party,estimated
S000100,C00012,F00026,polysilicon,381800,27720000,100.0,11,2019-05-01,2025-12-31,third_party,estimated
S000101,C00021,F00026,specialty_gases,381800,6930000,37.5,3,2017-09-01,2019-12-31,public,estimated
S000102,C00024,F00026,specialty_gases,381800,10071600,54.5,4,2017-12-01,2019-12-31,third_party,estimated
S000103,C00026,F00026,specialty_gases,381800,1478400,8.0,15,2017-12-01,2019-12-31,third_party,estimated
S000104,C00010,F00027,polysilicon,381800,60365544,28.1,15,2018-12-01,2022-12-31,third_party,estimated
S000105,C00012,F00027,polysilicon,381800,144146903,67.1,14,2018-06-01,2020-12-31,third_party,estimated
S000106,C00013,F00027,polysilicon,381800,10311552,4.8,3,2018-10-01,2020-12-31,third_party,estimated
S000107,C00022,F00027,specialty_gases,381800,143216000,100.0,4,2022-11-01,2028-12-31,third_party,estimated
S000108,C00010,F00028,polysilicon,381800,69706440,28.5,7,2025-06-01,2027-12-31,third_party,estimated
S000109,C00011,F00028,polysilicon,381800,174877560,71.5,6,2025-08-01,2028-12-31,third_party,estimated
S000110,C00023,F00028,specialty_gases,381800,90006912,55.2,3,2025-07-01,2029-12-31,third_party,estimated
S000111,C00027,F00028,specialty_gases,381800,73049088,44.8,6,2025-03-01,2027-12-31,third_party,estimated
S000112,C00011,F00029,polysilicon,381800,101771712,60.2,10,2023-02-01,2027-12-31,third_party,estimated
S000113,C00012,F00029,polysilicon,381800,67284287,39.8,14,2023-09-01,2026-12-31,public,estimated
S000114,C00027,F00029,specialty_gases,381800,53985216,47.9,14,2019-10-01,2023-12-31,third_party,estimated
S000115,C00028,F00029,specialty_gases,381800,58718784,52.1,15,2019-06-01,2022-12-31,third_party,estimated
S000116,C00010,F00030,polysilicon,381800,128424960,48.0,9,2025-02-01,2028-12-31,third_party,estimated
S000117,C00012,F00030,polysilicon,381800,101402208,37.9,13,2025-10-01,2027-12-31,public,estimated
S000118,C00013,F00030,polysilicon,381800,37724832,14.1,9,2025-03-01,2031-12-31,public,estimated
S000119,C00025,F00030,specialty_gases,381800,68850048,38.6,14,2025-01-01,2027-12-31,third_party,estimated
S000120,C00027,F00030,specialty_gases,381800,57791232,32.4,16,2025-11-01,2029-12-31,public,estimated
S000121,C00028,F00030,specialty_gases,381800,51726720,29.0,14,2025-10-01,2028-12-31,public,estimated
S000122,C00010,F00031,polysilicon,381800,95493312,57.9,9,2023-03-01,2025-12-31,third_party,estimated
S000123,C00012,F00031,polysilicon,381800,69434688,42.1,6,2023-02-01,2028-12-31,public,estimated
S000124,C00025,F00031,specialty_gases,381800,109952000,100.0,11,2022-09-01,2027-12-31,public,estimated
S000125,C00010,F00032,polysilicon,381800,129477960,30.3,2,2025-09-01,2030-12-31,third_party,estimated
S000126,C00013,F00032,polysilicon,381800,297842040,69.7,7,2025-05-01,2029-12-31,third_party,estimated
S000127,C00025,F00032,specialty_gases,381800,18517200,6.5,10,2023-06-01,2025-12-31,public,estimated
S000128,C00028,F00032,specialty_gases,381800,266362800,93.5,10,2023-08-01,2029-12-31,third_party,estimated
S000129,C00010,F00033,polysilicon,381800,132494423,75.1,8,2022-05-01,2028-12-31,third_party,estimated
S000130,C00011,F00033,polysilicon,381800,29639232,16.8,5,2022-11-01,2024-12-31,third_party,estimated
S000131,C00012,F00033,polysilicon,381800,14290344,8.1,10,2022-05-01,2025-12-31,third_party,estimated
S000132,C00026,F00033,specialty_gases,381800,117616000,100.0,12,2021-09-01,2027-12-31,third_party,estimated
S000133,C00011,F00034,polysilicon,381800,60432000,100.0,7,2023-06-01,2029-12-31,third_party,estimated
S000134,C00021,F00034,specialty_gases,381800,6123776,15.2,11,2024-01-01,2030-12-31,third_party,estimated
S000135,C00024,F00034,specialty_gases,381800,20587168,51.1,2,2024-01-01,2028-12-31,public,estimated
S000136,C00025,F00034,specialty_gases,381800,13577056,33.7,6,2024-03-01,2026-12-31,third_party,estimated
S000137,C00010,F00035,polysilicon,381800,76339584,29.6,11,2019-07-01,2022-12-31,public,estimated
S000138,C00011,F00035,polysilicon,381800,181564416,70.4,14,2019-03-01,2022-12-31,third_party,estimated
S000139,C00025,F00035,specialty_gases,381800,81153792,47.2,2,2023-04-01,2029-12-31,third_party,estimated
S000140,C00028,F00035,specialty_gases,381800,90782208,52.8,12,2023-04-01,2028-12-31,third_party,estimated
S000141,C00011,F00036,polysilicon,381800,93528000,100.0,15,2022-11-01,2024-12-31,public,estimated
S000142,C00027,F00036,specialty_gases,381800,62352000,100.0,3,2022-11-01,2026-12-31,third_party,estimated
S000143,C00011,F00037,polysilicon,381800,336816000,100.0,10,2025-11-01,2030-12-31,public,estimated
S000144,C00027,F00037,specialty_gases,381800,224544000,100.0,8,2017-07-01,2023-12-31,public,estimated
S000145,C00011,F00038,polysilicon,381800,8977824,3.6,9,2024-05-01,2028-12-31,third_party,estimated
S000146,C00013,F00038,polysilicon,381800,240406176,96.4,10,2024-02-01,2030-12-31,third_party,estimated
S000147,C00021,F00038,specialty_gases,381800,61348464,36.9,8,2023-11-01,2029-12-31,public,estimated
S000148,C00026,F00038,specialty_gases,381800,46219168,27.8,9,2023-09-01,2025-12-31,third_party,estimated
S000149,C00028,F00038,specialty_gases,381800,58688368,35.3,12,2023-07-01,2026-12-31,third_party,estimated
S000150,C00013,F00039,polysilicon,381800,417432000,100.0,7,2025-11-01,2029-12-31,third_party,estimated
S000151,C00021,F00039,specialty_gases,381800,200923936,72.2,9,2025-01-01,2028-12-31,third_party,estimated
S000152,C00022,F00039,specialty_gases,381800,77364064,27.8,13,2025-09-01,2027-12-31,public,estimated
S000153,C00011,F00040,polysilicon,381800,22439232,16.3,5,2025-03-01,2030-12-31,third_party,estimated
S000154,C00012,F00040,polysilicon,381800,115224768,83.7,16,2025-10-01,2027-12-31,third_party,estimated
S000155,C00024,F00040,specialty_gases,381800,50385024,54.9,4,2025-08-01,2029-12-31,third_party,estimated
S000156,C00027,F00040,specialty_gases,381800,25697280,28.0,2,2025-07-01,2028-12-31,third_party,estimated
S000157,C00028,F00040,specialty_gases,381800,15693696,17.1,5,2025-03-01,2031-12-31,third_party,estimated
S000158,C00011,F00041,polysilicon,381800,329104775,93.1,7,2023-05-01,2026-12-31,public,estimated
S000159,C00012,F00041,polysilicon,381800,24391224,6.9,3,2023-06-01,2027-12-31,public,estimated
S000160,C00023,F00041,specialty_gases,381800,94265600,40.0,11,2023-06-01,2027-12-31,third_party,estimated
S000161,C00025,F00041,specialty_gases,381800,72113184,30.6,7,2023-01-01,2027-12-31,third_party,estimated
S000162,C00026,F00041,specialty_gases,381800,69285216,29.4,12,2023-06-01,2026-12-31,public,estimated
S000163,C00010,F00042,polysilicon,381800,61870560,15.7,15,2021-08-01,2024-12-31,third_party,estimated
S000164,C00011,F00042,polysilicon,381800,323145600,82.0,4,2021-11-01,2025-12-31,third_party,estimated
S000165,C00012,F00042,polysilicon,381800,9063839,2.3,11,2021-03-01,2023-12-31,third_party,estimated
S000166,C00021,F00042,specialty_gases,381800,98782720,37.6,5,2024-10-01,2029-12-31,third_party,estimated
S000167,C00024,F00042,specialty_gases,381800,163937280,62.4,10,2024-11-01,2029-12-31,public,estimated
S000168,C00010,F00043,polysilicon,381800,35636760,13.5,5,2024-09-01,2027-12-31,third_party,estimated
S000169,C00012,F00043,polysilicon,381800,188478864,71.4,6,2024-01-01,2030-12-31,third_party,estimated
S000170,C00013,F00043,polysilicon,381800,39860376,15.1,12,2024-04-01,2030-12-31,third_party,estimated
S000171,C00022,F00043,specialty_gases,381800,100486864,57.1,15,2022-03-01,2025-12-31,third_party,estimated
S000172,C00024,F00043,specialty_gases,381800,59658576,33.9,7,2022-06-01,2027-12-31,third_party,estimated
S000173,C00026,F00043,specialty_gases,381800,15838560,9.0,12,2022-07-01,2028-12-31,third_party,estimated
S000174,C00011,F00044,polysilicon,381800,245640000,100.0,2,2019-03-01,2025-12-31,third_party,estimated
S000175,C00021,F00044,specialty_gases,381800,66814080,40.8,16,2018-01-01,2023-12-31,third_party,estimated
S000176,C00022,F00044,specialty_gases,381800,96945920,59.2,3,2018-09-01,2023-12-31,public,estimated
S000177,C00012,F00045,polysilicon,381800,24412200,11.5,5,2022-07-01,2028-12-31,public,estimated
S000178,C00013,F00045,polysilicon,381800,187867800,88.5,15,2022-10-01,2026-12-31,third_party,estimated
S000179,C00026,F00045,specialty_gases,381800,141520000,100.0,5,2025-04-01,2028-12-31,third_party,estimated
S000180,C00011,F00046,polysilicon,381800,219480000,100.0,3,2024-07-01,2030-12-31,public,estimated
S000181,C00027,F00046,specialty_gases,381800,121445600,83.0,6,2019-03-01,2024-12-31,third_party,estimated
S000182,C00028,F00046,specialty_gases,381800,24874400,17.0,14,2019-10-01,2024-12-31,public,estimated
S000183,C00010,F00047,polysilicon,381800,13299720,22.3,3,2024-06-01,2028-12-31,public,estimated
S000184,C00012,F00047,polysilicon,381800,46340280,77.7,2,2024-08-01,2026-12-31,third_party,estimated
S000185,C00021,F00047,specialty_gases,381800,39760000,100.0,3,2023-01-01,2028-12-31,public,estimated
S000186,C00010,F00048,polysilicon,381800,164457216,52.8,4,2025-01-01,2030-12-31,third_party,estimated
S000187,C00013,F00048,polysilicon,381800,147014784,47.2,16,2025-05-01,2028-12-31,third_party,estimated
S000188,C00025,F00048,specialty_gases,381800,156358944,75.3,16,2025-02-01,2027-12-31,third_party,estimated
S000189,C00028,F00048,specialty_gases,381800,51289056,24.7,8,2025-11-01,2031-12-31,third_party,estimated
S000190,C00013,F00049,polysilicon,381800,132504000,100.0,15,2025-09-01,2028-12-31,third_party,estimated
S000191,C00021,F00049,specialty_gases,381800,30299247,34.3,2,2025-04-01,2027-12-31,public,estimated
S000192,C00022,F00049,specialty_gases,381800,30564256,34.6,5,2025-01-01,2028-12-31,third_party,estimated
S000193,C00023,F00049,specialty_gases,381800,27472496,31.1,16,2025-03-01,2030-12-31,third_party,estimated
S000194,C00011,F00050,polysilicon,381800,58742784,38.4,12,2020-08-01,2023-12-31,public,estimated
S000195,C00013,F00050,polysilicon,381800,94233216,61.6,15,2020-08-01,2026-12-31,third_party,estimated
S000196,C00022,F00050,specialty_gases,381800,101984000,100.0,5,2019-04-01,2024-12-31,third_party,estimated
S000197,C00010,F00051,polysilicon,381800,113803920,53.1,15,2020-05-01,2024-12-31,third_party,estimated
S000198,C00011,F00051,polysilicon,381800,75226320,35.1,4,2020-11-01,2024-12-31,third_party,estimated
S000199,C00012,F00051,polysilicon,381800,25289760,11.8,15,2020-08-01,2025-12-31,public,estimated
S000200,C00025,F00051,specialty_gases,381800,18145760,12.7,9,2021-03-01,2024-12-31,third_party,estimated
S000201,C00026,F00051,specialty_gases,381800,18860160,13.2,16,2021-07-01,2023-12-31,public,estimated
S000202,C00027,F00051,specialty_gases,381800,105874080,74.1,15,2021-05-01,2023-12-31,third_party,estimated
S000203,C00011,F00052,polysilicon,381800,147652992,53.6,2,2022-08-01,2025-12-31,third_party,estimated
S000204,C00013,F00052,polysilicon,381800,127819008,46.4,4,2022-09-01,2025-12-31,third_party,estimated
S000205,C00022,F00052,specialty_gases,381800,61338432,33.4,2,2022-08-01,2027-12-31,third_party,estimated
S000206,C00025,F00052,specialty_gases,381800,122309567,66.6,7,2022-10-01,2025-12-31,public,estimated
S000207,C00010,F00053,polysilicon,381800,292136184,61.3,8,2024-06-01,2030-12-31,public,estimated
S000208,C00011,F00053,polysilicon,381800,184431816,38.7,12,2024-09-01,2027-12-31,third_party,estimated
S000209,C00026,F00053,specialty_gases,381800,279586560,88.0,7,2025-04-01,2031-12-31,third_party,estimated
S000210,C00027,F00053,specialty_gases,381800,38125440,12.0,12,2025-02-01,2030-12-31,public,estimated
S000211,C00010,F00054,polysilicon,381800,98842752,47.8,16,2024-02-01,2028-12-31,public,estimated
S000212,C00011,F00054,polysilicon,381800,66170880,32.0,14,2024-03-01,2028-12-31,third_party,estimated
S000213,C00013,F00054,polysilicon,381800,41770368,20.2,16,2024-08-01,2027-12-31,third_party,estimated
S000214,C00021,F00054,specialty_gases,381800,9512064,6.9,2,2022-11-01,2026-12-31,third_party,estimated
S000215,C00024,F00054,specialty_gases,381800,39702528,28.8,3,2022-05-01,2026-12-31,third_party,estimated
S000216,C00028,F00054,specialty_gases,381800,88641408,64.3,13,2022-03-01,2027-12-31,third_party,estimated
S000217,C00010,F00055,polysilicon,381800,89691864,36.7,15,2018-12-01,2020-12-31,public,estimated
S000218,C00013,F00055,polysilicon,381800,154700136,63.3,12,2018-09-01,2024-12-31,third_party,estimated
S000219,C00025,F00055,specialty_gases,381800,157714304,96.8,12,2024-03-01,2029-12-31,third_party,estimated
S000220,C00026,F00055,specialty_gases,381800,5213696,3.2,15,2024-08-01,2030-12-31,third_party,estimated
S000221,C00011,F00057,polysilicon,381800,405984000,100.0,8,2025-10-01,2028-12-31,public,estimated
S000222,C00022,F00057,specialty_gases,381800,249003520,92.0,5,2019-07-01,2024-12-31,third_party,estimated
S000223,C00025,F00057,specialty_gases,381800,21652480,8.0,10,2019-03-01,2024-12-31,third_party,estimated
S000224,C00010,F00058,polysilicon,381800,238848000,100.0,10,2022-03-01,2025-12-31,public,estimated
S000225,C00025,F00058,specialty_gases,381800,75953664,47.7,10,2019-03-01,2023-12-31,public,estimated
S000226,C00026,F00058,specialty_gases,381800,83278336,52.3,16,2019-11-01,2024-12-31,third_party,estimated
S000227,C00011,F00059,polysilicon,381800,154408104,44.7,16,2022-05-01,2027-12-31,third_party,estimated
S000228,C00013,F00059,polysilicon,381800,191023896,55.3,8,2022-05-01,2028-12-31,third_party,estimated
S000229,C00028,F00059,specialty_gases,381800,230288000,100.0,11,2023-10-01,2026-12-31,third_party,estimated
S000230,C00011,F00060,polysilicon,381800,317736000,100.0,7,2025-09-01,2028-12-31,third_party,estimated
S000231,C00025,F00060,specialty_gases,381800,179838576,84.9,10,2023-02-01,2027-12-31,third_party,estimated
S000232,C00026,F00060,specialty_gases,381800,31985424,15.1,16,2023-04-01,2029-12-31,third_party,estimated
S000233,C00010,F00061,polysilicon,381800,173016000,100.0,2,2025-12-01,2029-12-31,public,estimated
S000234,C00021,F00061,specialty_gases,381800,44407440,38.5,9,2025-02-01,2030-12-31,third_party,estimated
S000235,C00024,F00061,specialty_gases,381800,13956624,12.1,3,2025-01-01,2027-12-31,third_party,estimated
S000236,C00026,F00061,specialty_gases,381800,56979936,49.4,3,2025-02-01,2031-12-31,third_party,estimated
S000237,C00012,F00062,polysilicon,381800,344784000,100.0,2,2023-02-01,2028-12-31,third_party,estimated
S000238,C00025,F00062,specialty_gases,381800,122513248,53.3,11,2024-05-01,2030-12-31,third_party,estimated
S000239,C00027,F00062,specialty_gases,381800,80909312,35.2,8,2024-10-01,2030-12-31,third_party,estimated
S000240,C00028,F00062,specialty_gases,381800,26433440,11.5,9,2024-06-01,2026-12-31,third_party,estimated
S000241,C00010,F00063,polysilicon,381800,276672000,100.0,3,2025-05-01,2030-12-31,third_party,estimated
S000242,C00021,F00063,specialty_gases,381800,86875008,47.1,3,2024-05-01,2030-12-31,third_party,estimated
S000243,C00027,F00063,specialty_gases,381800,97572992,52.9,12,2024-12-01,2027-12-31,third_party,estimated
S000244,C00011,F00064,polysilicon,381800,77712000,100.0,16,2017-10-01,2023-12-31,third_party,estimated
S000245,C00025,F00064,specialty_gases,381800,24297952,46.9,16,2024-06-01,2030-12-31,public,estimated
S000246,C00028,F00064,specialty_gases,381800,27510048,53.1,14,2024-09-01,2026-12-31,third_party,estimated
S000247,C00012,F00065,polysilicon,381800,198648000,100.0,4,2022-03-01,2025-12-31,third_party,estimated
S000248,C00025,F00065,specialty_gases,381800,132432000,100.0,10,2020-10-01,2023-12-31,third_party,estimated
S000249,C00010,F00066,polysilicon,381800,15902544,13.3,8,2017-05-01,2020-12-31,third_party,estimated
S000250,C00011,F00066,polysilicon,381800,76164816,63.7,10,2017-11-01,2019-12-31,third_party,estimated
S000251,C00013,F00066,polysilicon,381800,27500640,23.0,10,2017-05-01,2020-12-31,third_party,estimated
S000252,C00023,F00066,specialty_gases,381800,79712000,100.0,5,2018-09-01,2020-12-31,third_party,estimated
S000253,C00010,F00067,polysilicon,381800,134185104,61.8,6,2025-07-01,2029-12-31,third_party,estimated
S000254,C00012,F00067,polysilicon,381800,82942896,38.2,8,2025-01-01,2030-12-31,third_party,estimated
S000255,C00021,F00067,specialty_gases,381800,102194912,70.6,9,2024-08-01,2026-12-31,third_party,estimated
S000256,C00022,F00067,specialty_gases,381800,42557088,29.4,9,2024-11-01,2029-12-31,third_party,estimated
S000257,C00011,F00068,polysilicon,381800,112444752,88.3,15,2023-11-01,2025-12-31,public,estimated
S000258,C00012,F00068,polysilicon,381800,14899248,11.7,7,2023-03-01,2026-12-31,third_party,estimated
S000259,C00022,F00068,specialty_gases,381800,38372992,45.2,11,2021-11-01,2026-12-31,third_party,estimated
S000260,C00025,F00068,specialty_gases,381800,11715648,13.8,6,2021-06-01,2024-12-31,third_party,estimated
S000261,C00026,F00068,specialty_gases,381800,34807360,41.0,13,2021-03-01,2023-12-31,third_party,estimated
S000262,C00010,F00069,polysilicon,381800,33031488,9.8,3,2025-04-01,2031-12-31,third_party,estimated
S000263,C00011,F00069,polysilicon,381800,257510784,76.4,10,2025-08-01,2030-12-31,third_party,estimated
S000264,C00012,F00069,polysilicon,381800,46513728,13.8,10,2025-06-01,2030-12-31,third_party,estimated
S000265,C00022,F00069,specialty_gases,381800,60220672,26.8,14,2024-10-01,2028-12-31,public,estimated
S000266,C00023,F00069,specialty_gases,381800,164483328,73.2,4,2024-04-01,2027-12-31,third_party,estimated
S000267,C00013,F00070,polysilicon,381800,403032000,100.0,10,2019-10-01,2024-12-31,third_party,estimated
S000268,C00021,F00070,specialty_gases,381800,76307392,28.4,2,2021-02-01,2023-12-31,third_party,estimated
S000269,C00026,F00070,specialty_gases,381800,60723488,22.6,15,2021-05-01,2023-12-31,public,estimated
S000270,C00027,F00070,specialty_gases,381800,131657120,49.0,14,2021-10-01,2026-12-31,third_party,estimated
S000271,C00012,F00071,polysilicon,381800,463704000,100.0,9,2020-11-01,2023-12-31,third_party,estimated
S000272,C00025,F00071,specialty_gases,381800,43279040,14.0,2,2021-11-01,2023-12-31,third_party,estimated
S000273,C00026,F00071,specialty_gases,381800,121799584,39.4,14,2021-12-01,2026-12-31,public,estimated
S000274,C00028,F00071,specialty_gases,381800,144057376,46.6,10,2021-08-01,2025-12-31,public,estimated
S000275,C00011,F00072,polysilicon,381800,195053760,78.6,10,2023-01-01,2026-12-31,third_party,estimated
S000276,C00012,F00072,polysilicon,381800,53106240,21.4,6,2023-11-01,2026-12-31,third_party,estimated
S000277,C00025,F00072,specialty_gases,381800,145587200,88.0,4,2025-05-01,2030-12-31,third_party,estimated
S000278,C00026,F00072,specialty_gases,381800,19852800,12.0,9,2025-04-01,2031-12-31,third_party,estimated
S000279,C00052,F00149,lithography,848620,100926000,62.3,64,2024-12-01,2030-12-31,third_party,estimated
S000280,C00054,F00149,lithography,848620,61074000,37.7,68,2024-06-01,2030-12-31,third_party,estimated
S000281,C00058,F00149,etch,848620,121500000,100.0,8,2019-07-01,2025-12-31,third_party,estimated
S000282,C00064,F00149,deposition,848620,65367000,53.8,29,2025-10-01,2030-12-31,third_party,estimated
S000283,C00068,F00149,deposition,848620,56133000,46.2,10,2025-05-01,2031-12-31,public,estimated
S000284,C00075,F00149,metrology,848620,33277500,49.3,31,2025-08-01,2031-12-31,public,estimated
S000285,C00079,F00149,metrology,848620,34222500,50.7,10,2025-12-01,2030-12-31,third_party,estimated
S000286,C00085,F00149,cleaning,848620,47250000,100.0,14,2018-08-01,2023-12-31,third_party,estimated
S000287,C00089,F00149,ion_implant,848620,19743750,58.5,23,2017-08-01,2020-12-31,third_party,estimated
S000288,C00091,F00149,ion_implant,848620,14006250,41.5,8,2017-07-01,2019-12-31,public,estimated
S000289,C00003,F00149,wafers,381800,40500000,100.0,11,2017-09-01,2019-12-31,third_party,estimated
S000290,C00014,F00149,photoresist,381800,2187000,8.1,2,2019-07-01,2025-12-31,public,estimated
S000291,C00020,F00149,photoresist,381800,24813000,91.9,8,2019-05-01,2022-12-31,third_party,estimated
S000292,C00025,F00149,specialty_gases,381800,20250000,100.0,10,2019-03-01,2025-12-31,public,estimated
S000293,C00032,F00149,wet_chemicals,381800,20250000,100.0,13,2024-09-01,2029-12-31,public,estimated
S000294,C00045,F00149,cmp_slurry,381800,2348999,17.4,2,2023-02-01,2028-12-31,third_party,estimated
S000295,C00048,F00149,cmp_slurry,381800,5319000,39.4,5,2023-02-01,2027-12-31,public,estimated
S000296,C00049,F00149,cmp_slurry,381800,5832000,43.2,7,2023-03-01,2025-12-31,public,estimated
S000297,C00053,F00150,lithography,848620,34560000,100.0,32,2022-07-01,2024-12-31,public,estimated
S000298,C00055,F00150,etch,848620,4717440,18.2,9,2022-02-01,2026-12-31,public,estimated
S000299,C00060,F00150,etch,848620,21202560,81.8,23,2022-10-01,2025-12-31,third_party,estimated
S000300,C00072,F00150,deposition,848620,9434880,36.4,8,2021-07-01,2025-12-31,third_party,estimated
S000301,C00073,F00150,deposition,848620,16485120,63.6,20,2021-12-01,2026-12-31,public,estimated
S000302,C00078,F00150,metrology,848620,6494400,45.1,26,2024-09-01,2028-12-31,third_party,estimated
S000303,C00079,F00150,metrology,848620,7905600,54.9,33,2024-11-01,2026-12-31,third_party,estimated
S000304,C00084,F00150,cleaning,848620,7600320,75.4,15,2024-03-01,2030-12-31,public,estimated
S000305,C00086,F00150,cleaning,848620,2479680,24.6,27,2024-10-01,2027-12-31,third_party,estimated
S000306,C00091,F00150,ion_implant,848620,5198400,72.2,30,2022-06-01,2027-12-31,third_party,estimated
S000307,C00092,F00150,ion_implant,848620,2001600,27.8,10,2022-03-01,2026-12-31,third_party,estimated
S000308,C00006,F00150,wafers,381800,8640000,100.0,4,2021-04-01,2025-12-31,public,estimated
S000309,C00015,F00150,photoresist,381800,2021760,35.1,10,2023-07-01,2026-12-31,third_party,estimated
S000310,C00018,F00150,photoresist,381800,3738240,64.9,10,2023-08-01,2028-12-31,public,estimated
S000311,C00022,F00150,specialty_gases,381800,4320000,100.0,13,2020-03-01,2024-12-31,public,estimated
S000312,C00034,F00150,wet_chemicals,381800,509760,11.8,7,2017-02-01,2021-12-31,third_party,estimated
S000313,C00035,F00150,wet_chemicals,381800,3378240,78.2,13,2017-09-01,2023-12-31,third_party,estimated
S000314,C00036,F00150,wet_chemicals,381800,432000,10.0,15,2017-01-01,2022-12-31,third_party,estimated
S000315,C00045,F00150,cmp_slurry,381800,1198080,41.6,4,2025-07-01,2030-12-31,public,estimated
S000316,C00046,F00150,cmp_slurry,381800,1681920,58.4,7,2025-02-01,2028-12-31,third_party,estimated
S000317,C00053,F00151,lithography,848620,35925120,26.4,39,2023-02-01,2028-12-31,third_party,estimated
S000318,C00054,F00151,lithography,848620,100154880,73.6,57,2023-08-01,2025-12-31,third_party,estimated
S000319,C00057,F00151,etch,848620,102060000,100.0,36,2025-05-01,2029-12-31,public,estimated
S000320,C00069,F00151,deposition,848620,102060000,100.0,26,2025-02-01,2031-12-31,public,estimated
S000321,C00078,F00151,metrology,848620,56700000,100.0,13,2024-05-01,2028-12-31,third_party,estimated
S000322,C00083,F00151,cleaning,848620,35601930,89.7,9,2024-04-01,2029-12-31,third_party,estimated
S000323,C00085,F00151,cleaning,848620,4088070,10.3,31,2024-10-01,2027-12-31,third_party,estimated
S000324,C00090,F00151,ion_implant,848620,7682850,27.1,38,2023-05-01,2025-12-31,third_party,estimated
S000325,C00092,F00151,ion_implant,848620,20667150,72.9,34,2023-09-01,2026-12-31,third_party,estimated
S000326,C00003,F00151,wafers,381800,25072740,73.7,8,2024-08-01,2029-12-31,public,estimated
S000327,C00004,F00151,wafers,381800,8947260,26.3,3,2024-05-01,2029-12-31,third_party,estimated
S000328,C00015,F00151,photoresist,381800,5012280,22.1,14,2024-01-01,2028-12-31,third_party,estimated
S000329,C00016,F00151,photoresist,381800,7756560,34.2,8,2024-08-01,2026-12-31,public,estimated
S000330,C00018,F00151,photoresist,381800,9911160,43.7,6,2024-01-01,2027-12-31,third_party,estimated
S000331,C00026,F00151,specialty_gases,381800,17010000,100.0,5,2025-04-01,2027-12-31,third_party,estimated
S000332,C00031,F00151,wet_chemicals,381800,16601760,97.6,16,2024-05-01,2027-12-31,third_party,estimated
S000333,C00034,F00151,wet_chemicals,381800,408240,2.4,12,2024-08-01,2027-12-31,public,estimated
S000334,C00048,F00151,cmp_slurry,381800,6282360,55.4,6,2023-10-01,2025-12-31,public,estimated
S000335,C00050,F00151,cmp_slurry,381800,5057640,44.6,4,2023-12-01,2028-12-31,third_party,estimated
S000336,C00053,F00152,lithography,848620,7365600,6.2,29,2024-01-01,2026-12-31,third_party,estimated
S000337,C00054,F00152,lithography,848620,111434400,93.8,46,2024-11-01,2026-12-31,public,estimated
S000338,C00061,F00152,etch,848620,16305300,18.3,8,2022-08-01,2024-12-31,third_party,estimated
S000339,C00062,F00152,etch,848620,72794700,81.7,34,2022-02-01,2028-12-31,third_party,estimated
S000340,C00065,F00152,deposition,848620,16839899,18.9,28,2022-11-01,2026-12-31,third_party,estimated
S000341,C00071,F00152,deposition,848620,50430600,56.6,24,2022-03-01,2026-12-31,third_party,estimated
S000342,C00073,F00152,deposition,848620,21829500,24.5,8,2022-10-01,2028-12-31,public,estimated
S000343,C00075,F00152,metrology,848620,19899000,40.2,31,2025-08-01,2027-12-31,public,estimated
S000344,C00078,F00152,metrology,848620,19700999,39.8,18,2025-06-01,2028-12-31,third_party,estimated
S000345,C00080,F00152,metrology,848620,9900000,20.0,22,2025-12-01,2030-12-31,public,estimated
S000346,C00085,F00152,cleaning,848620,103950,0.3,13,2021-10-01,2024-12-31,third_party,estimated
S000347,C00086,F00152,cleaning,848620,23250150,67.1,14,2021-04-01,2024-12-31,third_party,estimated
S000348,C00087,F00152,cleaning,848620,11295900,32.6,31,2021-09-01,2023-12-31,public,estimated
S000349,C00088,F00152,ion_implant,848620,19230750,77.7,27,2023-05-01,2029-12-31,public,estimated
S000350,C00091,F00152,ion_implant,848620,5519250,22.3,11,2023-11-01,2025-12-31,public,estimated
S000351,C00005,F00152,wafers,381800,7840800,26.4,8,2024-02-01,2027-12-31,third_party,estimated
S000352,C00006,F00152,wafers,381800,21859200,73.6,6,2024-12-01,2027-12-31,third_party,estimated
S000353,C00014,F00152,photoresist,381800,13800600,69.7,2,2021-05-01,2026-12-31,third_party,estimated
S000354,C00017,F00152,photoresist,381800,5999400,30.3,9,2021-01-01,2025-12-31,third_party,estimated
S000355,C00025,F00152,specialty_gases,381800,787050,5.3,11,2020-01-01,2022-12-31,third_party,estimated
S000356,C00027,F00152,specialty_gases,381800,8301150,55.9,2,2020-06-01,2022-12-31,public,estimated
S000357,C00028,F00152,specialty_gases,381800,5761800,38.8,10,2020-05-01,2025-12-31,third_party,estimated
S000358,C00029,F00152,wet_chemicals,381800,12785850,86.1,12,2025-06-01,2028-12-31,third_party,estimated
S000359,C00031,F00152,wet_chemicals,381800,2064150,13.9,2,2025-05-01,2028-12-31,third_party,estimated
S000360,C00046,F00152,cmp_slurry,381800,9187200,92.8,5,2019-05-01,2021-12-31,third_party,estimated
S000361,C00050,F00152,cmp_slurry,381800,712800,7.2,6,2019-01-01,2024-12-31,third_party,estimated
S000362,C00051,F00153,lithography,848620,59810400,39.0,27,2021-04-01,2023-12-31,third_party,estimated
S000363,C00053,F00153,lithography,848620,93549600,61.0,77,2021-12-01,2023-12-31,third_party,estimated
S000364,C00057,F00153,etch,848620,115020000,100.0,32,2022-12-01,2025-12-31,third_party,estimated
S000365,C00065,F00153,deposition,848620,36001260,31.3,15,2024-02-01,2027-12-31,public,estimated
S000366,C00069,F00153,deposition,848620,79018740,68.7,26,2024-04-01,2027-12-31,third_party,estimated
S000367,C00074,F00153,metrology,848620,57062700,89.3,39,2019-10-01,2022-12-31,public,estimated
S000368,C00079,F00153,metrology,848620,6837300,10.7,22,2019-02-01,2021-12-31,third_party,estimated
S000369,C00084,F00153,cleaning,848620,2281230,5.1,8,2019-10-01,2024-12-31,third_party,estimated
S000370,C00086,F00153,cleaning,848620,6575310,14.7,33,2019-12-01,2021-12-31,third_party,estimated
S000371,C00087,F00153,cleaning,848620,35873460,80.2,34,2019-08-01,2024-12-31,public,estimated
S000372,C00088,F00153,ion_implant,848620,5655150,17.7,13,2021-10-01,2024-12-31,third_party,estimated
S000373,C00089,F00153,ion_implant,848620,16102800,50.4,15,2021-07-01,2026-12-31,third_party,estimated
S000374,C00092,F00153,ion_implant,848620,10192050,31.9,18,2021-10-01,2023-12-31,third_party,estimated
S000375,C00004,F00153,wafers,381800,33355800,87.0,4,2020-09-01,2023-12-31,third_party,estimated
S000376,C00009,F00153,wafers,381800,4984200,13.0,9,2020-06-01,2026-12-31,third_party,estimated
S000377,C00014,F00153,photoresist,381800,13393440,52.4,16,2022-03-01,2028-12-31,third_party,estimated
S000378,C00016,F00153,photoresist,381800,12166560,47.6,2,2022-03-01,2024-12-31,public,estimated
S000379,C00021,F00153,specialty_gases,381800,10466820,54.6,5,2022-02-01,2026-12-31,public,estimated
S000380,C00023,F00153,specialty_gases,381800,8703180,45.4,7,2022-09-01,2028-12-31,third_party,estimated
S000381,C00032,F00153,wet_chemicals,381800,19170000,100.0,14,2022-07-01,2028-12-31,third_party,estimated
S000382,C00046,F00153,cmp_slurry,381800,12780000,100.0,4,2024-03-01,2030-12-31,third_party,estimated
S000383,C00051,F00154,lithography,848620,36566640,51.3,29,2025-07-01,2027-12-31,third_party,estimated
S000384,C00052,F00154,lithography,848620,34713360,48.7,28,2025-08-01,2029-12-31,third_party,estimated
S000385,C00057,F00154,etch,848620,27371520,51.2,35,2020-01-01,2024-12-31,public,estimated
S000386,C00061,F00154,etch,848620,26088480,48.8,35,2020-09-01,2025-12-31,third_party,estimated
S000387,C00064,F00154,deposition,848620,8820900,16.5,27,2023-10-01,2025-12-31,public,estimated
S000388,C00068,F00154,deposition,848620,42233400,79.0,13,2023-06-01,2025-12-31,third_party,estimated
S000389,C00069,F00154,deposition,848620,2405700,4.5,28,2023-01-01,2028-12-31,public,estimated
S000390,C00074,F00154,metrology,848620,4306500,14.5,19,2020-02-01,2022-12-31,third_party,estimated
S000391,C00079,F00154,metrology,848620,3801600,12.8,19,2020-06-01,2026-12-31,third_party,estimated
S000392,C00080,F00154,metrology,848620,21591900,72.7,24,2020-01-01,2024-12-31,third_party,estimated
S000393,C00082,F00154,cleaning,848620,9750510,46.9,36,2025-01-01,2030-12-31,third_party,estimated
S000394,C00084,F00154,cleaning,848620,8607060,41.4,14,2025-08-01,2030-12-31,third_party,estimated
S000395,C00085,F00154,cleaning,848620,2432430,11.7,29,2025-08-01,2029-12-31,third_party,estimated
S000396,C00088,F00154,ion_implant,848620,2673000,18.0,39,2023-06-01,2029-12-31,third_party,estimated
S000397,C00090,F00154,ion_implant,848620,12177000,82.0,34,2023-05-01,2027-12-31,third_party,estimated
S000398,C00001,F00154,wafers,381800,17820000,100.0,6,2024-08-01,2030-12-31,public,estimated
S000399,C00016,F00154,photoresist,381800,7365600,62.0,4,2024-07-01,2030-12-31,third_party,estimated
S000400,C00018,F00154,photoresist,381800,4514400,38.0,6,2024-04-01,2028-12-31,public,estimated
S000401,C00021,F00154,specialty_gases,381800,1817640,20.4,14,2023-06-01,2028-12-31,third_party,estimated
S000402,C00022,F00154,specialty_gases,381800,5212350,58.5,2,2023-02-01,2027-12-31,public,estimated
S000403,C00026,F00154,specialty_gases,381800,1880010,21.1,5,2023-10-01,2027-12-31,third_party,estimated
S000404,C00030,F00154,wet_chemicals,381800,8910000,100.0,5,2021-12-01,2024-12-31,third_party,estimated
S000405,C00047,F00154,cmp_slurry,381800,5940000,100.0,3,2024-11-01,2027-12-31,third_party,estimated
S000406,C00052,F00155,lithography,848620,49183200,34.5,73,2023-08-01,2026-12-31,third_party,estimated
S000407,C00053,F00155,lithography,848620,50181120,35.2,34,2023-11-01,2027-12-31,public,estimated
S000408,C00054,F00155,lithography,848620,43195680,30.3,57,2023-02-01,2025-12-31,public,estimated
S000409,C00057,F00155,etch,848620,84894480,79.4,23,2025-09-01,2027-12-31,third_party,estimated
S000410,C00061,F00155,etch,848620,22025520,20.6,10,2025-03-01,2029-12-31,public,estimated
S000411,C00073,F00155,deposition,848620,106920000,100.0,18,2019-12-01,2021-12-31,third_party,estimated
S000412,C00079,F00155,metrology,848620,59400000,100.0,24,2017-01-01,2019-12-31,third_party,estimated
S000413,C00085,F00155,cleaning,848620,748440,1.8,25,2021-01-01,2025-12-31,public,estimated
S000414,C00086,F00155,cleaning,848620,5945940,14.3,17,2021-09-01,2027-12-31,third_party,estimated
S000415,C00087,F00155,cleaning,848620,34885620,83.9,31,2021-07-01,2023-12-31,third_party,estimated
S000416,C00088,F00155,ion_implant,848620,29700000,100.0,25,2018-06-01,2023-12-31,third_party,estimated
S000417,C00003,F00155,wafers,381800,19851480,55.7,11,2017-05-01,2021-12-31,third_party,estimated
S000418,C00006,F00155,wafers,381800,15788520,44.3,13,2017-01-01,2019-12-31,public,estimated
S000419,C00014,F00155,photoresist,381800,23760000,100.0,16,2021-03-01,2025-12-31,third_party,estimated
S000420,C00022,F00155,specialty_gases,381800,14362920,80.6,16,2024-06-01,2027-12-31,public,estimated
S000421,C00026,F00155,specialty_gases,381800,3457080,19.4,9,2024-10-01,2027-12-31,third_party,estimated
S000422,C00031,F00155,wet_chemicals,381800,8446680,47.4,9,2018-08-01,2024-12-31,third_party,estimated
S000423,C00035,F00155,wet_chemicals,381800,9373320,52.6,11,2018-12-01,2021-12-31,third_party,estimated
S000424,C00045,F00155,cmp_slurry,381800,11880000,100.0,2,2017-03-01,2022-12-31,third_party,estimated
S000425,C00051,F00156,lithography,848620,2239920,6.1,43,2023-08-01,2026-12-31,third_party,estimated
S000426,C00052,F00156,lithography,848620,3892320,10.6,27,2023-09-01,2029-12-31,third_party,estimated
S000427,C00053,F00156,lithography,848620,30587760,83.3,67,2023-04-01,2029-12-31,public,estimated
S000428,C00061,F00156,etch,848620,27540000,100.0,8,2023-07-01,2026-12-31,third_party,estimated
S000429,C00064,F00156,deposition,848620,6444360,23.4,19,2018-10-01,2022-12-31,third_party,estimated
S000430,C00069,F00156,deposition,848620,8262000,30.0,16,2018-07-01,2020-12-31,third_party,estimated
S000431,C00071,F00156,deposition,848620,12833640,46.6,16,2018-12-01,2024-12-31,third_party,estimated
S000432,C00081,F00156,metrology,848620,15300000,100.0,10,2025-05-01,2029-12-31,third_party,estimated
S000433,C00083,F00156,cleaning,848620,7807590,72.9,23,2017-11-01,2022-12-31,public,estimated
S000434,C00085,F00156,cleaning,848620,2902410,27.1,36,2017-01-01,2019-12-31,third_party,estimated
S000435,C00088,F00156,ion_implant,848620,4062150,53.1,40,2018-01-01,2021-12-31,third_party,estimated
S000436,C00089,F00156,ion_implant,848620,3587850,46.9,18,2018-02-01,2022-12-31,third_party,estimated
S000437,C00004,F00156,wafers,381800,1918620,20.9,5,2023-04-01,2028-12-31,third_party,estimated
S000438,C00008,F00156,wafers,381800,7261380,79.1,3,2023-02-01,2025-12-31,third_party,estimated
S000439,C00015,F00156,photoresist,381800,1199520,19.6,16,2023-09-01,2026-12-31,third_party,estimated
S000440,C00016,F00156,photoresist,381800,4920480,80.4,13,2023-12-01,2026-12-31,public,estimated
S000441,C00021,F00156,specialty_gases,381800,4590000,100.0,3,2018-07-01,2024-12-31,third_party,estimated
S000442,C00034,F00156,wet_chemicals,381800,2005830,43.7,14,2022-01-01,2028-12-31,third_party,estimated
S000443,C00035,F00156,wet_chemicals,381800,2584170,56.3,11,2022-12-01,2027-12-31,third_party,estimated
S000444,C00048,F00156,cmp_slurry,381800,3060000,100.0,9,2017-12-01,2020-12-31,third_party,estimated
S000445,C00052,F00157,lithography,848620,153360000,100.0,54,2020-06-01,2025-12-31,public,estimated
S000446,C00058,F00157,etch,848620,36806400,32.0,11,2024-04-01,2026-12-31,public,estimated
S000447,C00061,F00157,etch,848620,44052660,38.3,26,2024-03-01,2027-12-31,public,estimated
S000448,C00062,F00157,etch,848620,34160940,29.7,28,2024-02-01,2027-12-31,public,estimated
S000449,C00072,F00157,deposition,848620,115020000,100.0,15,2019-03-01,2025-12-31,third_party,estimated
S000450,C00079,F00157,metrology,848620,48819600,76.4,8,2024-08-01,2027-12-31,third_party,estimated
S000451,C00080,F00157,metrology,848620,15080400,23.6,32,2024-10-01,2030-12-31,third_party,estimated
S000452,C00084,F00157,cleaning,848620,16773750,37.5,39,2025-09-01,2027-12-31,public,estimated
S000453,C00087,F00157,cleaning,848620,27956250,62.5,36,2025-07-01,2027-12-31,third_party,estimated
S000454,C00090,F00157,ion_implant,848620,3322800,10.4,16,2023-05-01,2028-12-31,third_party,estimated
S000455,C00091,F00157,ion_implant,848620,10064250,31.5,32,2023-02-01,2027-12-31,public,estimated
S000456,C00092,F00157,ion_implant,848620,18562950,58.1,11,2023-12-01,2028-12-31,third_party,estimated
S000457,C00002,F00157,wafers,381800,23234040,60.6,2,2022-04-01,2027-12-31,public,estimated
S000458,C00005,F00157,wafers,381800,15105960,39.4,3,2022-12-01,2028-12-31,third_party,estimated
S000459,C00014,F00157,photoresist,381800,25560000,100.0,12,2017-11-01,2021-12-31,third_party,estimated
S000460,C00024,F00157,specialty_gases,381800,8281440,43.2,2,2018-01-01,2023-12-31,third_party,estimated
S000461,C00027,F00157,specialty_gases,381800,10888560,56.8,15,2018-12-01,2024-12-31,third_party,estimated
S000462,C00031,F00157,wet_chemicals,381800,4159890,21.7,12,2017-01-01,2021-12-31,third_party,estimated
S000463,C00036,F00157,wet_chemicals,381800,15010110,78.3,9,2017-04-01,2023-12-31,public,estimated
S000464,C00045,F00157,cmp_slurry,381800,4575239,35.8,12,2024-01-01,2026-12-31,third_party,estimated
S000465,C00046,F00157,cmp_slurry,381800,2568780,20.1,3,2024-09-01,2029-12-31,public,estimated
S000466,C00048,F00157,cmp_slurry,381800,5635980,44.1,5,2024-10-01,2028-12-31,public,estimated
S000467,C00051,F00158,lithography,848620,110397600,53.8,46,2021-09-01,2026-12-31,public,estimated
S000468,C00054,F00158,lithography,848620,94802400,46.2,73,2021-08-01,2026-12-31,third_party,estimated
S000469,C00058,F00158,etch,848620,153900000,100.0,40,2022-05-01,2028-12-31,third_party,estimated
S000470,C00064,F00158,deposition,848620,52326000,34.0,12,2022-02-01,2028-12-31,public,estimated
S000471,C00069,F00158,deposition,848620,101574000,66.0,26,2022-01-01,2024-12-31,third_party,estimated
S000472,C00081,F00158,metrology,848620,85500000,100.0,38,2021-02-01,2025-12-31,third_party,estimated
S000473,C00087,F00158,cleaning,848620,59850000,100.0,32,2018-12-01,2023-12-31,third_party,estimated
S000474,C00088,F00158,ion_implant,848620,38817000,90.8,13,2020-05-01,2023-12-31,third_party,estimated
S000475,C00089,F00158,ion_implant,848620,3932999,9.2,23,2020-03-01,2025-12-31,public,estimated
S000476,C00002,F00158,wafers,381800,6104700,11.9,4,2017-05-01,2023-12-31,public,estimated
S000477,C00009,F00158,wafers,381800,45195300,88.1,16,2017-08-01,2021-12-31,public,estimated
S000478,C00015,F00158,photoresist,381800,34200000,100.0,10,2024-03-01,2026-12-31,third_party,estimated
S000479,C00021,F00158,specialty_gases,381800,1872450,7.3,5,2024-06-01,2027-12-31,third_party,estimated
S000480,C00026,F00158,specialty_gases,381800,23777550,92.7,11,2024-02-01,2027-12-31,third_party,estimated
S000481,C00032,F00158,wet_chemicals,381800,19699200,76.8,14,2024-06-01,2026-12-31,public,estimated
S000482,C00036,F00158,wet_chemicals,381800,5950800,23.2,15,2024-05-01,2029-12-31,third_party,estimated
S000483,C00045,F00158,cmp_slurry,381800,12072600,70.6,4,2023-03-01,2026-12-31,third_party,estimated
S000484,C00049,F00158,cmp_slurry,381800,5027400,29.4,3,2023-07-01,2029-12-31,third_party,estimated
S000485,C00053,F00159,lithography,848620,34560000,100.0,64,2021-08-01,2026-12-31,third_party,estimated
S000486,C00058,F00159,etch,848620,24079680,92.9,11,2024-03-01,2026-12-31,third_party,estimated
S000487,C00061,F00159,etch,848620,1840320,7.1,11,2024-11-01,2027-12-31,public,estimated
S000488,C00065,F00159,deposition,848620,25920000,100.0,21,2024-12-01,2030-12-31,third_party,estimated
S000489,C00075,F00159,metrology,848620,8136000,56.5,8,2022-01-01,2026-12-31,public,estimated
S000490,C00078,F00159,metrology,848620,5342400,37.1,15,2022-01-01,2024-12-31,public,estimated
S000491,C00080,F00159,metrology,848620,921600,6.4,15,2022-04-01,2025-12-31,third_party,estimated
S000492,C00085,F00159,cleaning,848620,10080000,100.0,16,2022-03-01,2025-12-31,third_party,estimated
S000493,C00088,F00159,ion_implant,848620,7200000,100.0,37,2024-02-01,2029-12-31,third_party,estimated
S000494,C00005,F00159,wafers,381800,1140480,13.2,6,2021-06-01,2023-12-31,third_party,estimated
S000495,C00009,F00159,wafers,381800,7499520,86.8,13,2021-11-01,2026-12-31,public,estimated
S000496,C00014,F00159,photoresist,381800,3087360,53.6,4,2021-05-01,2025-12-31,third_party,estimated
S000497,C00016,F00159,photoresist,381800,2672640,46.4,14,2021-11-01,2027-12-31,public,estimated
S000498,C00026,F00159,specialty_gases,381800,4320000,100.0,10,2021-11-01,2024-12-31,public,estimated
S000499,C00029,F00159,wet_chemicals,381800,3443040,79.7,13,2021-01-01,2024-12-31,public,estimated
S000500,C00030,F00159,wet_chemicals,381800,876960,20.3,15,2021-06-01,2026-12-31,third_party,estimated
S000501,C00046,F00159,cmp_slurry,381800,1416960,49.2,5,2023-12-01,2026-12-31,third_party,estimated
S000502,C00048,F00159,cmp_slurry,381800,1463040,50.8,13,2023-01-01,2027-12-31,public,estimated
S000503,C00053,F00160,lithography,848620,125690400,52.9,58,2024-08-01,2030-12-31,third_party,estimated
S000504,C00054,F00160,lithography,848620,111909600,47.1,63,2024-06-01,2029-12-31,third_party,estimated
S000505,C00055,F00160,etch,848620,178200000,100.0,33,2025-06-01,2028-12-31,public,estimated
S000506,C00070,F00160,deposition,848620,178200000,100.0,21,2025-12-01,2028-12-31,public,estimated
S000507,C00074,F00160,metrology,848620,22275000,22.5,37,2024-03-01,2028-12-31,third_party,estimated
S000508,C00075,F00160,metrology,848620,62865000,63.5,33,2024-11-01,2028-12-31,third_party,estimated
S000509,C00081,F00160,metrology,848620,13860000,14.0,35,2024-02-01,2026-12-31,public,estimated
S000510,C00086,F00160,cleaning,848620,69300000,100.0,36,2024-11-01,2029-12-31,third_party,estimated
S000511,C00088,F00160,ion_implant,848620,11533500,23.3,14,2025-04-01,2027-12-31,third_party,estimated
S000512,C00092,F00160,ion_implant,848620,37966500,76.7,14,2025-11-01,2028-12-31,public,estimated
S000513,C00001,F00160,wafers,381800,58033800,97.7,5,2025-07-01,2029-12-31,third_party,estimated
S000514,C00006,F00160,wafers,381800,1366200,2.3,11,2025-05-01,2031-12-31,third_party,estimated
S000515,C00017,F00160,photoresist,381800,39600000,100.0,9,2024-08-01,2028-12-31,third_party,estimated
S000516,C00022,F00160,specialty_gases,381800,11850300,39.9,2,2025-09-01,2028-12-31,public,estimated
S000517,C00025,F00160,specialty_gases,381800,16453800,55.4,8,2025-05-01,2027-12-31,third_party,estimated
S000518,C00028,F00160,specialty_gases,381800,1395900,4.7,15,2025-01-01,2031-12-31,third_party,estimated
S000519,C00030,F00160,wet_chemicals,381800,22423500,75.5,16,2025-01-01,2028-12-31,third_party,estimated
S000520,C00035,F00160,wet_chemicals,381800,7276500,24.5,9,2025-07-01,2027-12-31,third_party,estimated
S000521,C00046,F00160,cmp_slurry,381800,19800000,100.0,5,2025-06-01,2029-12-31,third_party,estimated
S000522,C00053,F00161,lithography,848620,144707040,77.9,73,2023-10-01,2026-12-31,third_party,estimated
S000523,C00054,F00161,lithography,848620,41052960,22.1,49,2023-01-01,2029-12-31,public,estimated
S000524,C00057,F00161,etch,848620,139320000,100.0,33,2025-09-01,2029-12-31,public,estimated
S000525,C00072,F00161,deposition,848620,139320000,100.0,34,2025-06-01,2030-12-31,third_party,estimated
S000526,C00078,F00161,metrology,848620,42260400,54.6,22,2023-03-01,2025-12-31,third_party,estimated
S000527,C00080,F00161,metrology,848620,35139600,45.4,28,2023-11-01,2028-12-31,third_party,estimated
S000528,C00084,F00161,cleaning,848620,54180000,100.0,40,2022-08-01,2026-12-31,third_party,estimated
S000529,C00091,F00161,ion_implant,848620,2476800,6.4,29,2019-03-01,2021-12-31,public,estimated
S000530,C00092,F00161,ion_implant,848620,36223200,93.6,21,2019-12-01,2024-12-31,third_party,estimated
S000531,C00001,F00161,wafers,381800,23545080,50.7,5,2020-03-01,2026-12-31,third_party,estimated
S000532,C00006,F00161,wafers,381800,22894920,49.3,16,2020-06-01,2022-12-31,third_party,estimated
S000533,C00014,F00161,photoresist,381800,1176480,3.8,9,2021-06-01,2026-12-31,third_party,estimated
S000534,C00017,F00161,photoresist,381800,29783520,96.2,15,2021-04-01,2023-12-31,third_party,estimated
S000535,C00023,F00161,specialty_gases,381800,9427320,40.6,12,2022-09-01,2025-12-31,third_party,estimated
S000536,C00025,F00161,specialty_gases,381800,13792680,59.4,3,2022-05-01,2028-12-31,third_party,estimated
S000537,C00030,F00161,wet_chemicals,381800,9961380,42.9,7,2020-10-01,2026-12-31,public,estimated
S000538,C00032,F00161,wet_chemicals,381800,1857600,8.0,11,2020-11-01,2025-12-31,public,estimated
S000539,C00036,F00161,wet_chemicals,381800,11401020,49.1,6,2020-01-01,2023-12-31,third_party,estimated
S000540,C00046,F00161,cmp_slurry,381800,10154879,65.6,12,2022-01-01,2028-12-31,third_party,estimated
S000541,C00050,F00161,cmp_slurry,381800,5325120,34.4,4,2022-11-01,2027-12-31,third_party,estimated
S000542,C00051,F00162,lithography,848620,120960000,100.0,67,2020-03-01,2022-12-31,third_party,estimated
S000543,C00055,F00162,etch,848620,90720000,100.0,39,2021-04-01,2027-12-31,third_party,estimated
S000544,C00069,F00162,deposition,848620,45541440,50.2,19,2024-05-01,2029-12-31,public,estimated
S000545,C00073,F00162,deposition,848620,45178560,49.8,39,2024-05-01,2026-12-31,third_party,estimated
S000546,C00074,F00162,metrology,848620,9979200,19.8,26,2023-07-01,2028-12-31,public,estimated
S000547,C00078,F00162,metrology,848620,33616800,66.7,38,2023-03-01,2029-12-31,public,estimated
S000548,C00080,F00162,metrology,848620,6804000,13.5,13,2023-10-01,2027-12-31,third_party,estimated
S000549,C00085,F00162,cleaning,848620,23496480,66.6,31,2024-10-01,2030-12-31,third_party,estimated
S000550,C00086,F00162,cleaning,848620,11783520,33.4,18,2024-06-01,2028-12-31,third_party,estimated
S000551,C00090,F00162,ion_implant,848620,10281599,40.8,33,2019-11-01,2023-12-31,third_party,estimated
S000552,C00091,F00162,ion_implant,848620,14918400,59.2,33,2019-06-01,2021-12-31,third_party,estimated
S000553,C00001,F00162,wafers,381800,10100160,33.4,6,2020-06-01,2022-12-31,third_party,estimated
S000554,C00002,F00162,wafers,381800,18779040,62.1,3,2020-03-01,2025-12-31,third_party,estimated
S000555,C00006,F00162,wafers,381800,1360800,4.5,6,2020-11-01,2023-12-31,third_party,estimated
S000556,C00014,F00162,photoresist,381800,7701120,38.2,2,2020-10-01,2026-12-31,third_party,estimated
S000557,C00018,F00162,photoresist,381800,8527680,42.3,9,2020-08-01,2026-12-31,third_party,estimated
S000558,C00019,F00162,photoresist,381800,3931200,19.5,16,2020-06-01,2022-12-31,public,estimated
S000559,C00022,F00162,specialty_gases,381800,15120000,100.0,2,2024-08-01,2028-12-31,third_party,estimated
S000560,C00030,F00162,wet_chemicals,381800,4551120,30.1,4,2017-04-01,2023-12-31,third_party,estimated
S000561,C00032,F00162,wet_chemicals,381800,10568880,69.9,9,2017-04-01,2020-12-31,public,estimated
S000562,C00045,F00162,cmp_slurry,381800,8033760,79.7,8,2023-02-01,2027-12-31,public,estimated
S000563,C00049,F00162,cmp_slurry,381800,2046240,20.3,7,2023-09-01,2027-12-31,third_party,estimated
S000564,C00053,F00163,lithography,848620,231120000,100.0,61,2022-10-01,2028-12-31,third_party,estimated
S000565,C00061,F00163,etch,848620,167099760,96.4,25,2019-10-01,2025-12-31,third_party,estimated
S000566,C00062,F00163,etch,848620,6240240,3.6,35,2019-07-01,2023-12-31,third_party,estimated
S000567,C00069,F00163,deposition,848620,59628960,34.4,23,2021-01-01,2026-12-31,third_party,estimated
S000568,C00073,F00163,deposition,848620,113711039,65.6,11,2021-11-01,2023-12-31,third_party,estimated
S000569,C00079,F00163,metrology,848620,37749600,39.2,23,2023-06-01,2029-12-31,third_party,estimated
S000570,C00081,F00163,metrology,848620,58550400,60.8,13,2023-09-01,2026-12-31,third_party,estimated
S000571,C00086,F00163,cleaning,848620,67410000,100.0,9,2023-11-01,2025-12-31,third_party,estimated
S000572,C00091,F00163,ion_implant,848620,36160649,75.1,40,2025-07-01,2028-12-31,third_party,estimated
S000573,C00092,F00163,ion_implant,848620,11989350,24.9,21,2025-05-01,2031-12-31,third_party,estimated
S000574,C00001,F00163,wafers,381800,28601100,49.5,5,2020-04-01,2026-12-31,public,estimated
S000575,C00007,F00163,wafers,381800,2773440,4.8,12,2020-11-01,2025-12-31,third_party,estimated
S000576,C00008,F00163,wafers,381800,26405460,45.7,10,2020-11-01,2025-12-31,third_party,estimated
S000577,C00018,F00163,photoresist,381800,38520000,100.0,2,2021-08-01,2023-12-31,public,estimated
S000578,C00021,F00163,specialty_gases,381800,13607190,47.1,7,2019-09-01,2022-12-31,third_party,estimated
S000579,C00022,F00163,specialty_gases,381800,5257980,18.2,9,2019-10-01,2024-12-31,public,estimated
S000580,C00026,F00163,specialty_gases,381800,10024830,34.7,16,2019-03-01,2025-12-31,third_party,estimated
S000581,C00029,F00163,wet_chemicals,381800,28890000,100.0,6,2025-10-01,2031-12-31,third_party,estimated
S000582,C00045,F00163,cmp_slurry,381800,8724780,45.3,7,2022-04-01,2026-12-31,third_party,estimated
S000583,C00050,F00163,cmp_slurry,381800,10535220,54.7,5,2022-08-01,2025-12-31,third_party,estimated
S000584,C00053,F00164,lithography,848620,181440000,100.0,44,2023-12-01,2029-12-31,public,estimated
S000585,C00061,F00164,etch,848620,103284720,75.9,18,2018-03-01,2023-12-31,third_party,estimated
S000586,C00062,F00164,etch,848620,32795280,24.1,10,2018-01-01,2024-12-31,third_party,estimated
S000587,C00068,F00164,deposition,848620,115123680,84.6,33,2023-10-01,2027-12-31,third_party,estimated
S000588,C00073,F00164,deposition,848620,20956320,15.4,24,2023-03-01,2027-12-31,third_party,estimated
S000589,C00078,F00164,metrology,848620,56397600,74.6,16,2023-03-01,2025-12-31,public,estimated
S000590,C00080,F00164,metrology,848620,17312400,22.9,14,2023-09-01,2028-12-31,third_party,estimated
S000591,C00081,F00164,metrology,848620,1890000,2.5,40,2023-11-01,2025-12-31,third_party,estimated
S000592,C00085,F00164,cleaning,848620,52920000,100.0,11,2025-03-01,2031-12-31,third_party,estimated
S000593,C00090,F00164,ion_implant,848620,11453400,30.3,30,2018-10-01,2024-12-31,public,estimated
S000594,C00091,F00164,ion_implant,848620,3704400,9.8,18,2018-10-01,2022-12-31,public,estimated
S000595,C00092,F00164,ion_implant,848620,22642200,59.9,8,2018-12-01,2020-12-31,third_party,estimated
S000596,C00001,F00164,wafers,381800,11748240,25.9,12,2019-05-01,2023-12-31,third_party,estimated
S000597,C00003,F00164,wafers,381800,33611759,74.1,16,2019-08-01,2025-12-31,third_party,estimated
S000598,C00014,F00164,photoresist,381800,3054240,10.1,13,2025-04-01,2030-12-31,third_party,estimated
S000599,C00019,F00164,photoresist,381800,27185760,89.9,4,2025-08-01,2031-12-31,third_party,estimated
S000600,C00026,F00164,specialty_gases,381800,22680000,100.0,7,2024-11-01,2026-12-31,third_party,estimated
S000601,C00033,F00164,wet_chemicals,381800,16760520,73.9,16,2019-08-01,2025-12-31,third_party,estimated
S000602,C00036,F00164,wet_chemicals,381800,5919480,26.1,9,2019-06-01,2022-12-31,third_party,estimated
S000603,C00049,F00164,cmp_slurry,381800,2041200,13.5,16,2018-03-01,2024-12-31,third_party,estimated
S000604,C00050,F00164,cmp_slurry,381800,13078800,86.5,16,2018-10-01,2022-12-31,public,estimated
S000605,C00053,F00165,lithography,848620,106168320,51.2,58,2020-06-01,2023-12-31,third_party,estimated
S000606,C00054,F00165,lithography,848620,101191680,48.8,75,2020-03-01,2024-12-31,third_party,estimated
S000607,C00057,F00165,etch,848620,118661760,76.3,22,2021-12-01,2024-12-31,third_party,estimated
S000608,C00058,F00165,etch,848620,36858240,23.7,16,2021-07-01,2026-12-31,third_party,estimated
S000609,C00073,F00165,deposition,848620,155520000,100.0,33,2018-01-01,2022-12-31,third_party,estimated
S000610,C00081,F00165,metrology,848620,86400000,100.0,11,2020-06-01,2026-12-31,third_party,estimated
S000611,C00084,F00165,cleaning,848620,6350400,10.5,38,2020-09-01,2026-12-31,third_party,estimated
S000612,C00086,F00165,cleaning,848620,29211840,48.3,26,2020-03-01,2025-12-31,public,estimated
S000613,C00087,F00165,cleaning,848620,24917760,41.2,31,2020-12-01,2026-12-31,third_party,estimated
S000614,C00090,F00165,ion_implant,848620,12355200,28.6,23,2020-02-01,2024-12-31,third_party,estimated
S000615,C00092,F00165,ion_implant,848620,30844800,71.4,23,2020-12-01,2023-12-31,third_party,estimated
S000616,C00003,F00165,wafers,381800,33073920,63.8,4,2022-03-01,2024-12-31,third_party,estimated
S000617,C00004,F00165,wafers,381800,7413120,14.3,5,2022-06-01,2024-12-31,third_party,estimated
S000618,C00005,F00165,wafers,381800,11352960,21.9,5,2022-07-01,2024-12-31,public,estimated
S000619,C00016,F00165,photoresist,381800,31933440,92.4,8,2020-04-01,2026-12-31,third_party,estimated
S000620,C00020,F00165,photoresist,381800,2626560,7.6,3,2020-01-01,2023-12-31,third_party,estimated
S000621,C00022,F00165,specialty_gases,381800,16899840,65.2,10,2023-11-01,2026-12-31,third_party,estimated
S000622,C00026,F00165,specialty_gases,381800,9020159,34.8,16,2023-05-01,2027-12-31,third_party,estimated
S000623,C00029,F00165,wet_chemicals,381800,19362240,74.7,4,2023-10-01,2026-12-31,third_party,estimated
S000624,C00035,F00165,wet_chemicals,381800,6557760,25.3,8,2023-01-01,2026-12-31,third_party,estimated
S000625,C00047,F00165,cmp_slurry,381800,17280000,100.0,4,2020-12-01,2023-12-31,third_party,estimated
S000626,C00051,F00166,lithography,848620,66692160,49.8,35,2022-03-01,2028-12-31,third_party,estimated
S000627,C00052,F00166,lithography,848620,17811360,13.3,38,2022-12-01,2027-12-31,third_party,estimated
S000628,C00053,F00166,lithography,848620,49416480,36.9,71,2022-05-01,2026-12-31,public,estimated
S000629,C00057,F00166,etch,848620,100440000,100.0,31,2019-01-01,2022-12-31,third_party,estimated
S000630,C00065,F00166,deposition,848620,44896680,44.7,34,2018-12-01,2022-12-31,third_party,estimated
S000631,C00068,F00166,deposition,848620,36560160,36.4,35,2018-10-01,2020-12-31,third_party,estimated
S000632,C00073,F00166,deposition,848620,18983159,18.9,12,2018-09-01,2022-12-31,public,estimated
S000633,C00079,F00166,metrology,848620,23994000,43.0,23,2024-08-01,2027-12-31,public,estimated
S000634,C00080,F00166,metrology,848620,20088000,36.0,36,2024-04-01,2027-12-31,third_party,estimated
S000635,C00081,F00166,metrology,848620,11718000,21.0,19,2024-07-01,2028-12-31,third_party,estimated
S000636,C00086,F00166,cleaning,848620,39060000,100.0,13,2018-08-01,2020-12-31,public,estimated
S000637,C00091,F00166,ion_implant,848620,27900000,100.0,21,2017-02-01,2019-12-31,third_party,estimated
S000638,C00006,F00166,wafers,381800,33480000,100.0,7,2021-01-01,2024-12-31,public,estimated
S000639,C00016,F00166,photoresist,381800,1249919,5.6,3,2018-04-01,2024-12-31,third_party,estimated
S000640,C00019,F00166,photoresist,381800,21070080,94.4,12,2018-06-01,2023-12-31,public,estimated
S000641,C00027,F00166,specialty_gases,381800,16740000,100.0,8,2025-01-01,2030-12-31,third_party,estimated
S000642,C00035,F00166,wet_chemicals,381800,1288980,7.7,9,2025-07-01,2029-12-31,third_party,estimated
S000643,C00036,F00166,wet_chemicals,381800,15451020,92.3,6,2025-03-01,2030-12-31,third_party,estimated
S000644,C00046,F00166,cmp_slurry,381800,5122440,45.9,7,2019-02-01,2025-12-31,third_party,estimated
S000645,C00048,F00166,cmp_slurry,381800,6037560,54.1,10,2019-03-01,2021-12-31,public,estimated
S000646,C00051,F00167,lithography,848620,32400000,100.0,32,2021-03-01,2025-12-31,third_party,estimated
S000647,C00063,F00167,etch,848620,24300000,100.0,38,2024-11-01,2028-12-31,public,estimated
S000648,C00068,F00167,deposition,848620,22526100,92.7,24,2019-06-01,2025-12-31,third_party,estimated
S000649,C00070,F00167,deposition,848620,1773900,7.3,34,2019-11-01,2021-12-31,third_party,estimated
S000650,C00079,F00167,metrology,848620,13500000,100.0,22,2024-03-01,2030-12-31,public,estimated
S000651,C00085,F00167,cleaning,848620,9450000,100.0,24,2017-11-01,2022-12-31,third_party,estimated
S000652,C00092,F00167,ion_implant,848620,6750000,100.0,38,2018-12-01,2023-12-31,third_party,estimated
S000653,C00002,F00167,wafers,381800,4544100,56.1,6,2017-09-01,2023-12-31,third_party,estimated
S000654,C00005,F00167,wafers,381800,3555900,43.9,9,2017-02-01,2019-12-31,third_party,estimated
S000655,C00016,F00167,photoresist,381800,5400000,100.0,8,2017-09-01,2019-12-31,third_party,estimated
S000656,C00021,F00167,specialty_gases,381800,4050000,100.0,15,2022-02-01,2025-12-31,third_party,estimated
S000657,C00035,F00167,wet_chemicals,381800,4050000,100.0,4,2018-09-01,2022-12-31,public,estimated
S000658,C00045,F00167,cmp_slurry,381800,2700000,100.0,10,2018-01-01,2021-12-31,third_party,estimated
S000659,C00053,F00168,lithography,848620,57970080,63.9,63,2023-10-01,2027-12-31,third_party,estimated
S000660,C00054,F00168,lithography,848620,32749920,36.1,53,2023-09-01,2029-12-31,third_party,estimated
S000661,C00063,F00168,etch,848620,68040000,100.0,32,2024-02-01,2027-12-31,third_party,estimated
S000662,C00068,F00168,deposition,848620,14288400,21.0,11,2018-12-01,2021-12-31,third_party,estimated
S000663,C00069,F00168,deposition,848620,53751600,79.0,32,2018-08-01,2022-12-31,third_party,estimated
S000664,C00078,F00168,metrology,848620,28614600,75.7,13,2025-04-01,2027-12-31,third_party,estimated
S000665,C00080,F00168,metrology,848620,9185400,24.3,27,2025-02-01,2027-12-31,third_party,estimated
S000666,C00084,F00168,cleaning,848620,6906060,26.1,27,2017-04-01,2022-12-31,public,estimated
S000667,C00085,F00168,cleaning,848620,19553940,73.9,9,2017-06-01,2019-12-31,third_party,estimated
S000668,C00090,F00168,ion_implant,848620,2702700,14.3,21,2023-11-01,2028-12-31,public,estimated
S000669,C00091,F00168,ion_implant,848620,6520500,34.5,30,2023-11-01,2025-12-31,third_party,estimated
S000670,C00092,F00168,ion_implant,848620,9676800,51.2,32,2023-10-01,2026-12-31,third_party,estimated
S000671,C00001,F00168,wafers,381800,13403880,59.1,14,2025-09-01,2030-12-31,third_party,estimated
S000672,C00004,F00168,wafers,381800,9276120,40.9,10,2025-08-01,2029-12-31,public,estimated
S000673,C00016,F00168,photoresist,381800,15120000,100.0,9,2022-03-01,2024-12-31,public,estimated
S000674,C00021,F00168,specialty_gases,381800,419580,3.7,12,2017-07-01,2023-12-31,third_party,estimated
S000675,C00023,F00168,specialty_gases,381800,10920420,96.3,9,2017-10-01,2023-12-31,third_party,estimated
S000676,C00035,F00168,wet_chemicals,381800,11340000,100.0,16,2019-12-01,2023-12-31,public,estimated
S000677,C00046,F00168,cmp_slurry,381800,7076160,93.6,15,2021-01-01,2026-12-31,public,estimated
S000678,C00048,F00168,cmp_slurry,381800,483840,6.4,5,2021-09-01,2027-12-31,third_party,estimated
S000679,C00051,F00169,lithography,848620,79920000,100.0,40,2024-03-01,2028-12-31,public,estimated
S000680,C00057,F00169,etch,848620,23316660,38.9,16,2021-08-01,2024-12-31,third_party,estimated
S000681,C00061,F00169,etch,848620,14865120,24.8,12,2021-06-01,2025-12-31,public,estimated
S000682,C00063,F00169,etch,848620,21758220,36.3,38,2021-09-01,2026-12-31,public,estimated
S000683,C00069,F00169,deposition,848620,18101880,30.2,30,2021-06-01,2026-12-31,third_party,estimated
S000684,C00073,F00169,deposition,848620,41838120,69.8,23,2021-02-01,2025-12-31,third_party,estimated
S000685,C00076,F00169,metrology,848620,4162500,12.5,18,2025-11-01,2028-12-31,third_party,estimated
S000686,C00077,F00169,metrology,848620,21578400,64.8,13,2025-12-01,2030-12-31,public,estimated
S000687,C00081,F00169,metrology,848620,7559100,22.7,33,2025-12-01,2027-12-31,public,estimated
S000688,C00087,F00169,cleaning,848620,23310000,100.0,17,2025-12-01,2028-12-31,third_party,estimated
S000689,C00092,F00169,ion_implant,848620,16650000,100.0,40,2025-08-01,2027-12-31,public,estimated
S000690,C00001,F00169,wafers,381800,9030960,45.2,4,2021-11-01,2024-12-31,public,estimated
S000691,C00002,F00169,wafers,381800,10949040,54.8,15,2021-04-01,2025-12-31,third_party,estimated
S000692,C00014,F00169,photoresist,381800,7152840,53.7,2,2021-06-01,2026-12-31,third_party,estimated
S000693,C00015,F00169,photoresist,381800,3996000,30.0,9,2021-05-01,2026-12-31,third_party,estimated
S000694,C00020,F00169,photoresist,381800,2171160,16.3,6,2021-12-01,2024-12-31,public,estimated
S000695,C00022,F00169,specialty_gases,381800,5284710,52.9,10,2023-06-01,2028-12-31,third_party,estimated
S000696,C00025,F00169,specialty_gases,381800,4705290,47.1,9,2023-03-01,2027-12-31,public,estimated
S000697,C00030,F00169,wet_chemicals,381800,3246750,32.5,7,2024-03-01,2029-12-31,third_party,estimated
S000698,C00032,F00169,wet_chemicals,381800,6743250,67.5,14,2024-09-01,2029-12-31,third_party,estimated
S000699,C00046,F00169,cmp_slurry,381800,6180480,92.8,4,2025-12-01,2028-12-31,third_party,estimated
S000700,C00047,F00169,cmp_slurry,381800,479520,7.2,9,2025-12-01,2029-12-31,third_party,estimated
S000701,C00051,F00170,lithography,848620,76658400,84.5,42,2021-07-01,2027-12-31,third_party,estimated
S000702,C00052,F00170,lithography,848620,9434880,10.4,73,2021-07-01,2025-12-31,third_party,estimated
S000703,C00054,F00170,lithography,848620,4626719,5.1,69,2021-12-01,2024-12-31,third_party,estimated
S000704,C00057,F00170,etch,848620,67155480,98.7,40,2023-02-01,2028-12-31,third_party,estimated
S000705,C00061,F00170,etch,848620,884520,1.3,19,2023-11-01,2029-12-31,third_party,estimated
S000706,C00068,F00170,deposition,848620,9661680,14.2,9,2024-09-01,2028-12-31,third_party,estimated
S000707,C00073,F00170,deposition,848620,58378320,85.8,23,2024-09-01,2026-12-31,third_party,estimated
S000708,C00078,F00170,metrology,848620,7711200,20.4,21,2021-04-01,2027-12-31,third_party,estimated
S000709,C00080,F00170,metrology,848620,9450000,25.0,21,2021-12-01,2024-12-31,public,estimated
S000710,C00081,F00170,metrology,848620,20638800,54.6,27,2021-04-01,2026-12-31,third_party,estimated
S000711,C00086,F00170,cleaning,848620,2989980,11.3,38,2023-06-01,2027-12-31,public,estimated
S000712,C00087,F00170,cleaning,848620,23470020,88.7,10,2023-02-01,2029-12-31,public,estimated
S000713,C00088,F00170,ion_implant,848620,5991300,31.7,19,2024-09-01,2027-12-31,third_party,estimated
S000714,C00090,F00170,ion_implant,848620,5103000,27.0,33,2024-01-01,2026-12-31,third_party,estimated
S000715,C00091,F00170,ion_implant,848620,7805700,41.3,25,2024-01-01,2029-12-31,third_party,estimated
S000716,C00002,F00170,wafers,381800,4354560,19.2,4,2024-06-01,2027-12-31,third_party,estimated
S000717,C00006,F00170,wafers,381800,2812320,12.4,15,2024-05-01,2030-12-31,third_party,estimated
S000718,C00007,F00170,wafers,381800,15513120,68.4,12,2024-07-01,2029-12-31,third_party,estimated
S000719,C00015,F00170,photoresist,381800,8225280,54.4,11,2021-03-01,2024-12-31,public,estimated
S000720,C00019,F00170,photoresist,381800,6894720,45.6,16,2021-06-01,2023-12-31,third_party,estimated
S000721,C00022,F00170,specialty_gases,381800,2800980,24.7,16,2024-03-01,2030-12-31,third_party,estimated
S000722,C00026,F00170,specialty_gases,381800,8539020,75.3,10,2024-06-01,2027-12-31,third_party,estimated
S000723,C00029,F00170,wet_chemicals,381800,2347380,20.7,9,2022-03-01,2024-12-31,public,estimated
S000724,C00033,F00170,wet_chemicals,381800,1848420,16.3,14,2022-02-01,2025-12-31,third_party,estimated
S000725,C00036,F00170,wet_chemicals,381800,7144200,63.0,5,2022-09-01,2028-12-31,public,estimated
S000726,C00048,F00170,cmp_slurry,381800,6433560,85.1,5,2025-12-01,2027-12-31,third_party,estimated
S000727,C00050,F00170,cmp_slurry,381800,1126440,14.9,10,2025-09-01,2029-12-31,third_party,estimated
S000728,C00051,F00171,lithography,848620,10074240,10.6,68,2017-02-01,2020-12-31,public,estimated
S000729,C00053,F00171,lithography,848620,59400000,62.5,68,2017-04-01,2021-12-31,public,estimated
S000730,C00054,F00171,lithography,848620,25565760,26.9,43,2017-08-01,2021-12-31,public,estimated
S000731,C00059,F00171,etch,848620,71280000,100.0,21,2023-05-01,2027-12-31,public,estimated
S000732,C00070,F00171,deposition,848620,34285680,48.1,30,2022-11-01,2028-12-31,third_party,estimated
S000733,C00071,F00171,deposition,848620,12117600,17.0,29,2022-09-01,2028-12-31,third_party,estimated
S000734,C00073,F00171,deposition,848620,24876720,34.9,31,2022-12-01,2027-12-31,public,estimated
S000735,C00080,F00171,metrology,848620,11959200,30.2,29,2020-03-01,2026-12-31,third_party,estimated
S000736,C00081,F00171,metrology,848620,27640800,69.8,24,2020-05-01,2025-12-31,third_party,estimated
S000737,C00084,F00171,cleaning,848620,27720000,100.0,20,2023-02-01,2029-12-31,third_party,estimated
S000738,C00090,F00171,ion_implant,848620,5385600,27.2,9,2020-06-01,2023-12-31,third_party,estimated
S000739,C00091,F00171,ion_implant,848620,6573600,33.2,13,2020-10-01,2023-12-31,public,estimated
S000740,C00092,F00171,ion_implant,848620,7840800,39.6,21,2020-02-01,2026-12-31,public,estimated
S000741,C00003,F00171,wafers,381800,7294320,30.7,4,2023-01-01,2029-12-31,public,estimated
S000742,C00007,F00171,wafers,381800,16465680,69.3,9,2023-08-01,2029-12-31,third_party,estimated
S000743,C00015,F00171,photoresist,381800,15840000,100.0,16,2022-11-01,2027-12-31,third_party,estimated
S000744,C00026,F00171,specialty_gases,381800,11880000,100.0,14,2020-05-01,2025-12-31,third_party,estimated
S000745,C00036,F00171,wet_chemicals,381800,11880000,100.0,5,2021-05-01,2027-12-31,third_party,estimated
S000746,C00045,F00171,cmp_slurry,381800,1694880,21.4,2,2024-08-01,2029-12-31,third_party,estimated
S000747,C00046,F00171,cmp_slurry,381800,3247200,41.0,13,2024-11-01,2027-12-31,third_party,estimated
S000748,C00049,F00171,cmp_slurry,381800,2977920,37.6,9,2024-12-01,2028-12-31,public,estimated
S000749,C00051,F00172,lithography,848620,16718400,25.8,74,2021-04-01,2023-12-31,public,estimated
S000750,C00052,F00172,lithography,848620,4536000,7.0,30,2021-09-01,2025-12-31,third_party,estimated
S000751,C00054,F00172,lithography,848620,43545600,67.2,58,2021-08-01,2025-12-31,third_party,estimated
S000752,C00057,F00172,etch,848620,48600000,100.0,26,2023-03-01,2026-12-31,third_party,estimated
S000753,C00068,F00172,deposition,848620,4325400,8.9,13,2022-09-01,2028-12-31,public,estimated
S000754,C00071,F00172,deposition,848620,44274600,91.1,39,2022-08-01,2028-12-31,public,estimated
S000755,C00079,F00172,metrology,848620,27000000,100.0,17,2023-12-01,2025-12-31,third_party,estimated
S000756,C00085,F00172,cleaning,848620,5613300,29.7,34,2018-03-01,2023-12-31,third_party,estimated
S000757,C00086,F00172,cleaning,848620,5424300,28.7,17,2018-05-01,2022-12-31,third_party,estimated
S000758,C00087,F00172,cleaning,848620,7862400,41.6,28,2018-05-01,2023-12-31,third_party,estimated
S000759,C00091,F00172,ion_implant,848620,13500000,100.0,14,2018-08-01,2024-12-31,third_party,estimated
S000760,C00004,F00172,wafers,381800,11534400,71.2,6,2019-09-01,2024-12-31,third_party,estimated
S000761,C00007,F00172,wafers,381800,4665600,28.8,3,2019-08-01,2022-12-31,third_party,estimated
S000762,C00014,F00172,photoresist,381800,1630800,15.1,9,2018-09-01,2022-12-31,third_party,estimated
S000763,C00015,F00172,photoresist,381800,4428000,41.0,2,2018-10-01,2023-12-31,third_party,estimated
S000764,C00017,F00172,photoresist,381800,4741200,43.9,13,2018-07-01,2023-12-31,third_party,estimated
S000765,C00021,F00172,specialty_gases,381800,4090500,50.5,9,2021-08-01,2026-12-31,public,estimated
S000766,C00026,F00172,specialty_gases,381800,4009500,49.5,6,2021-11-01,2023-12-31,public,estimated
S000767,C00031,F00172,wet_chemicals,381800,8100000,100.0,5,2023-01-01,2027-12-31,third_party,estimated
S000768,C00046,F00172,cmp_slurry,381800,5400000,100.0,2,2017-04-01,2020-12-31,third_party,estimated
S000769,C00053,F00173,lithography,848620,45619200,32.0,33,2020-01-01,2024-12-31,public,estimated
S000770,C00054,F00173,lithography,848620,96940800,68.0,35,2020-04-01,2022-12-31,third_party,estimated
S000771,C00057,F00173,etch,848620,106920000,100.0,12,2019-07-01,2021-12-31,public,estimated
S000772,C00071,F00173,deposition,848620,45227160,42.3,9,2021-01-01,2026-12-31,third_party,estimated
S000773,C00072,F00173,deposition,848620,30472200,28.5,21,2021-06-01,2023-12-31,third_party,estimated
S000774,C00073,F00173,deposition,848620,31220640,29.2,10,2021-06-01,2024-12-31,third_party,estimated
S000775,C00079,F00173,metrology,848620,19067400,32.1,24,2023-05-01,2029-12-31,third_party,estimated
S000776,C00080,F00173,metrology,848620,40332600,67.9,12,2023-07-01,2028-12-31,public,estimated
S000777,C00084,F00173,cleaning,848620,6153840,14.8,35,2025-10-01,2028-12-31,third_party,estimated
S000778,C00087,F00173,cleaning,848620,35426160,85.2,36,2025-04-01,2029-12-31,third_party,estimated
S000779,C00090,F00173,ion_implant,848620,13662000,46.0,8,2024-10-01,2027-12-31,third_party,estimated
S000780,C00092,F00173,ion_implant,848620,16038000,54.0,30,2024-06-01,2029-12-31,third_party,estimated
S000781,C00001,F00173,wafers,381800,29260440,82.1,4,2023-02-01,2026-12-31,third_party,estimated
S000782,C00002,F00173,wafers,381800,6379560,17.9,13,2023-05-01,2029-12-31,third_party,estimated
S000783,C00014,F00173,photoresist,381800,3516480,14.8,10,2019-02-01,2024-12-31,third_party,estimated
S000784,C00019,F00173,photoresist,381800,20243520,85.2,12,2019-05-01,2022-12-31,third_party,estimated
S000785,C00021,F00173,specialty_gases,381800,6896340,38.7,16,2022-04-01,2024-12-31,third_party,estimated
S000786,C00022,F00173,specialty_gases,381800,4757940,26.7,14,2022-08-01,2025-12-31,third_party,estimated
S000787,C00028,F00173,specialty_gases,381800,6165720,34.6,14,2022-06-01,2025-12-31,third_party,estimated
S000788,C00031,F00173,wet_chemicals,381800,6201360,34.8,2,2018-02-01,2023-12-31,third_party,estimated
S000789,C00032,F00173,wet_chemicals,381800,11618640,65.2,7,2018-12-01,2020-12-31,third_party,estimated
S000790,C00046,F00173,cmp_slurry,381800,11880000,100.0,3,2017-04-01,2021-12-31,public,estimated
S000791,C00053,F00174,lithography,848620,146741760,77.2,74,2022-12-01,2025-12-31,third_party,estimated
S000792,C00054,F00174,lithography,848620,43338240,22.8,70,2022-07-01,2024-12-31,third_party,estimated
S000793,C00063,F00174,etch,848620,142560000,100.0,18,2020-07-01,2022-12-31,third_party,estimated
S000794,C00069,F00174,deposition,848620,46902240,32.9,15,2018-03-01,2020-12-31,third_party,estimated
S000795,C00070,F00174,deposition,848620,21384000,15.0,10,2018-04-01,2023-12-31,public,estimated
S000796,C00073,F00174,deposition,848620,74273760,52.1,10,2018-10-01,2020-12-31,third_party,estimated
S000797,C00080,F00174,metrology,848620,79200000,100.0,27,2022-05-01,2025-12-31,third_party,estimated
S000798,C00085,F00174,cleaning,848620,55440000,100.0,29,2017-09-01,2019-12-31,third_party,estimated
S000799,C00090,F00174,ion_implant,848620,12513600,31.6,9,2024-08-01,2030-12-31,third_party,estimated
S000800,C00091,F00174,ion_implant,848620,11800800,29.8,39,2024-11-01,2026-12-31,third_party,estimated
S000801,C00092,F00174,ion_implant,848620,15285600,38.6,26,2024-03-01,2030-12-31,public,estimated
S000802,C00003,F00174,wafers,381800,47520000,100.0,5,2019-11-01,2022-12-31,third_party,estimated
S000803,C00014,F00174,photoresist,381800,14160960,44.7,13,2024-03-01,2026-12-31,public,estimated
S000804,C00016,F00174,photoresist,381800,6842880,21.6,9,2024-05-01,2029-12-31,third_party,estimated
S000805,C00017,F00174,photoresist,381800,10676160,33.7,9,2024-10-01,2030-12-31,public,estimated
S000806,C00024,F00174,specialty_gases,381800,9266400,39.0,11,2021-02-01,2023-12-31,third_party,estimated
S000807,C00025,F00174,specialty_gases,381800,14493600,61.0,14,2021-11-01,2023-12-31,public,estimated
S000808,C00029,F00174,wet_chemicals,381800,332639,1.4,11,2020-03-01,2024-12-31,third_party,estimated
S000809,C00030,F00174,wet_chemicals,381800,8102160,34.1,7,2020-06-01,2024-12-31,third_party,estimated
S000810,C00031,F00174,wet_chemicals,381800,15325200,64.5,14,2020-10-01,2022-12-31,third_party,estimated
S000811,C00045,F00174,cmp_slurry,381800,8236800,52.0,9,2022-11-01,2028-12-31,third_party,estimated
S000812,C00046,F00174,cmp_slurry,381800,7603200,48.0,3,2022-12-01,2024-12-31,third_party,estimated
S000813,C00052,F00175,lithography,848620,129600000,100.0,44,2019-01-01,2024-12-31,third_party,estimated
S000814,C00055,F00175,etch,848620,54237600,55.8,39,2023-07-01,2025-12-31,public,estimated
S000815,C00058,F00175,etch,848620,42962400,44.2,18,2023-03-01,2026-12-31,third_party,estimated
S000816,C00068,F00175,deposition,848620,52876800,54.4,20,2019-01-01,2023-12-31,third_party,estimated
S000817,C00069,F00175,deposition,848620,29548800,30.4,25,2019-12-01,2022-12-31,third_party,estimated
S000818,C00071,F00175,deposition,848620,14774400,15.2,17,2019-03-01,2025-12-31,third_party,estimated
S000819,C00079,F00175,metrology,848620,6804000,12.6,25,2020-01-01,2023-12-31,third_party,estimated
S000820,C00080,F00175,metrology,848620,47196000,87.4,26,2020-07-01,2024-12-31,third_party,estimated
S000821,C00084,F00175,cleaning,848620,37800000,100.0,13,2020-12-01,2025-12-31,public,estimated
S000822,C00091,F00175,ion_implant,848620,11718000,43.4,31,2020-08-01,2024-12-31,third_party,estimated
S000823,C00092,F00175,ion_implant,848620,15282000,56.6,21,2020-02-01,2026-12-31,public,estimated
S000824,C00002,F00175,wafers,381800,32400000,100.0,11,2021-02-01,2024-12-31,public,estimated
S000825,C00017,F00175,photoresist,381800,12636000,58.5,13,2024-10-01,2030-12-31,third_party,estimated
S000826,C00018,F00175,photoresist,381800,8964000,41.5,10,2024-08-01,2030-12-31,third_party,estimated
S000827,C00021,F00175,specialty_gases,381800,2122200,13.1,13,2021-09-01,2027-12-31,third_party,estimated
S000828,C00025,F00175,specialty_gases,381800,6512400,40.2,4,2021-02-01,2025-12-31,third_party,estimated
S000829,C00026,F00175,specialty_gases,381800,7565400,46.7,7,2021-04-01,2025-12-31,third_party,estimated
S000830,C00030,F00175,wet_chemicals,381800,3612600,22.3,14,2025-06-01,2028-12-31,third_party,estimated
S000831,C00031,F00175,wet_chemicals,381800,11793600,72.8,3,2025-09-01,2027-12-31,third_party,estimated
S000832,C00035,F00175,wet_chemicals,381800,793800,4.9,12,2025-07-01,2027-12-31,third_party,estimated
S000833,C00045,F00175,cmp_slurry,381800,4935600,45.7,16,2021-06-01,2024-12-31,third_party,estimated
S000834,C00046,F00175,cmp_slurry,381800,5864400,54.3,4,2021-05-01,2023-12-31,third_party,estimated
S000835,C00051,F00176,lithography,848620,21580560,10.3,36,2018-09-01,2022-12-31,public,estimated
S000836,C00054,F00176,lithography,848620,187939440,89.7,57,2018-09-01,2021-12-31,third_party,estimated
S000837,C00057,F00176,etch,848620,63484560,40.4,30,2025-12-01,2031-12-31,public,estimated
S000838,C00058,F00176,etch,848620,93655440,59.6,18,2025-12-01,2027-12-31,public,estimated
S000839,C00068,F00176,deposition,848620,150068700,95.5,24,2023-01-01,2029-12-31,third_party,estimated
S000840,C00072,F00176,deposition,848620,7071300,4.5,19,2023-10-01,2029-12-31,third_party,estimated
S000841,C00078,F00176,metrology,848620,24356700,27.9,15,2023-04-01,2025-12-31,public,estimated
S000842,C00080,F00176,metrology,848620,62943299,72.1,29,2023-11-01,2028-12-31,third_party,estimated
S000843,C00084,F00176,cleaning,848620,29821680,48.8,11,2018-12-01,2020-12-31,third_party,estimated
S000844,C00085,F00176,cleaning,848620,31288320,51.2,12,2018-08-01,2021-12-31,third_party,estimated
S000845,C00090,F00176,ion_implant,848620,43650000,100.0,38,2020-12-01,2025-12-31,third_party,estimated
S000846,C00002,F00176,wafers,381800,52380000,100.0,14,2023-01-01,2028-12-31,third_party,estimated
S000847,C00014,F00176,photoresist,381800,16307640,46.7,3,2024-03-01,2030-12-31,third_party,estimated
S000848,C00020,F00176,photoresist,381800,18612360,53.3,6,2024-08-01,2028-12-31,third_party,estimated
S000849,C00025,F00176,specialty_gases,381800,11523600,44.0,4,2020-07-01,2024-12-31,public,estimated
S000850,C00026,F00176,specialty_gases,381800,14666400,56.0,5,2020-09-01,2023-12-31,third_party,estimated
S000851,C00031,F00176,wet_chemicals,381800,5133240,19.6,10,2019-05-01,2023-12-31,third_party,estimated
S000852,C00035,F00176,wet_chemicals,381800,21056760,80.4,12,2019-08-01,2024-12-31,public,estimated
S000853,C00047,F00176,cmp_slurry,381800,17460000,100.0,11,2019-09-01,2025-12-31,public,estimated
S000854,C00053,F00177,lithography,848620,11610000,12.5,75,2019-03-01,2025-12-31,third_party,estimated
S000855,C00054,F00177,lithography,848620,81270000,87.5,70,2019-04-01,2023-12-31,third_party,estimated
S000856,C00062,F00177,etch,848620,47577780,68.3,28,2019-08-01,2023-12-31,third_party,estimated
S000857,C00063,F00177,etch,848620,22082220,31.7,29,2019-06-01,2025-12-31,public,estimated
S000858,C00070,F00177,deposition,848620,69660000,100.0,13,2019-11-01,2022-12-31,public,estimated
S000859,C00079,F00177,metrology,848620,38700000,100.0,15,2023-07-01,2025-12-31,third_party,estimated
S000860,C00084,F00177,cleaning,848620,6176520,22.8,33,2024-03-01,2028-12-31,third_party,estimated
S000861,C00086,F00177,cleaning,848620,7910280,29.2,37,2024-11-01,2030-12-31,public,estimated
S000862,C00087,F00177,cleaning,848620,13003200,48.0,15,2024-02-01,2029-12-31,third_party,estimated
S000863,C00092,F00177,ion_implant,848620,19350000,100.0,33,2025-05-01,2028-12-31,third_party,estimated
S000864,C00006,F00177,wafers,381800,23220000,100.0,12,2021-04-01,2024-12-31,third_party,estimated
S000865,C00015,F00177,photoresist,381800,9860760,63.7,13,2018-05-01,2021-12-31,public,estimated
S000866,C00016,F00177,photoresist,381800,2832840,18.3,2,2018-09-01,2022-12-31,third_party,estimated
S000867,C00018,F00177,photoresist,381800,2786400,18.0,13,2018-10-01,2020-12-31,third_party,estimated
S000868,C00021,F00177,specialty_gases,381800,8335980,71.8,4,2023-03-01,2029-12-31,third_party,estimated
S000869,C00022,F00177,specialty_gases,381800,3274020,28.2,10,2023-11-01,2029-12-31,third_party,estimated
S000870,C00029,F00177,wet_chemicals,381800,2890890,24.9,7,2019-06-01,2024-12-31,third_party,estimated
S000871,C00030,F00177,wet_chemicals,381800,7476840,64.4,13,2019-02-01,2022-12-31,third_party,estimated
S000872,C00036,F00177,wet_chemicals,381800,1242269,10.7,7,2019-04-01,2023-12-31,third_party,estimated
S000873,C00046,F00177,cmp_slurry,381800,4078980,52.7,5,2023-04-01,2027-12-31,third_party,estimated
S000874,C00049,F00177,cmp_slurry,381800,3661020,47.3,14,2023-05-01,2025-12-31,public,estimated
S000875,C00051,F00178,lithography,848620,15238800,8.3,64,2022-11-01,2026-12-31,public,estimated
S000876,C00052,F00178,lithography,848620,135313200,73.7,44,2022-01-01,2027-12-31,public,estimated
S000877,C00054,F00178,lithography,848620,33048000,18.0,45,2022-04-01,2025-12-31,third_party,estimated
S000878,C00057,F00178,etch,848620,137700000,100.0,12,2018-02-01,2024-12-31,public,estimated
S000879,C00072,F00178,deposition,848620,47368800,34.4,21,2023-06-01,2026-12-31,public,estimated
S000880,C00073,F00178,deposition,848620,90331200,65.6,13,2023-10-01,2027-12-31,third_party,estimated
S000881,C00079,F00178,metrology,848620,1683000,2.2,35,2020-06-01,2026-12-31,third_party,estimated
S000882,C00080,F00178,metrology,848620,53244000,69.6,27,2020-04-01,2023-12-31,public,estimated
S000883,C00081,F00178,metrology,848620,21573000,28.2,32,2020-03-01,2026-12-31,third_party,estimated
S000884,C00087,F00178,cleaning,848620,53550000,100.0,27,2023-02-01,2027-12-31,public,estimated
S000885,C00088,F00178,ion_implant,848620,30676500,80.2,35,2017-09-01,2023-12-31,third_party,estimated
S000886,C00090,F00178,ion_implant,848620,7573500,19.8,38,2017-11-01,2019-12-31,third_party,estimated
S000887,C00001,F00178,wafers,381800,44201700,96.3,16,2023-05-01,2025-12-31,public,estimated
S000888,C00007,F00178,wafers,381800,1698300,3.7,6,2023-10-01,2025-12-31,third_party,estimated
S000889,C00015,F00178,photoresist,381800,3335400,10.9,16,2019-05-01,2021-12-31,third_party,estimated
S000890,C00016,F00178,photoresist,381800,27264600,89.1,2,2019-09-01,2025-12-31,public,estimated
S000891,C00023,F00178,specialty_gases,381800,22605750,98.5,13,2023-12-01,2028-12-31,third_party,estimated
S000892,C00026,F00178,specialty_gases,381800,344250,1.5,15,2023-06-01,2027-12-31,public,estimated
S000893,C00031,F00178,wet_chemicals,381800,13884750,60.5,8,2020-09-01,2026-12-31,third_party,estimated
S000894,C00034,F00178,wet_chemicals,381800,9065250,39.5,9,2020-07-01,2023-12-31,third_party,estimated
S000895,C00045,F00178,cmp_slurry,381800,856800,5.6,3,2022-10-01,2026-12-31,public,estimated
S000896,C00047,F00178,cmp_slurry,381800,14443200,94.4,16,2022-01-01,2028-12-31,public,estimated
S000897,C00052,F00179,lithography,848620,23382000,43.3,70,2017-12-01,2023-12-31,public,estimated
S000898,C00054,F00179,lithography,848620,30618000,56.7,75,2017-11-01,2022-12-31,third_party,estimated
S000899,C00062,F00179,etch,848620,40500000,100.0,24,2025-03-01,2027-12-31,third_party,estimated
S000900,C00064,F00179,deposition,848620,12190500,30.1,16,2021-03-01,2026-12-31,third_party,estimated
S000901,C00068,F00179,deposition,848620,9801000,24.2,22,2021-05-01,2024-12-31,third_party,estimated
S000902,C00072,F00179,deposition,848620,18508500,45.7,29,2021-05-01,2027-12-31,third_party,estimated
S000903,C00074,F00179,metrology,848620,14715000,65.4,23,2017-09-01,2020-12-31,third_party,estimated
S000904,C00075,F00179,metrology,848620,4162500,18.5,9,2017-02-01,2020-12-31,third_party,estimated
S000905,C00078,F00179,metrology,848620,3622500,16.1,36,2017-07-01,2019-12-31,public,estimated
S000906,C00084,F00179,cleaning,848620,6331500,40.2,27,2017-01-01,2020-12-31,public,estimated
S000907,C00087,F00179,cleaning,848620,9418500,59.8,33,2017-02-01,2022-12-31,third_party,estimated
S000908,C00091,F00179,ion_implant,848620,9438750,83.9,12,2025-01-01,2029-12-31,public,estimated
S000909,C00092,F00179,ion_implant,848620,1811250,16.1,25,2025-10-01,2029-12-31,third_party,estimated
S000910,C00005,F00179,wafers,381800,418500,3.1,10,2022-05-01,2027-12-31,third_party,estimated
S000911,C00007,F00179,wafers,381800,4995000,37.0,11,2022-07-01,2028-12-31,third_party,estimated
S000912,C00009,F00179,wafers,381800,8086500,59.9,12,2022-03-01,2025-12-31,third_party,estimated
S000913,C00014,F00179,photoresist,381800,7092000,78.8,5,2025-09-01,2027-12-31,third_party,estimated
S000914,C00016,F00179,photoresist,381800,1908000,21.2,6,2025-03-01,2028-12-31,public,estimated
S000915,C00028,F00179,specialty_gases,381800,6750000,100.0,9,2025-11-01,2029-12-31,third_party,estimated
S000916,C00029,F00179,wet_chemicals,381800,4691250,69.5,11,2020-02-01,2026-12-31,third_party,estimated
S000917,C00032,F00179,wet_chemicals,381800,2058750,30.5,5,2020-09-01,2022-12-31,third_party,estimated
S000918,C00046,F00179,cmp_slurry,381800,2331000,51.8,11,2018-11-01,2024-12-31,third_party,estimated
S000919,C00048,F00179,cmp_slurry,381800,2169000,48.2,14,2018-12-01,2020-12-31,third_party,estimated
S000920,C00054,F00180,lithography,848620,133920000,100.0,36,2017-12-01,2023-12-31,third_party,estimated
S000921,C00058,F00180,etch,848620,82159920,81.8,35,2022-07-01,2026-12-31,third_party,estimated
S000922,C00060,F00180,etch,848620,18280080,18.2,29,2022-06-01,2028-12-31,third_party,estimated
S000923,C00069,F00180,deposition,848620,39573360,39.4,30,2021-06-01,2023-12-31,third_party,estimated
S000924,C00073,F00180,deposition,848620,60866640,60.6,24,2021-03-01,2023-12-31,third_party,estimated
S000925,C00076,F00180,metrology,848620,55800000,100.0,15,2023-08-01,2025-12-31,third_party,estimated
S000926,C00085,F00180,cleaning,848620,39060000,100.0,12,2017-06-01,2021-12-31,public,estimated
S000927,C00090,F00180,ion_implant,848620,6333300,22.7,28,2020-10-01,2023-12-31,third_party,estimated
S000928,C00091,F00180,ion_implant,848620,21566700,77.3,33,2020-12-01,2025-12-31,third_party,estimated
S000929,C00007,F00180,wafers,381800,17108280,51.1,3,2020-08-01,2022-12-31,public,estimated
S000930,C00008,F00180,wafers,381800,16371720,48.9,2,2020-04-01,2024-12-31,third_party,estimated
S000931,C00014,F00180,photoresist,381800,15043680,67.4,11,2020-11-01,2026-12-31,third_party,estimated
S000932,C00017,F00180,photoresist,381800,7276320,32.6,5,2020-03-01,2025-12-31,third_party,estimated
S000933,C00025,F00180,specialty_gases,381800,16740000,100.0,14,2025-12-01,2029-12-31,third_party,estimated
S000934,C00029,F00180,wet_chemicals,381800,2628180,15.7,3,2021-01-01,2025-12-31,public,estimated
S000935,C00032,F00180,wet_chemicals,381800,13693320,81.8,6,2021-08-01,2025-12-31,public,estimated
S000936,C00036,F00180,wet_chemicals,381800,418500,2.5,3,2021-12-01,2027-12-31,public,estimated
S000937,C00045,F00180,cmp_slurry,381800,11160000,100.0,7,2025-11-01,2028-12-31,third_party,estimated
S000938,C00051,F00181,lithography,848620,14580000,45.0,44,2025-07-01,2030-12-31,third_party,estimated
S000939,C00052,F00181,lithography,848620,16653600,51.4,34,2025-06-01,2030-12-31,third_party,estimated
S000940,C00054,F00181,lithography,848620,1166400,3.6,43,2025-04-01,2028-12-31,public,estimated
S000941,C00060,F00181,etch,848620,24300000,100.0,39,2017-12-01,2019-12-31,third_party,estimated
S000942,C00068,F00181,deposition,848620,12052800,49.6,23,2017-04-01,2019-12-31,third_party,estimated
S000943,C00071,F00181,deposition,848620,12247200,50.4,22,2017-07-01,2022-12-31,third_party,estimated
S000944,C00078,F00181,metrology,848620,13500000,100.0,31,2018-01-01,2024-12-31,third_party,estimated
S000945,C00086,F00181,cleaning,848620,5859000,62.0,38,2018-02-01,2024-12-31,third_party,estimated
S000946,C00087,F00181,cleaning,848620,3591000,38.0,21,2018-02-01,2021-12-31,public,estimated
S000947,C00090,F00181,ion_implant,848620,4677750,69.3,35,2025-08-01,2028-12-31,third_party,estimated
S000948,C00091,F00181,ion_implant,848620,1241999,18.4,38,2025-03-01,2027-12-31,third_party,estimated
S000949,C00092,F00181,ion_implant,848620,830250,12.3,12,2025-02-01,2027-12-31,third_party,estimated
S000950,C00005,F00181,wafers,381800,6552900,80.9,8,2017-12-01,2021-12-31,third_party,estimated
S000951,C00007,F00181,wafers,381800,1547100,19.1,14,2017-11-01,2019-12-31,public,estimated
S000952,C00016,F00181,photoresist,381800,5400000,100.0,8,2017-01-01,2020-12-31,third_party,estimated
S000953,C00027,F00181,specialty_gases,381800,1332450,32.9,12,2018-02-01,2023-12-31,third_party,estimated
S000954,C00028,F00181,specialty_gases,381800,2717550,67.1,14,2018-12-01,2021-12-31,third_party,estimated
S000955,C00036,F00181,wet_chemicals,381800,4050000,100.0,9,2020-02-01,2026-12-31,third_party,estimated
S000956,C00045,F00181,cmp_slurry,381800,2700000,100.0,12,2019-12-01,2024-12-31,third_party,estimated
S000957,C00053,F00182,lithography,848620,177487200,83.0,78,2017-12-01,2023-12-31,public,estimated
S000958,C00054,F00182,lithography,848620,36352800,17.0,35,2017-05-01,2020-12-31,third_party,estimated
S000959,C00060,F00182,etch,848620,20047500,12.5,34,2019-01-01,2023-12-31,third_party,estimated
S000960,C00063,F00182,etch,848620,140332500,87.5,29,2019-11-01,2021-12-31,third_party,estimated
S000961,C00070,F00182,deposition,848620,147068460,91.7,29,2024-08-01,2026-12-31,third_party,estimated
S000962,C00072,F00182,deposition,848620,13311540,8.3,38,2024-05-01,2029-12-31,third_party,estimated
S000963,C00080,F00182,metrology,848620,17909100,20.1,40,2019-09-01,2022-12-31,third_party,estimated
S000964,C00081,F00182,metrology,848620,71190900,79.9,28,2019-12-01,2024-12-31,third_party,estimated
S000965,C00085,F00182,cleaning,848620,18149670,29.1,32,2021-06-01,2024-12-31,public,estimated
S000966,C00087,F00182,cleaning,848620,44220330,70.9,13,2021-04-01,2024-12-31,public,estimated
S000967,C00090,F00182,ion_implant,848620,44550000,100.0,33,2023-10-01,2029-12-31,third_party,estimated
S000968,C00002,F00182,wafers,381800,53460000,100.0,10,2017-03-01,2021-12-31,third_party,estimated
S000969,C00017,F00182,photoresist,381800,35640000,100.0,4,2025-05-01,2031-12-31,third_party,estimated
S000970,C00023,F00182,specialty_gases,381800,1683990,6.3,5,2024-07-01,2030-12-31,public,estimated
S000971,C00025,F00182,specialty_gases,381800,20421720,76.4,2,2024-03-01,2026-12-31,public,estimated
S000972,C00026,F00182,specialty_gases,381800,4624290,17.3,7,2024-09-01,2026-12-31,public,estimated
S000973,C00029,F00182,wet_chemicals,381800,23468940,87.8,3,2019-04-01,2022-12-31,third_party,estimated
S000974,C00030,F00182,wet_chemicals,381800,3261060,12.2,4,2019-07-01,2022-12-31,public,estimated
S000975,C00045,F00182,cmp_slurry,381800,4062960,22.8,5,2023-11-01,2028-12-31,third_party,estimated
S000976,C00046,F00182,cmp_slurry,381800,13757040,77.2,9,2023-05-01,2025-12-31,public,estimated
S000977,C00054,F00183,lithography,848620,213840000,100.0,27,2022-03-01,2024-12-31,third_party,estimated
S000978,C00057,F00183,etch,848620,55812240,34.8,10,2023-10-01,2028-12-31,third_party,estimated
S000979,C00059,F00183,etch,848620,36406260,22.7,24,2023-05-01,2029-12-31,third_party,estimated
S000980,C00060,F00183,etch,848620,68161500,42.5,40,2023-07-01,2028-12-31,third_party,estimated
S000981,C00070,F00183,deposition,848620,66878460,41.7,26,2022-11-01,2027-12-31,public,estimated
S000982,C00072,F00183,deposition,848620,93501540,58.3,11,2022-02-01,2028-12-31,third_party,estimated
S000983,C00079,F00183,metrology,848620,89100000,100.0,17,2025-05-01,2028-12-31,third_party,estimated
S000984,C00084,F00183,cleaning,848620,36923040,59.2,36,2023-10-01,2026-12-31,third_party,estimated
S000985,C00085,F00183,cleaning,848620,25446960,40.8,26,2023-11-01,2026-12-31,third_party,estimated
S000986,C00088,F00183,ion_implant,848620,19602000,44.0,30,2018-04-01,2021-12-31,public,estimated
S000987,C00091,F00183,ion_implant,848620,10157400,22.8,29,2018-08-01,2023-12-31,public,estimated
S000988,C00092,F00183,ion_implant,848620,14790600,33.2,33,2018-05-01,2023-12-31,third_party,estimated
S000989,C00001,F00183,wafers,381800,45066780,84.3,8,2023-02-01,2028-12-31,third_party,estimated
S000990,C00006,F00183,wafers,381800,8393220,15.7,12,2023-05-01,2028-12-31,third_party,estimated
S000991,C00015,F00183,photoresist,381800,11190960,31.4,14,2017-02-01,2019-12-31,third_party,estimated
S000992,C00018,F00183,photoresist,381800,24449040,68.6,3,2017-05-01,2022-12-31,third_party,estimated
S000993,C00025,F00183,specialty_gases,381800,12883860,48.2,15,2019-02-01,2025-12-31,third_party,estimated
S000994,C00026,F00183,specialty_gases,381800,13846140,51.8,10,2019-01-01,2024-12-31,third_party,estimated
S000995,C00029,F00183,wet_chemicals,381800,14968800,56.0,14,2018-02-01,2022-12-31,third_party,estimated
S000996,C00030,F00183,wet_chemicals,381800,2512620,9.4,4,2018-06-01,2024-12-31,public,estimated
S000997,C00031,F00183,wet_chemicals,381800,9248580,34.6,8,2018-08-01,2020-12-31,third_party,estimated
S000998,C00050,F00183,cmp_slurry,381800,17820000,100.0,15,2021-08-01,2027-12-31,third_party,estimated
S000999,C00051,F00184,lithography,848620,142300800,73.2,74,2022-07-01,2028-12-31,third_party,estimated
S001000,C00052,F00184,lithography,848620,33825599,17.4,59,2022-06-01,2025-12-31,third_party,estimated
S001001,C00053,F00184,lithography,848620,18273600,9.4,35,2022-06-01,2025-12-31,third_party,estimated
S001002,C00061,F00184,etch,848620,76399200,52.4,21,2024-07-01,2028-12-31,third_party,estimated
S001003,C00062,F00184,etch,848620,69400800,47.6,33,2024-05-01,2027-12-31,public,estimated
S001004,C00073,F00184,deposition,848620,145800000,100.0,17,2023-07-01,2027-12-31,third_party,estimated
S001005,C00078,F00184,metrology,848620,43335000,53.5,14,2019-09-01,2022-12-31,third_party,estimated
S001006,C00081,F00184,metrology,848620,37665000,46.5,27,2019-12-01,2023-12-31,third_party,estimated
S001007,C00083,F00184,cleaning,848620,43035300,75.9,9,2017-06-01,2022-12-31,third_party,estimated
S001008,C00084,F00184,cleaning,848620,11963700,21.1,31,2017-01-01,2023-12-31,third_party,estimated
S001009,C00087,F00184,cleaning,848620,1701000,3.0,39,2017-03-01,2023-12-31,third_party,estimated
S001010,C00090,F00184,ion_implant,848620,7087500,17.5,23,2020-08-01,2026-12-31,third_party,estimated
S001011,C00091,F00184,ion_implant,848620,11461500,28.3,32,2020-06-01,2024-12-31,public,estimated
S001012,C00092,F00184,ion_implant,848620,21951000,54.2,30,2020-03-01,2026-12-31,third_party,estimated
S001013,C00008,F00184,wafers,381800,48600000,100.0,16,2024-04-01,2030-12-31,third_party,estimated
S001014,C00014,F00184,photoresist,381800,4892400,15.1,5,2023-08-01,2026-12-31,third_party,estimated
S001015,C00015,F00184,photoresist,381800,5572800,17.2,2,2023-03-01,2026-12-31,third_party,estimated
S001016,C00020,F00184,photoresist,381800,21934800,67.7,8,2023-12-01,2028-12-31,third_party,estimated
S001017,C00025,F00184,specialty_gases,381800,17739000,73.0,6,2022-06-01,2025-12-31,third_party,estimated
S001018,C00026,F00184,specialty_gases,381800,753300,3.1,13,2022-09-01,2024-12-31,third_party,estimated
S001019,C00028,F00184,specialty_gases,381800,5807700,23.9,5,2022-11-01,2025-12-31,third_party,estimated
S001020,C00032,F00184,wet_chemicals,381800,17787600,73.2,10,2023-08-01,2028-12-31,third_party,estimated
S001021,C00033,F00184,wet_chemicals,381800,6512400,26.8,13,2023-04-01,2025-12-31,third_party,estimated
S001022,C00045,F00184,cmp_slurry,381800,3645000,22.5,3,2024-05-01,2026-12-31,third_party,estimated
S001023,C00048,F00184,cmp_slurry,381800,10141200,62.6,2,2024-05-01,2027-12-31,public,estimated
S001024,C00049,F00184,cmp_slurry,381800,2413800,14.9,15,2024-02-01,2027-12-31,public,estimated
S001025,C00053,F00185,lithography,848620,31959360,82.2,29,2023-09-01,2028-12-31,third_party,estimated
S001026,C00054,F00185,lithography,848620,6920640,17.8,52,2023-10-01,2027-12-31,third_party,estimated
S001027,C00057,F00185,etch,848620,9506160,32.6,8,2025-01-01,2027-12-31,third_party,estimated
S001028,C00060,F00185,etch,848620,19653840,67.4,17,2025-03-01,2028-12-31,third_party,estimated
S001029,C00068,F00185,deposition,848620,14200920,48.7,39,2024-02-01,2028-12-31,third_party,estimated
S001030,C00070,F00185,deposition,848620,14959080,51.3,15,2024-08-01,2030-12-31,third_party,estimated
S001031,C00080,F00185,metrology,848620,14968800,92.4,10,2023-07-01,2029-12-31,public,estimated
S001032,C00081,F00185,metrology,848620,1231200,7.6,35,2023-09-01,2026-12-31,third_party,estimated
S001033,C00085,F00185,cleaning,848620,5624640,49.6,25,2024-07-01,2027-12-31,third_party,estimated
S001034,C00087,F00185,cleaning,848620,5715360,50.4,31,2024-06-01,2028-12-31,third_party,estimated
S001035,C00091,F00185,ion_implant,848620,8100000,100.0,35,2025-02-01,2028-12-31,third_party,estimated
S001036,C00003,F00185,wafers,381800,583200,6.0,16,2025-02-01,2029-12-31,third_party,estimated
S001037,C00005,F00185,wafers,381800,3052080,31.4,11,2025-11-01,2029-12-31,public,estimated
S001038,C00009,F00185,wafers,381800,6084720,62.6,12,2025-08-01,2028-12-31,third_party,estimated
S001039,C00015,F00185,photoresist,381800,3829680,59.1,10,2025-09-01,2031-12-31,third_party,estimated
S001040,C00018,F00185,photoresist,381800,2650320,40.9,8,2025-01-01,2027-12-31,third_party,estimated
S001041,C00021,F00185,specialty_gases,381800,3280500,67.5,7,2024-09-01,2028-12-31,third_party,estimated
S001042,C00026,F00185,specialty_gases,381800,1579500,32.5,15,2024-04-01,2029-12-31,public,estimated
S001043,C00032,F00185,wet_chemicals,381800,592920,12.2,16,2023-02-01,2025-12-31,public,estimated
S001044,C00035,F00185,wet_chemicals,381800,4267080,87.8,5,2023-10-01,2028-12-31,public,estimated
S001045,C00045,F00185,cmp_slurry,381800,2012040,62.1,13,2023-04-01,2029-12-31,third_party,estimated
S001046,C00046,F00185,cmp_slurry,381800,1111319,34.3,13,2023-10-01,2029-12-31,public,estimated
S001047,C00049,F00185,cmp_slurry,381800,116640,3.6,7,2023-10-01,2027-12-31,public,estimated
S001048,C00051,F00186,lithography,848620,71416080,32.1,31,2018-05-01,2021-12-31,third_party,estimated
S001049,C00052,F00186,lithography,848620,145056960,65.2,26,2018-02-01,2023-12-31,public,estimated
S001050,C00053,F00186,lithography,848620,6006960,2.7,78,2018-09-01,2022-12-31,third_party,estimated
S001051,C00059,F00186,etch,848620,166860000,100.0,40,2017-07-01,2020-12-31,public,estimated
S001052,C00070,F00186,deposition,848620,58734720,35.2,36,2023-09-01,2028-12-31,third_party,estimated
S001053,C00071,F00186,deposition,848620,39212100,23.5,13,2023-09-01,2027-12-31,third_party,estimated
S001054,C00072,F00186,deposition,848620,68913180,41.3,14,2023-03-01,2028-12-31,third_party,estimated
S001055,C00079,F00186,metrology,848620,92700000,100.0,14,2023-05-01,2027-12-31,third_party,estimated
S001056,C00084,F00186,cleaning,848620,28681380,44.2,27,2024-04-01,2027-12-31,third_party,estimated
S001057,C00085,F00186,cleaning,848620,16741620,25.8,38,2024-10-01,2027-12-31,third_party,estimated
S001058,C00087,F00186,cleaning,848620,19467000,30.0,34,2024-06-01,2030-12-31,public,estimated
S001059,C00090,F00186,ion_implant,848620,37821599,81.6,40,2024-06-01,2029-12-31,third_party,estimated
S001060,C00091,F00186,ion_implant,848620,7833149,16.9,28,2024-04-01,2026-12-31,third_party,estimated
S001061,C00092,F00186,ion_implant,848620,695250,1.5,39,2024-03-01,2028-12-31,third_party,estimated
S001062,C00004,F00186,wafers,381800,55620000,100.0,15,2017-06-01,2019-12-31,third_party,estimated
S001063,C00015,F00186,photoresist,381800,11754360,31.7,6,2022-01-01,2024-12-31,third_party,estimated
S001064,C00016,F00186,photoresist,381800,25325640,68.3,13,2022-11-01,2024-12-31,third_party,estimated
S001065,C00026,F00186,specialty_gases,381800,27810000,100.0,4,2022-12-01,2024-12-31,third_party,estimated
S001066,C00032,F00186,wet_chemicals,381800,27810000,100.0,15,2025-08-01,2031-12-31,third_party,estimated
S001067,C00046,F00186,cmp_slurry,381800,18540000,100.0,15,2018-01-01,2022-12-31,third_party,estimated
S001068,C00053,F00187,lithography,848620,127638720,74.8,62,2024-09-01,2028-12-31,third_party,estimated
S001069,C00054,F00187,lithography,848620,43001280,25.2,57,2024-11-01,2029-12-31,public,estimated
S001070,C00057,F00187,etch,848620,61558380,48.1,15,2025-12-01,2028-12-31,third_party,estimated
S001071,C00062,F00187,etch,848620,66421620,51.9,37,2025-10-01,2030-12-31,third_party,estimated
S001072,C00064,F00187,deposition,848620,118381500,92.5,32,2023-08-01,2027-12-31,public,estimated
S001073,C00068,F00187,deposition,848620,9598500,7.5,14,2023-12-01,2028-12-31,third_party,estimated
S001074,C00079,F00187,metrology,848620,71100000,100.0,34,2024-05-01,2027-12-31,third_party,estimated
S001075,C00084,F00187,cleaning,848620,7117110,14.3,11,2025-02-01,2031-12-31,third_party,estimated
S001076,C00086,F00187,cleaning,848620,42254730,84.9,13,2025-11-01,2028-12-31,third_party,estimated
S001077,C00087,F00187,cleaning,848620,398160,0.8,27,2025-09-01,2028-12-31,third_party,estimated
S001078,C00090,F00187,ion_implant,848620,15677550,44.1,33,2024-08-01,2030-12-31,public,estimated
S001079,C00091,F00187,ion_implant,848620,3803850,10.7,29,2024-01-01,2029-12-31,third_party,estimated
S001080,C00092,F00187,ion_implant,848620,16068600,45.2,24,2024-02-01,2029-12-31,third_party,estimated
S001081,C00001,F00187,wafers,381800,31867020,74.7,9,2023-11-01,2029-12-31,third_party,estimated
S001082,C00002,F00187,wafers,381800,10792980,25.3,2,2023-10-01,2028-12-31,third_party,estimated
S001083,C00015,F00187,photoresist,381800,28440000,100.0,14,2024-10-01,2027-12-31,public,estimated
S001084,C00025,F00187,specialty_gases,381800,10110420,47.4,15,2024-01-01,2028-12-31,third_party,estimated
S001085,C00028,F00187,specialty_gases,381800,11219580,52.6,4,2024-08-01,2030-12-31,third_party,estimated
S001086,C00032,F00187,wet_chemicals,381800,14717700,69.0,6,2024-04-01,2028-12-31,third_party,estimated
S001087,C00033,F00187,wet_chemicals,381800,4457969,20.9,4,2024-01-01,2030-12-31,third_party,estimated
S001088,C00035,F00187,wet_chemicals,381800,2154330,10.1,11,2024-12-01,2029-12-31,public,estimated
S001089,C00046,F00187,cmp_slurry,381800,12271860,86.3,14,2023-10-01,2028-12-31,third_party,estimated
S001090,C00048,F00187,cmp_slurry,381800,1948140,13.7,13,2023-12-01,2028-12-31,third_party,estimated
S001091,C00051,F00188,lithography,848620,222480000,100.0,28,2023-01-01,2027-12-31,third_party,estimated
S001092,C00057,F00188,etch,848620,67077720,40.2,40,2023-01-01,2028-12-31,third_party,estimated
S001093,C00063,F00188,etch,848620,99782280,59.8,10,2023-07-01,2025-12-31,public,estimated
S001094,C00068,F00188,deposition,848620,110628180,66.3,40,2025-04-01,2031-12-31,third_party,estimated
S001095,C00072,F00188,deposition,848620,56231820,33.7,33,2025-04-01,2029-12-31,third_party,estimated
S001096,C00078,F00188,metrology,848620,59698800,64.4,33,2022-03-01,2028-12-31,public,estimated
S001097,C00080,F00188,metrology,848620,33001200,35.6,10,2022-08-01,2027-12-31,public,estimated
S001098,C00086,F00188,cleaning,848620,16741620,25.8,34,2018-03-01,2021-12-31,third_party,estimated
S001099,C00087,F00188,cleaning,848620,48148380,74.2,25,2018-09-01,2024-12-31,public,estimated
S001100,C00090,F00188,ion_implant,848620,18308250,39.5,40,2025-02-01,2027-12-31,third_party,estimated
S001101,C00091,F00188,ion_implant,848620,26095050,56.3,35,2025-07-01,2027-12-31,third_party,estimated
S001102,C00092,F00188,ion_implant,848620,1946700,4.2,31,2025-08-01,2028-12-31,public,estimated
S001103,C00002,F00188,wafers,381800,23193540,41.7,12,2020-03-01,2022-12-31,third_party,estimated
S001104,C00006,F00188,wafers,381800,26308260,47.3,3,2020-04-01,2023-12-31,third_party,estimated
S001105,C00007,F00188,wafers,381800,6118200,11.0,14,2020-12-01,2025-12-31,third_party,estimated
S001106,C00014,F00188,photoresist,381800,37080000,100.0,7,2019-10-01,2022-12-31,third_party,estimated
S001107,C00021,F00188,specialty_gases,381800,7258410,26.1,8,2019-08-01,2025-12-31,public,estimated
S001108,C00022,F00188,specialty_gases,381800,15879510,57.1,15,2019-07-01,2023-12-31,public,estimated
S001109,C00025,F00188,specialty_gases,381800,4672080,16.8,12,2019-11-01,2024-12-31,third_party,estimated
S001110,C00031,F00188,wet_chemicals,381800,556200,2.0,12,2023-04-01,2026-12-31,third_party,estimated
S001111,C00034,F00188,wet_chemicals,381800,14127480,50.8,6,2023-09-01,2026-12-31,third_party,estimated
S001112,C00036,F00188,wet_chemicals,381800,13126320,47.2,4,2023-12-01,2027-12-31,third_party,estimated
S001113,C00045,F00188,cmp_slurry,381800,16074180,86.7,9,2020-08-01,2025-12-31,public,estimated
S001114,C00048,F00188,cmp_slurry,381800,2465820,13.3,15,2020-08-01,2023-12-31,public,estimated
S001115,C00054,F00189,lithography,848620,123120000,100.0,66,2025-05-01,2029-12-31,public,estimated
S001116,C00057,F00189,etch,848620,43307460,46.9,19,2025-09-01,2030-12-31,public,estimated
S001117,C00062,F00189,etch,848620,49032540,53.1,15,2025-10-01,2030-12-31,third_party,estimated
S001118,C00069,F00189,deposition,848620,56973780,61.7,34,2024-10-01,2027-12-31,third_party,estimated
S001119,C00072,F00189,deposition,848620,35366219,38.3,22,2024-12-01,2030-12-31,public,estimated
S001120,C00078,F00189,metrology,848620,20007000,39.0,30,2020-03-01,2026-12-31,public,estimated
S001121,C00080,F00189,metrology,848620,13697100,26.7,34,2020-12-01,2024-12-31,public,estimated
S001122,C00081,F00189,metrology,848620,17595899,34.3,33,2020-04-01,2025-12-31,third_party,estimated
S001123,C00087,F00189,cleaning,848620,35910000,100.0,19,2020-03-01,2023-12-31,public,estimated
S001124,C00091,F00189,ion_implant,848620,4180950,16.3,9,2025-06-01,2029-12-31,third_party,estimated
S001125,C00092,F00189,ion_implant,848620,21469050,83.7,26,2025-02-01,2030-12-31,third_party,estimated
S001126,C00005,F00189,wafers,381800,27394200,89.0,12,2018-08-01,2021-12-31,public,estimated
S001127,C00006,F00189,wafers,381800,3385800,11.0,12,2018-08-01,2021-12-31,third_party,estimated
S001128,C00014,F00189,photoresist,381800,5171040,25.2,9,2022-08-01,2026-12-31,third_party,estimated
S001129,C00015,F00189,photoresist,381800,12004200,58.5,7,2022-03-01,2026-12-31,third_party,estimated
S001130,C00016,F00189,photoresist,381800,3344760,16.3,14,2022-11-01,2024-12-31,third_party,estimated
S001131,C00026,F00189,specialty_gases,381800,9957330,64.7,6,2018-04-01,2024-12-31,public,estimated
S001132,C00028,F00189,specialty_gases,381800,5432670,35.3,9,2018-05-01,2020-12-31,third_party,estimated
S001133,C00031,F00189,wet_chemicals,381800,15390000,100.0,4,2021-11-01,2025-12-31,third_party,estimated
S001134,C00048,F00189,cmp_slurry,381800,10260000,100.0,5,2019-10-01,2022-12-31,third_party,estimated
S001135,C00053,F00190,lithography,848620,34560000,100.0,26,2024-07-01,2028-12-31,public,estimated
S001136,C00059,F00190,etch,848620,1140480,4.4,33,2023-07-01,2025-12-31,public,estimated
S001137,C00061,F00190,etch,848620,20891519,80.6,33,2023-10-01,2027-12-31,third_party,estimated
S001138,C00063,F00190,etch,848620,3888000,15.0,30,2023-04-01,2029-12-31,third_party,estimated
S001139,C00068,F00190,deposition,848620,11612160,44.8,35,2024-12-01,2028-12-31,public,estimated
S001140,C00069,F00190,deposition,848620,3991680,15.4,37,2024-05-01,2030-12-31,third_party,estimated
S001141,C00073,F00190,deposition,848620,10316159,39.8,19,2024-09-01,2029-12-31,public,estimated
S001142,C00078,F00190,metrology,848620,12888000,89.5,33,2024-02-01,2027-12-31,third_party,estimated
S001143,C00079,F00190,metrology,848620,1512000,10.5,28,2024-06-01,2030-12-31,third_party,estimated
S001144,C00084,F00190,cleaning,848620,10080000,100.0,33,2023-10-01,2027-12-31,third_party,estimated
S001145,C00092,F00190,ion_implant,848620,7200000,100.0,36,2022-01-01,2027-12-31,public,estimated
S001146,C00002,F00190,wafers,381800,768960,8.9,10,2025-09-01,2027-12-31,third_party,estimated
S001147,C00006,F00190,wafers,381800,5140800,59.5,8,2025-12-01,2030-12-31,third_party,estimated
S001148,C00008,F00190,wafers,381800,2730240,31.6,15,2025-03-01,2030-12-31,third_party,estimated
S001149,C00020,F00190,photoresist,381800,5760000,100.0,16,2022-10-01,2024-12-31,third_party,estimated
S001150,C00025,F00190,specialty_gases,381800,799200,18.5,5,2023-11-01,2027-12-31,public,estimated
S001151,C00026,F00190,specialty_gases,381800,3520800,81.5,11,2023-06-01,2028-12-31,third_party,estimated
S001152,C00032,F00190,wet_chemicals,381800,2384640,55.2,15,2022-02-01,2026-12-31,public,estimated
S001153,C00033,F00190,wet_chemicals,381800,876960,20.3,15,2022-04-01,2027-12-31,third_party,estimated
S001154,C00036,F00190,wet_chemicals,381800,1058400,24.5,14,2022-11-01,2024-12-31,third_party,estimated
S001155,C00045,F00190,cmp_slurry,381800,843840,29.3,6,2022-06-01,2028-12-31,third_party,estimated
S001156,C00046,F00190,cmp_slurry,381800,2036160,70.7,15,2022-06-01,2028-12-31,third_party,estimated
S001157,C00052,F00191,lithography,848620,207360000,100.0,76,2025-10-01,2028-12-31,third_party,estimated
S001158,C00057,F00191,etch,848620,155520000,100.0,19,2024-11-01,2030-12-31,public,estimated
S001159,C00064,F00191,deposition,848620,11819520,7.6,22,2025-02-01,2030-12-31,third_party,estimated
S001160,C00065,F00191,deposition,848620,87868800,56.5,19,2025-12-01,2031-12-31,third_party,estimated
S001161,C00069,F00191,deposition,848620,55831680,35.9,14,2025-11-01,2031-12-31,third_party,estimated
S001162,C00074,F00191,metrology,848620,36892800,42.7,35,2024-10-01,2030-12-31,public,estimated
S001163,C00079,F00191,metrology,848620,30672000,35.5,34,2024-12-01,2028-12-31,public,estimated
S001164,C00080,F00191,metrology,848620,18835200,21.8,37,2024-11-01,2030-12-31,third_party,estimated
S001165,C00085,F00191,cleaning,848620,6773760,11.2,20,2022-10-01,2027-12-31,third_party,estimated
S001166,C00086,F00191,cleaning,848620,53706240,88.8,18,2022-11-01,2024-12-31,third_party,estimated
S001167,C00088,F00191,ion_implant,848620,12441600,28.8,35,2024-01-01,2027-12-31,third_party,estimated
S001168,C00091,F00191,ion_implant,848620,30758400,71.2,15,2024-05-01,2028-12-31,public,estimated
S001169,C00003,F00191,wafers,381800,43182720,83.3,15,2024-12-01,2029-12-31,public,estimated
S001170,C00005,F00191,wafers,381800,8657280,16.7,15,2024-11-01,2028-12-31,public,estimated
S001171,C00015,F00191,photoresist,381800,30758400,89.0,14,2023-09-01,2025-12-31,public,estimated
S001172,C00017,F00191,photoresist,381800,3801600,11.0,3,2023-06-01,2026-12-31,public,estimated
S001173,C00021,F00191,specialty_gases,381800,9123840,35.2,5,2025-06-01,2029-12-31,public,estimated
S001174,C00025,F00191,specialty_gases,381800,16796160,64.8,7,2025-02-01,2031-12-31,third_party,estimated
S001175,C00030,F00191,wet_chemicals,381800,4795200,18.5,5,2025-02-01,2030-12-31,third_party,estimated
S001176,C00032,F00191,wet_chemicals,381800,15863040,61.2,7,2025-07-01,2029-12-31,public,estimated
S001177,C00034,F00191,wet_chemicals,381800,5261760,20.3,4,2025-01-01,2030-12-31,public,estimated
S001178,C00046,F00191,cmp_slurry,381800,3041280,17.6,2,2024-02-01,2028-12-31,public,estimated
S001179,C00047,F00191,cmp_slurry,381800,14238720,82.4,6,2024-06-01,2026-12-31,third_party,estimated
S001180,C00053,F00192,lithography,848620,14100480,6.4,68,2024-04-01,2030-12-31,third_party,estimated
S001181,C00054,F00192,lithography,848620,206219520,93.6,42,2024-10-01,2029-12-31,third_party,estimated
S001182,C00057,F00192,etch,848620,165240000,100.0,20,2025-11-01,2030-12-31,third_party,estimated
S001183,C00068,F00192,deposition,848620,120790440,73.1,8,2022-08-01,2026-12-31,public,estimated
S001184,C00069,F00192,deposition,848620,25777440,15.6,23,2022-08-01,2027-12-31,third_party,estimated
S001185,C00072,F00192,deposition,848620,18672120,11.3,30,2022-06-01,2026-12-31,third_party,estimated
S001186,C00078,F00192,metrology,848620,13311000,14.5,17,2019-08-01,2024-12-31,third_party,estimated
S001187,C00079,F00192,metrology,848620,26438400,28.8,8,2019-02-01,2022-12-31,third_party,estimated
S001188,C00081,F00192,metrology,848620,52050600,56.7,39,2019-01-01,2025-12-31,third_party,estimated
S001189,C00084,F00192,cleaning,848620,23197860,36.1,39,2020-03-01,2024-12-31,public,estimated
S001190,C00085,F00192,cleaning,848620,26796420,41.7,23,2020-03-01,2024-12-31,third_party,estimated
S001191,C00087,F00192,cleaning,848620,14265720,22.2,8,2020-05-01,2022-12-31,public,estimated
S001192,C00091,F00192,ion_implant,848620,45900000,100.0,14,2020-02-01,2025-12-31,third_party,estimated
S001193,C00002,F00192,wafers,381800,28972080,52.6,12,2025-11-01,2027-12-31,third_party,estimated
S001194,C00008,F00192,wafers,381800,17735760,32.2,2,2025-07-01,2027-12-31,public,estimated
S001195,C00009,F00192,wafers,381800,8372160,15.2,15,2025-07-01,2027-12-31,public,estimated
S001196,C00016,F00192,photoresist,381800,36720000,100.0,12,2023-07-01,2026-12-31,third_party,estimated
S001197,C00027,F00192,specialty_gases,381800,27540000,100.0,13,2021-04-01,2025-12-31,third_party,estimated
S001198,C00032,F00192,wet_chemicals,381800,27540000,100.0,11,2020-06-01,2023-12-31,public,estimated
S001199,C00045,F00192,cmp_slurry,381800,8390520,45.7,2,2021-04-01,2025-12-31,public,estimated
S001200,C00046,F00192,cmp_slurry,381800,9969480,54.3,16,2021-01-01,2024-12-31,public,estimated
S001201,C00053,F00193,lithography,848620,105019200,44.2,31,2024-06-01,2026-12-31,third_party,estimated
S001202,C00054,F00193,lithography,848620,132580800,55.8,48,2024-09-01,2027-12-31,public,estimated
S001203,C00062,F00193,etch,848620,118146600,66.3,30,2025-10-01,2028-12-31,third_party,estimated
S001204,C00063,F00193,etch,848620,60053400,33.7,33,2025-06-01,2031-12-31,third_party,estimated
S001205,C00068,F00193,deposition,848620,117077400,65.7,17,2025-04-01,2031-12-31,public,estimated
S001206,C00069,F00193,deposition,848620,19780200,11.1,39,2025-03-01,2028-12-31,third_party,estimated
S001207,C00072,F00193,deposition,848620,41342400,23.2,35,2025-04-01,2027-12-31,third_party,estimated
S001208,C00079,F00193,metrology,848620,99000000,100.0,27,2023-08-01,2025-12-31,third_party,estimated
S001209,C00087,F00193,cleaning,848620,69300000,100.0,34,2025-12-01,2031-12-31,public,estimated
S001210,C00091,F00193,ion_implant,848620,49500000,100.0,26,2023-03-01,2028-12-31,third_party,estimated
S001211,C00002,F00193,wafers,381800,33620400,56.6,10,2025-07-01,2028-12-31,third_party,estimated
S001212,C00003,F00193,wafers,381800,2257200,3.8,2,2025-10-01,2028-12-31,third_party,estimated
S001213,C00007,F00193,wafers,381800,23522400,39.6,8,2025-09-01,2027-12-31,third_party,estimated
S001214,C00016,F00193,photoresist,381800,18097200,45.7,9,2023-12-01,2029-12-31,third_party,estimated
S001215,C00018,F00193,photoresist,381800,21502800,54.3,11,2023-12-01,2029-12-31,third_party,estimated
S001216,C00026,F00193,specialty_gases,381800,14196600,47.8,3,2023-09-01,2026-12-31,third_party,estimated
S001217,C00028,F00193,specialty_gases,381800,15503400,52.2,12,2023-10-01,2027-12-31,third_party,estimated
S001218,C00033,F00193,wet_chemicals,381800,23463000,79.0,5,2024-01-01,2026-12-31,public,estimated
S001219,C00034,F00193,wet_chemicals,381800,6237000,21.0,3,2024-08-01,2027-12-31,third_party,estimated
S001220,C00046,F00193,cmp_slurry,381800,10810800,54.6,3,2023-07-01,2029-12-31,public,estimated
S001221,C00047,F00193,cmp_slurry,381800,8652600,43.7,3,2023-08-01,2026-12-31,third_party,estimated
S001222,C00048,F00193,cmp_slurry,381800,336600,1.7,7,2023-05-01,2028-12-31,public,estimated
S001223,C00053,F00194,lithography,848620,57257280,56.4,57,2024-04-01,2030-12-31,third_party,estimated
S001224,C00054,F00194,lithography,848620,44262720,43.6,27,2024-12-01,2030-12-31,third_party,estimated
S001225,C00057,F00194,etch,848620,5482080,7.2,16,2018-07-01,2020-12-31,public,estimated
S001226,C00058,F00194,etch,848620,60226740,79.1,26,2018-07-01,2023-12-31,public,estimated
S001227,C00062,F00194,etch,848620,10431180,13.7,26,2018-08-01,2023-12-31,public,estimated
S001228,C00069,F00194,deposition,848620,30684420,40.3,11,2020-02-01,2026-12-31,third_party,estimated
S001229,C00073,F00194,deposition,848620,45455580,59.7,39,2020-06-01,2022-12-31,third_party,estimated
S001230,C00078,F00194,metrology,848620,36124200,85.4,19,2025-12-01,2030-12-31,third_party,estimated
S001231,C00079,F00194,metrology,848620,6175800,14.6,34,2025-09-01,2030-12-31,third_party,estimated
S001232,C00086,F00194,cleaning,848620,2842560,9.6,20,2020-11-01,2022-12-31,third_party,estimated
S001233,C00087,F00194,cleaning,848620,26767440,90.4,28,2020-07-01,2024-12-31,third_party,estimated
S001234,C00088,F00194,ion_implant,848620,9580949,45.3,24,2021-06-01,2024-12-31,third_party,estimated
S001235,C00091,F00194,ion_implant,848620,11569050,54.7,15,2021-01-01,2023-12-31,third_party,estimated
S001236,C00008,F00194,wafers,381800,25380000,100.0,10,2018-04-01,2022-12-31,third_party,estimated
S001237,C00017,F00194,photoresist,381800,16920000,100.0,13,2018-01-01,2023-12-31,third_party,estimated
S001238,C00022,F00194,specialty_gases,381800,6497280,51.2,14,2017-07-01,2023-12-31,third_party,estimated
S001239,C00026,F00194,specialty_gases,381800,6192720,48.8,5,2017-07-01,2019-12-31,third_party,estimated
S001240,C00033,F00194,wet_chemicals,381800,12690000,100.0,5,2024-02-01,2027-12-31,third_party,estimated
S001241,C00046,F00194,cmp_slurry,381800,2952540,34.9,12,2023-06-01,2026-12-31,third_party,estimated
S001242,C00049,F00194,cmp_slurry,381800,5507460,65.1,10,2023-07-01,2026-12-31,third_party,estimated
S001243,C00053,F00195,lithography,848620,52747200,40.7,48,2024-05-01,2028-12-31,third_party,estimated
S001244,C00054,F00195,lithography,848620,76852800,59.3,26,2024-02-01,2026-12-31,third_party,estimated
S001245,C00057,F00195,etch,848620,52293600,53.8,39,2024-02-01,2028-12-31,third_party,estimated
S001246,C00061,F00195,etch,848620,22842000,23.5,16,2024-08-01,2026-12-31,third_party,estimated
S001247,C00062,F00195,etch,848620,22064400,22.7,13,2024-04-01,2029-12-31,third_party,estimated
S001248,C00070,F00195,deposition,848620,97200000,100.0,13,2024-07-01,2030-12-31,public,estimated
S001249,C00074,F00195,metrology,848620,28782000,53.3,17,2025-11-01,2028-12-31,third_party,estimated
S001250,C00079,F00195,metrology,848620,25218000,46.7,30,2025-02-01,2031-12-31,third_party,estimated
S001251,C00083,F00195,cleaning,848620,4460400,11.8,32,2024-08-01,2030-12-31,third_party,estimated
S001252,C00086,F00195,cleaning,848620,16594200,43.9,11,2024-01-01,2030-12-31,third_party,estimated
S001253,C00087,F00195,cleaning,848620,16745400,44.3,15,2024-01-01,2028-12-31,third_party,estimated
S001254,C00090,F00195,ion_implant,848620,26190000,97.0,19,2025-12-01,2028-12-31,third_party,estimated
S001255,C00091,F00195,ion_implant,848620,810000,3.0,15,2025-07-01,2030-12-31,third_party,estimated
S001256,C00002,F00195,wafers,381800,18403200,56.8,16,2025-07-01,2027-12-31,third_party,estimated
S001257,C00005,F00195,wafers,381800,13996800,43.2,11,2025-07-01,2031-12-31,third_party,estimated
S001258,C00014,F00195,photoresist,381800,21600000,100.0,6,2025-07-01,2028-12-31,public,estimated
S001259,C00025,F00195,specialty_gases,381800,4438800,27.4,5,2024-04-01,2027-12-31,third_party,estimated
S001260,C00026,F00195,specialty_gases,381800,11761200,72.6,16,2024-06-01,2028-12-31,third_party,estimated
S001261,C00033,F00195,wet_chemicals,381800,5022000,31.0,14,2024-03-01,2026-12-31,third_party,estimated
S001262,C00034,F00195,wet_chemicals,381800,11178000,69.0,3,2024-07-01,2026-12-31,public,estimated
S001263,C00045,F00195,cmp_slurry,381800,3585600,33.2,7,2024-10-01,2026-12-31,third_party,estimated
S001264,C00047,F00195,cmp_slurry,381800,7214400,66.8,12,2024-09-01,2030-12-31,public,estimated
S001265,C00053,F00196,lithography,848620,58320000,25.0,48,2019-07-01,2025-12-31,third_party,estimated
S001266,C00054,F00196,lithography,848620,174960000,75.0,69,2019-10-01,2024-12-31,public,estimated
S001267,C00057,F00196,etch,848620,174960000,100.0,32,2024-04-01,2030-12-31,public,estimated
S001268,C00065,F00196,deposition,848620,94128480,53.8,14,2025-08-01,2030-12-31,third_party,estimated
S001269,C00069,F00196,deposition,848620,80831520,46.2,20,2025-07-01,2029-12-31,third_party,estimated
S001270,C00080,F00196,metrology,848620,97200000,100.0,27,2025-01-01,2027-12-31,third_party,estimated
S001271,C00084,F00196,cleaning,848620,4150440,6.1,14,2018-01-01,2024-12-31,third_party,estimated
S001272,C00085,F00196,cleaning,848620,63889560,93.9,30,2018-05-01,2024-12-31,third_party,estimated
S001273,C00090,F00196,ion_implant,848620,7047000,14.5,13,2019-02-01,2023-12-31,public,estimated
S001274,C00091,F00196,ion_implant,848620,31395599,64.6,23,2019-09-01,2022-12-31,third_party,estimated
S001275,C00092,F00196,ion_implant,848620,10157399,20.9,19,2019-03-01,2023-12-31,public,estimated
S001276,C00005,F00196,wafers,381800,19245600,33.0,6,2025-08-01,2029-12-31,public,estimated
S001277,C00006,F00196,wafers,381800,17146080,29.4,15,2025-09-01,2031-12-31,public,estimated
S001278,C00009,F00196,wafers,381800,21928320,37.6,16,2025-05-01,2031-12-31,third_party,estimated
S001279,C00014,F00196,photoresist,381800,4548960,11.7,9,2022-01-01,2028-12-31,public,estimated
S001280,C00015,F00196,photoresist,381800,15046560,38.7,10,2022-03-01,2025-12-31,third_party,estimated
S001281,C00016,F00196,photoresist,381800,19284480,49.6,15,2022-12-01,2027-12-31,public,estimated
S001282,C00022,F00196,specialty_gases,381800,11693160,40.1,11,2022-08-01,2025-12-31,third_party,estimated
S001283,C00025,F00196,specialty_gases,381800,14317560,49.1,14,2022-12-01,2027-12-31,third_party,estimated
S001284,C00028,F00196,specialty_gases,381800,3149280,10.8,8,2022-02-01,2025-12-31,third_party,estimated
S001285,C00034,F00196,wet_chemicals,381800,29160000,100.0,6,2025-02-01,2030-12-31,third_party,estimated
S001286,C00045,F00196,cmp_slurry,381800,19440000,100.0,8,2023-10-01,2025-12-31,public,estimated
S001287,C00052,F00197,lithography,848620,86400000,100.0,34,2022-08-01,2025-12-31,public,estimated
S001288,C00061,F00197,etch,848620,53524800,82.6,15,2019-01-01,2021-12-31,public,estimated
S001289,C00063,F00197,etch,848620,11275200,17.4,28,2019-03-01,2024-12-31,third_party,estimated
S001290,C00069,F00197,deposition,848620,51840000,80.0,14,2025-03-01,2030-12-31,public,estimated
S001291,C00072,F00197,deposition,848620,12960000,20.0,30,2025-04-01,2031-12-31,third_party,estimated
S001292,C00079,F00197,metrology,848620,36000000,100.0,19,2018-02-01,2021-12-31,third_party,estimated
S001293,C00085,F00197,cleaning,848620,19353600,76.8,40,2022-07-01,2028-12-31,third_party,estimated
S001294,C00086,F00197,cleaning,848620,3754800,14.9,31,2022-06-01,2026-12-31,third_party,estimated
S001295,C00087,F00197,cleaning,848620,2091600,8.3,14,2022-03-01,2024-12-31,public,estimated
S001296,C00090,F00197,ion_implant,848620,5040000,28.0,37,2023-02-01,2028-12-31,public,estimated
S001297,C00091,F00197,ion_implant,848620,8136000,45.2,17,2023-07-01,2029-12-31,public,estimated
S001298,C00092,F00197,ion_implant,848620,4824000,26.8,17,2023-04-01,2028-12-31,public,estimated
S001299,C00002,F00197,wafers,381800,16027200,74.2,4,2021-11-01,2026-12-31,third_party,estimated
S001300,C00003,F00197,wafers,381800,5572800,25.8,13,2021-04-01,2025-12-31,third_party,estimated
S001301,C00018,F00197,photoresist,381800,8481600,58.9,10,2023-06-01,2026-12-31,third_party,estimated
S001302,C00020,F00197,photoresist,381800,5918400,41.1,2,2023-12-01,2027-12-31,third_party,estimated
S001303,C00022,F00197,specialty_gases,381800,3812399,35.3,6,2017-02-01,2022-12-31,public,estimated
S001304,C00024,F00197,specialty_gases,381800,6987600,64.7,2,2017-01-01,2022-12-31,third_party,estimated
S001305,C00029,F00197,wet_chemicals,381800,4384800,40.6,16,2021-08-01,2024-12-31,third_party,estimated
S001306,C00031,F00197,wet_chemicals,381800,3736800,34.6,10,2021-01-01,2025-12-31,third_party,estimated
S001307,C00032,F00197,wet_chemicals,381800,2678400,24.8,8,2021-11-01,2026-12-31,third_party,estimated
S001308,C00045,F00197,cmp_slurry,381800,7200000,100.0,15,2023-08-01,2029-12-31,third_party,estimated
S001309,C00053,F00198,lithography,848620,40014000,32.5,35,2024-03-01,2029-12-31,third_party,estimated
S001310,C00054,F00198,lithography,848620,83106000,67.5,72,2024-11-01,2026-12-31,third_party,estimated
S001311,C00056,F00198,etch,848620,32041980,34.7,10,2019-11-01,2024-12-31,public,estimated
S001312,C00063,F00198,etch,848620,60298020,65.3,15,2019-04-01,2025-12-31,third_party,estimated
S001313,C00073,F00198,deposition,848620,92340000,100.0,11,2025-01-01,2027-12-31,public,estimated
S001314,C00079,F00198,metrology,848620,29548800,57.6,13,2022-01-01,2025-12-31,third_party,estimated
S001315,C00081,F00198,metrology,848620,21751200,42.4,37,2022-02-01,2027-12-31,public,estimated
S001316,C00084,F00198,cleaning,848620,18996390,52.9,12,2017-09-01,2019-12-31,third_party,estimated
S001317,C00086,F00198,cleaning,848620,14830830,41.3,17,2017-07-01,2023-12-31,third_party,estimated
S001318,C00087,F00198,cleaning,848620,2082780,5.8,23,2017-06-01,2023-12-31,public,estimated
S001319,C00089,F00198,ion_implant,848620,12978900,50.6,27,2022-04-01,2026-12-31,third_party,estimated
S001320,C00090,F00198,ion_implant,848620,3180600,12.4,16,2022-08-01,2025-12-31,third_party,estimated
S001321,C00092,F00198,ion_implant,848620,9490500,37.0,31,2022-07-01,2025-12-31,third_party,estimated
S001322,C00002,F00198,wafers,381800,12435120,40.4,13,2022-06-01,2027-12-31,third_party,estimated
S001323,C00005,F00198,wafers,381800,18344880,59.6,11,2022-10-01,2025-12-31,third_party,estimated
S001324,C00015,F00198,photoresist,381800,9192960,44.8,16,2018-08-01,2020-12-31,third_party,estimated
S001325,C00016,F00198,photoresist,381800,2380320,11.6,8,2018-06-01,2020-12-31,third_party,estimated
S001326,C00020,F00198,photoresist,381800,8946720,43.6,3,2018-02-01,2022-12-31,third_party,estimated
S001327,C00025,F00198,specialty_gases,381800,15390000,100.0,3,2025-07-01,2028-12-31,third_party,estimated
S001328,C00031,F00198,wet_chemicals,381800,15390000,100.0,3,2020-07-01,2026-12-31,third_party,estimated
S001329,C00048,F00198,cmp_slurry,381800,10260000,100.0,4,2025-12-01,2031-12-31,third_party,estimated
S001330,C00051,F00199,lithography,848620,77502960,67.7,42,2020-10-01,2024-12-31,third_party,estimated
S001331,C00052,F00199,lithography,848620,27704160,24.2,64,2020-09-01,2026-12-31,third_party,estimated
S001332,C00053,F00199,lithography,848620,9272880,8.1,50,2020-04-01,2022-12-31,third_party,estimated
S001333,C00057,F00199,etch,848620,34773300,40.5,22,2019-09-01,2025-12-31,third_party,estimated
S001334,C00059,F00199,etch,848620,51086700,59.5,22,2019-08-01,2025-12-31,third_party,estimated
S001335,C00070,F00199,deposition,848620,70834500,82.5,40,2021-08-01,2026-12-31,third_party,estimated
S001336,C00073,F00199,deposition,848620,15025500,17.5,10,2021-05-01,2023-12-31,third_party,estimated
S001337,C00080,F00199,metrology,848620,47700000,100.0,11,2020-08-01,2024-12-31,public,estimated
S001338,C00085,F00199,cleaning,848620,20167560,60.4,12,2019-04-01,2021-12-31,third_party,estimated
S001339,C00086,F00199,cleaning,848620,7212240,21.6,8,2019-05-01,2021-12-31,third_party,estimated
S001340,C00087,F00199,cleaning,848620,6010200,18.0,19,2019-10-01,2023-12-31,third_party,estimated
S001341,C00090,F00199,ion_implant,848620,3649050,15.3,38,2021-04-01,2026-12-31,third_party,estimated
S001342,C00091,F00199,ion_implant,848620,14810850,62.1,9,2021-09-01,2025-12-31,third_party,estimated
S001343,C00092,F00199,ion_implant,848620,5390100,22.6,8,2021-04-01,2024-12-31,third_party,estimated
S001344,C00006,F00199,wafers,381800,18459900,64.5,6,2020-12-01,2023-12-31,third_party,estimated
S001345,C00008,F00199,wafers,381800,10160100,35.5,6,2020-01-01,2022-12-31,third_party,estimated
S001346,C00016,F00199,photoresist,381800,19080000,100.0,14,2025-01-01,2031-12-31,third_party,estimated
S001347,C00025,F00199,specialty_gases,381800,14310000,100.0,10,2019-08-01,2025-12-31,public,estimated
S001348,C00032,F00199,wet_chemicals,381800,8943750,62.5,4,2018-02-01,2023-12-31,third_party,estimated
S001349,C00033,F00199,wet_chemicals,381800,5366250,37.5,7,2018-12-01,2022-12-31,third_party,estimated
S001350,C00045,F00199,cmp_slurry,381800,5771700,60.5,14,2021-09-01,2025-12-31,third_party,estimated
S001351,C00047,F00199,cmp_slurry,381800,3768300,39.5,3,2021-05-01,2023-12-31,public,estimated
S001352,C00051,F00200,lithography,848620,61037280,39.8,37,2018-05-01,2024-12-31,public,estimated
S001353,C00052,F00200,lithography,848620,70085520,45.7,45,2018-08-01,2024-12-31,public,estimated
S001354,C00054,F00200,lithography,848620,22237200,14.5,49,2018-01-01,2020-12-31,public,estimated
S001355,C00058,F00200,etch,848620,21853800,19.0,37,2018-10-01,2021-12-31,public,estimated
S001356,C00060,F00200,etch,848620,93166200,81.0,23,2018-11-01,2024-12-31,public,estimated
S001357,C00069,F00200,deposition,848620,22773960,19.8,31,2023-10-01,2025-12-31,third_party,estimated
S001358,C00070,F00200,deposition,848620,79133760,68.8,35,2023-11-01,2026-12-31,third_party,estimated
S001359,C00073,F00200,deposition,848620,13112280,11.4,20,2023-12-01,2026-12-31,third_party,estimated
S001360,C00075,F00200,metrology,848620,39042900,61.1,14,2022-09-01,2026-12-31,third_party,estimated
S001361,C00079,F00200,metrology,848620,24857100,38.9,34,2022-06-01,2025-12-31,third_party,estimated
S001362,C00085,F00200,cleaning,848620,43880130,98.1,13,2022-12-01,2025-12-31,third_party,estimated
S001363,C00087,F00200,cleaning,848620,849870,1.9,26,2022-02-01,2025-12-31,third_party,estimated
S001364,C00091,F00200,ion_implant,848620,7891650,24.7,16,2022-07-01,2028-12-31,public,estimated
S001365,C00092,F00200,ion_implant,848620,24058350,75.3,14,2022-09-01,2024-12-31,public,estimated
S001366,C00008,F00200,wafers,381800,38340000,100.0,4,2017-11-01,2021-12-31,third_party,estimated
S001367,C00020,F00200,photoresist,381800,25560000,100.0,6,2021-12-01,2025-12-31,public,estimated
S001368,C00026,F00200,specialty_gases,381800,19170000,100.0,14,2019-06-01,2021-12-31,public,estimated
S001369,C00029,F00200,wet_chemicals,381800,19170000,100.0,2,2021-12-01,2025-12-31,third_party,estimated
S001370,C00046,F00200,cmp_slurry,381800,12780000,100.0,11,2022-08-01,2027-12-31,third_party,estimated
S001371,C00053,F00201,lithography,848620,222480000,100.0,67,2019-04-01,2025-12-31,public,estimated
S001372,C00055,F00201,etch,848620,37877220,22.7,24,2020-05-01,2023-12-31,third_party,estimated
S001373,C00058,F00201,etch,848620,84598020,50.7,40,2020-03-01,2023-12-31,third_party,estimated
S001374,C00063,F00201,etch,848620,44384760,26.6,35,2020-08-01,2023-12-31,public,estimated
S001375,C00073,F00201,deposition,848620,166860000,100.0,36,2018-08-01,2021-12-31,third_party,estimated
S001376,C00078,F00201,metrology,848620,43476300,46.9,16,2022-09-01,2026-12-31,public,estimated
S001377,C00079,F00201,metrology,848620,17334900,18.7,18,2022-01-01,2027-12-31,public,estimated
S001378,C00080,F00201,metrology,848620,31888800,34.4,8,2022-04-01,2024-12-31,public,estimated
S001379,C00086,F00201,cleaning,848620,21608370,33.3,24,2019-02-01,2024-12-31,third_party,estimated
S001380,C00087,F00201,cleaning,848620,43281630,66.7,20,2019-05-01,2024-12-31,public,estimated
S001381,C00088,F00201,ion_implant,848620,25677900,55.4,11,2023-02-01,2028-12-31,public,estimated
S001382,C00089,F00201,ion_implant,848620,12746250,27.5,40,2023-09-01,2027-12-31,third_party,estimated
S001383,C00091,F00201,ion_implant,848620,7925850,17.1,14,2023-02-01,2027-12-31,third_party,estimated
S001384,C00001,F00201,wafers,381800,21747420,39.1,16,2023-05-01,2025-12-31,third_party,estimated
S001385,C00009,F00201,wafers,381800,33872580,60.9,6,2023-07-01,2026-12-31,third_party,estimated
S001386,C00015,F00201,photoresist,381800,4190040,11.3,8,2024-08-01,2026-12-31,public,estimated
S001387,C00016,F00201,photoresist,381800,24621120,66.4,13,2024-10-01,2026-12-31,third_party,estimated
S001388,C00020,F00201,photoresist,381800,8268840,22.3,16,2024-06-01,2026-12-31,public,estimated
S001389,C00022,F00201,specialty_gases,381800,15156450,54.5,9,2025-12-01,2029-12-31,third_party,estimated
S001390,C00023,F00201,specialty_gases,381800,12653550,45.5,16,2025-02-01,2029-12-31,third_party,estimated
S001391,C00032,F00201,wet_chemicals,381800,27810000,100.0,12,2022-10-01,2026-12-31,third_party,estimated
S001392,C00046,F00201,cmp_slurry,381800,18540000,100.0,8,2024-05-01,2029-12-31,third_party,estimated
S001393,C00052,F00202,lithography,848620,25719120,56.7,47,2025-07-01,2029-12-31,third_party,estimated
S001394,C00053,F00202,lithography,848620,1769040,3.9,36,2025-04-01,2028-12-31,third_party,estimated
S001395,C00054,F00202,lithography,848620,17871840,39.4,50,2025-08-01,2028-12-31,public,estimated
S001396,C00062,F00202,etch,848620,11804940,34.7,11,2021-12-01,2023-12-31,third_party,estimated
S001397,C00063,F00202,etch,848620,22215060,65.3,12,2021-12-01,2025-12-31,public,estimated
S001398,C00068,F00202,deposition,848620,9015300,26.5,36,2017-08-01,2019-12-31,public,estimated
S001399,C00069,F00202,deposition,848620,20377980,59.9,29,2017-07-01,2021-12-31,third_party,estimated
S001400,C00073,F00202,deposition,848620,4626720,13.6,26,2017-01-01,2019-12-31,third_party,estimated
S001401,C00079,F00202,metrology,848620,2192400,11.6,24,2018-12-01,2022-12-31,third_party,estimated
S001402,C00080,F00202,metrology,848620,16707600,88.4,37,2018-03-01,2024-12-31,public,estimated
S001403,C00084,F00202,cleaning,848620,5900580,44.6,9,2023-07-01,2026-12-31,third_party,estimated
S001404,C00086,F00202,cleaning,848620,7329420,55.4,38,2023-01-01,2029-12-31,public,estimated
S001405,C00090,F00202,ion_implant,848620,2683800,28.4,31,2022-07-01,2024-12-31,third_party,estimated
S001406,C00092,F00202,ion_implant,848620,6766200,71.6,30,2022-08-01,2026-12-31,third_party,estimated
S001407,C00004,F00202,wafers,381800,3821580,33.7,13,2024-04-01,2028-12-31,third_party,estimated
S001408,C00005,F00202,wafers,381800,7518420,66.3,11,2024-04-01,2026-12-31,public,estimated
S001409,C00014,F00202,photoresist,381800,4830840,63.9,14,2019-08-01,2025-12-31,public,estimated
S001410,C00015,F00202,photoresist,381800,340200,4.5,11,2019-02-01,2022-12-31,third_party,estimated
S001411,C00016,F00202,photoresist,381800,2388960,31.6,15,2019-04-01,2022-12-31,third_party,estimated
S001412,C00026,F00202,specialty_gases,381800,4207140,74.2,6,2025-01-01,2030-12-31,public,estimated
S001413,C00028,F00202,specialty_gases,381800,1462860,25.8,15,2025-01-01,2030-12-31,public,estimated
S001414,C00033,F00202,wet_chemicals,381800,5670000,100.0,5,2022-10-01,2028-12-31,third_party,estimated
S001415,C00045,F00202,cmp_slurry,381800,3780000,100.0,13,2018-12-01,2020-12-31,third_party,estimated
S001416,C00053,F00203,lithography,848620,32626800,79.5,55,2017-05-01,2021-12-31,third_party,estimated
S001417,C00054,F00203,lithography,848620,8413200,20.5,49,2017-11-01,2022-12-31,third_party,estimated
S001418,C00057,F00203,etch,848620,30780000,100.0,13,2018-07-01,2023-12-31,third_party,estimated
S001419,C00068,F00203,deposition,848620,18067860,58.7,19,2019-02-01,2023-12-31,third_party,estimated
S001420,C00073,F00203,deposition,848620,12712140,41.3,26,2019-08-01,2025-12-31,third_party,estimated
S001421,C00081,F00203,metrology,848620,17100000,100.0,19,2024-12-01,2028-12-31,third_party,estimated
S001422,C00084,F00203,cleaning,848620,2609460,21.8,34,2025-02-01,2027-12-31,third_party,estimated
S001423,C00087,F00203,cleaning,848620,9360540,78.2,13,2025-04-01,2030-12-31,public,estimated
S001424,C00090,F00203,ion_implant,848620,5172750,60.5,33,2025-06-01,2031-12-31,third_party,estimated
S001425,C00092,F00203,ion_implant,848620,3377250,39.5,21,2025-02-01,2027-12-31,public,estimated
S001426,C00001,F00203,wafers,381800,3703860,36.1,7,2023-05-01,2029-12-31,third_party,estimated
S001427,C00002,F00203,wafers,381800,3652560,35.6,6,2023-01-01,2028-12-31,public,estimated
S001428,C00008,F00203,wafers,381800,2903580,28.3,15,2023-01-01,2025-12-31,third_party,estimated
S001429,C00014,F00203,photoresist,381800,6840000,100.0,7,2022-03-01,2028-12-31,third_party,estimated
S001430,C00022,F00203,specialty_gases,381800,5130000,100.0,2,2024-08-01,2026-12-31,public,estimated
S001431,C00032,F00203,wet_chemicals,381800,256500,5.0,12,2024-02-01,2029-12-31,third_party,estimated
S001432,C00033,F00203,wet_chemicals,381800,4873500,95.0,2,2024-01-01,2027-12-31,third_party,estimated
S001433,C00045,F00203,cmp_slurry,381800,1275659,37.3,4,2017-09-01,2019-12-31,third_party,estimated
S001434,C00047,F00203,cmp_slurry,381800,2144340,62.7,8,2017-06-01,2023-12-31,public,estimated
S001435,C00054,F00204,lithography,848620,88560000,100.0,29,2023-07-01,2029-12-31,third_party,estimated
S001436,C00058,F00204,etch,848620,34671240,52.2,20,2021-04-01,2024-12-31,public,estimated
S001437,C00060,F00204,etch,848620,22449960,33.8,18,2021-05-01,2023-12-31,third_party,estimated
S001438,C00063,F00204,etch,848620,9298800,14.0,33,2021-03-01,2025-12-31,public,estimated
S001439,C00066,F00204,deposition,848620,22250700,33.5,28,2017-06-01,2022-12-31,third_party,estimated
S001440,C00072,F00204,deposition,848620,44169300,66.5,38,2017-07-01,2020-12-31,third_party,estimated
S001441,C00081,F00204,metrology,848620,36900000,100.0,36,2018-02-01,2023-12-31,third_party,estimated
S001442,C00084,F00204,cleaning,848620,5088510,19.7,25,2025-03-01,2030-12-31,public,estimated
S001443,C00086,F00204,cleaning,848620,1214010,4.7,25,2025-10-01,2031-12-31,third_party,estimated
S001444,C00087,F00204,cleaning,848620,19527480,75.6,17,2025-08-01,2029-12-31,public,estimated
S001445,C00090,F00204,ion_implant,848620,4963050,26.9,38,2018-03-01,2020-12-31,third_party,estimated
S001446,C00091,F00204,ion_implant,848620,9926100,53.8,34,2018-02-01,2024-12-31,third_party,estimated
S001447,C00092,F00204,ion_implant,848620,3560850,19.3,16,2018-04-01,2023-12-31,public,estimated
S001448,C00008,F00204,wafers,381800,22140000,100.0,2,2018-10-01,2023-12-31,third_party,estimated
S001449,C00014,F00204,photoresist,381800,11084760,75.1,16,2021-01-01,2025-12-31,third_party,estimated
S001450,C00015,F00204,photoresist,381800,3675240,24.9,2,2021-12-01,2025-12-31,third_party,estimated
S001451,C00021,F00204,specialty_gases,381800,1107000,10.0,3,2025-09-01,2029-12-31,third_party,estimated
S001452,C00025,F00204,specialty_gases,381800,9963000,90.0,4,2025-06-01,2030-12-31,third_party,estimated
S001453,C00035,F00204,wet_chemicals,381800,4915080,44.4,3,2024-07-01,2028-12-31,third_party,estimated
S001454,C00036,F00204,wet_chemicals,381800,6154920,55.6,14,2024-04-01,2029-12-31,public,estimated
S001455,C00046,F00204,cmp_slurry,381800,7380000,100.0,10,2022-07-01,2026-12-31,third_party,estimated
S001456,C00053,F00205,lithography,848620,52315200,86.5,47,2023-01-01,2026-12-31,third_party,estimated
S001457,C00054,F00205,lithography,848620,8164800,13.5,72,2023-05-01,2028-12-31,third_party,estimated
S001458,C00058,F00205,etch,848620,37467359,82.6,22,2023-10-01,2028-12-31,third_party,estimated
S001459,C00063,F00205,etch,848620,7892639,17.4,21,2023-03-01,2027-12-31,third_party,estimated
S001460,C00068,F00205,deposition,848620,5851440,12.9,24,2024-04-01,2026-12-31,public,estimated
S001461,C00072,F00205,deposition,848620,32205600,71.0,8,2024-03-01,2029-12-31,public,estimated
S001462,C00073,F00205,deposition,848620,7302960,16.1,10,2024-08-01,2030-12-31,third_party,estimated
S001463,C00078,F00205,metrology,848620,5670000,22.5,28,2023-08-01,2027-12-31,public,estimated
S001464,C00080,F00205,metrology,848620,11088000,44.0,18,2023-03-01,2027-12-31,third_party,estimated
S001465,C00081,F00205,metrology,848620,8442000,33.5,34,2023-07-01,2025-12-31,public,estimated
S001466,C00082,F00205,cleaning,848620,14888160,84.4,39,2023-05-01,2027-12-31,public,estimated
S001467,C00086,F00205,cleaning,848620,2751840,15.6,8,2023-06-01,2029-12-31,third_party,estimated
S001468,C00090,F00205,ion_implant,848620,8694000,69.0,14,2023-09-01,2025-12-31,third_party,estimated
S001469,C00091,F00205,ion_implant,848620,3906000,31.0,8,2023-06-01,2026-12-31,public,estimated
S001470,C00005,F00205,wafers,381800,5927040,39.2,11,2023-12-01,2025-12-31,public,estimated
S001471,C00008,F00205,wafers,381800,9192960,60.8,12,2023-09-01,2025-12-31,third_party,estimated
S001472,C00014,F00205,photoresist,381800,8356320,82.9,9,2025-10-01,2027-12-31,public,estimated
S001473,C00015,F00205,photoresist,381800,211680,2.1,6,2025-05-01,2029-12-31,public,estimated
S001474,C00017,F00205,photoresist,381800,1512000,15.0,6,2025-05-01,2031-12-31,public,estimated
S001475,C00023,F00205,specialty_gases,381800,2404080,31.8,8,2024-06-01,2026-12-31,public,estimated
S001476,C00025,F00205,specialty_gases,381800,3061800,40.5,9,2024-04-01,2029-12-31,third_party,estimated
S001477,C00026,F00205,specialty_gases,381800,2094120,27.7,10,2024-03-01,2026-12-31,third_party,estimated
S001478,C00032,F00205,wet_chemicals,381800,5223959,69.1,3,2025-07-01,2030-12-31,public,estimated
S001479,C00033,F00205,wet_chemicals,381800,2336040,30.9,10,2025-11-01,2027-12-31,third_party,estimated
S001480,C00046,F00205,cmp_slurry,381800,1471680,29.2,16,2024-11-01,2027-12-31,third_party,estimated
S001481,C00049,F00205,cmp_slurry,381800,3568320,70.8,9,2024-04-01,2030-12-31,public,estimated
S001482,C00052,F00206,lithography,848620,111205440,84.4,73,2022-09-01,2024-12-31,third_party,estimated
S001483,C00054,F00206,lithography,848620,20554560,15.6,72,2022-10-01,2026-12-31,third_party,estimated
S001484,C00058,F00206,etch,848620,94669560,95.8,39,2017-09-01,2019-12-31,public,estimated
S001485,C00062,F00206,etch,848620,4150440,4.2,39,2017-08-01,2020-12-31,third_party,estimated
S001486,C00072,F00206,deposition,848620,98820000,100.0,26,2018-03-01,2023-12-31,third_party,estimated
S001487,C00074,F00206,metrology,848620,25693200,46.8,18,2022-12-01,2025-12-31,third_party,estimated
S001488,C00080,F00206,metrology,848620,29206800,53.2,23,2022-06-01,2025-12-31,public,estimated
S001489,C00084,F00206,cleaning,848620,38430000,100.0,35,2020-10-01,2025-12-31,third_party,estimated
S001490,C00088,F00206,ion_implant,848620,15070050,54.9,24,2022-07-01,2028-12-31,public,estimated
S001491,C00092,F00206,ion_implant,848620,12379950,45.1,29,2022-12-01,2028-12-31,public,estimated
S001492,C00006,F00206,wafers,381800,32940000,100.0,7,2022-03-01,2027-12-31,public,estimated
S001493,C00018,F00206,photoresist,381800,21960000,100.0,11,2023-10-01,2028-12-31,third_party,estimated
S001494,C00022,F00206,specialty_gases,381800,11759580,71.4,10,2019-05-01,2022-12-31,third_party,estimated
S001495,C00025,F00206,specialty_gases,381800,4710420,28.6,12,2019-09-01,2023-12-31,third_party,estimated
S001496,C00033,F00206,wet_chemicals,381800,16470000,100.0,6,2023-10-01,2026-12-31,public,estimated
S001497,C00045,F00206,cmp_slurry,381800,3228120,29.4,8,2017-03-01,2021-12-31,third_party,estimated
S001498,C00046,F00206,cmp_slurry,381800,472140,4.3,10,2017-02-01,2022-12-31,public,estimated
S001499,C00048,F00206,cmp_slurry,381800,7279740,66.3,11,2017-07-01,2021-12-31,third_party,estimated
S001500,C00051,F00207,lithography,848620,90439200,79.0,40,2017-06-01,2020-12-31,third_party,estimated
S001501,C00052,F00207,lithography,848620,24040800,21.0,45,2017-01-01,2022-12-31,public,estimated
S001502,C00057,F00207,etch,848620,32369220,37.7,19,2022-03-01,2027-12-31,public,estimated
S001503,C00061,F00207,etch,848620,53490780,62.3,25,2022-03-01,2024-12-31,third_party,estimated
S001504,C00067,F00207,deposition,848620,50485680,58.8,14,2020-08-01,2025-12-31,third_party,estimated
S001505,C00069,F00207,deposition,848620,35374320,41.2,11,2020-02-01,2026-12-31,third_party,estimated
S001506,C00078,F00207,metrology,848620,15741000,33.0,27,2021-09-01,2026-12-31,third_party,estimated
S001507,C00079,F00207,metrology,848620,31959000,67.0,8,2021-07-01,2027-12-31,public,estimated
S001508,C00084,F00207,cleaning,848620,24708600,74.0,35,2024-11-01,2030-12-31,third_party,estimated
S001509,C00087,F00207,cleaning,848620,8681400,26.0,10,2024-02-01,2026-12-31,third_party,estimated
S001510,C00091,F00207,ion_implant,848620,23850000,100.0,9,2024-10-01,2030-12-31,public,estimated
S001511,C00002,F00207,wafers,381800,3691980,12.9,3,2021-02-01,2026-12-31,third_party,estimated
S001512,C00003,F00207,wafers,381800,24928020,87.1,8,2021-01-01,2023-12-31,public,estimated
S001513,C00019,F00207,photoresist,381800,9845280,51.6,13,2021-03-01,2024-12-31,third_party,estimated
S001514,C00020,F00207,photoresist,381800,9234720,48.4,14,2021-02-01,2027-12-31,third_party,estimated
S001515,C00025,F00207,specialty_gases,381800,1130490,7.9,15,2017-09-01,2022-12-31,third_party,estimated
S001516,C00026,F00207,specialty_gases,381800,10918530,76.3,5,2017-07-01,2019-12-31,public,estimated
S001517,C00028,F00207,specialty_gases,381800,2260980,15.8,15,2017-08-01,2019-12-31,third_party,estimated
S001518,C00035,F00207,wet_chemicals,381800,14310000,100.0,5,2018-06-01,2023-12-31,third_party,estimated
S001519,C00045,F00207,cmp_slurry,381800,9540000,100.0,4,2022-09-01,2027-12-31,public,estimated
S001520,C00052,F00208,lithography,848620,162747359,74.6,42,2021-06-01,2027-12-31,third_party,estimated
S001521,C00053,F00208,lithography,848620,55412640,25.4,66,2021-08-01,2023-12-31,third_party,estimated
S001522,C00061,F00208,etch,848620,88191180,53.9,19,2021-01-01,2023-12-31,third_party,estimated
S001523,C00063,F00208,etch,848620,75428820,46.1,40,2021-10-01,2025-12-31,third_party,estimated
S001524,C00069,F00208,deposition,848620,116824680,71.4,35,2019-06-01,2024-12-31,third_party,estimated
S001525,C00072,F00208,deposition,848620,18161820,11.1,37,2019-06-01,2022-12-31,third_party,estimated
S001526,C00073,F00208,deposition,848620,28633500,17.5,40,2019-04-01,2024-12-31,third_party,estimated
S001527,C00078,F00208,metrology,848620,60539399,66.6,16,2017-07-01,2022-12-31,public,estimated
S001528,C00079,F00208,metrology,848620,30360600,33.4,16,2017-12-01,2022-12-31,third_party,estimated
S001529,C00087,F00208,cleaning,848620,63630000,100.0,23,2025-12-01,2027-12-31,third_party,estimated
S001530,C00090,F00208,ion_implant,848620,23043150,50.7,25,2018-12-01,2022-12-31,third_party,estimated
S001531,C00092,F00208,ion_implant,848620,22406850,49.3,32,2018-04-01,2022-12-31,third_party,estimated
S001532,C00004,F00208,wafers,381800,31033260,56.9,9,2017-05-01,2023-12-31,third_party,estimated
S001533,C00008,F00208,wafers,381800,23506740,43.1,10,2017-02-01,2021-12-31,third_party,estimated
S001534,C00017,F00208,photoresist,381800,36360000,100.0,10,2019-08-01,2025-12-31,third_party,estimated
S001535,C00025,F00208,specialty_gases,381800,27270000,100.0,14,2022-04-01,2024-12-31,third_party,estimated
S001536,C00030,F00208,wet_chemicals,381800,19688940,72.2,15,2020-01-01,2022-12-31,third_party,estimated
S001537,C00031,F00208,wet_chemicals,381800,4172310,15.3,13,2020-07-01,2026-12-31,third_party,estimated
S001538,C00036,F00208,wet_chemicals,381800,3408750,12.5,10,2020-09-01,2023-12-31,third_party,estimated
S001539,C00046,F00208,cmp_slurry,381800,272700,1.5,11,2024-08-01,2030-12-31,third_party,estimated
S001540,C00047,F00208,cmp_slurry,381800,12835080,70.6,4,2024-06-01,2030-12-31,third_party,estimated
S001541,C00050,F00208,cmp_slurry,381800,5072220,27.9,7,2024-11-01,2027-12-31,third_party,estimated
S001542,C00051,F00209,lithography,848620,65085120,55.8,55,2019-01-01,2023-12-31,third_party,estimated
S001543,C00053,F00209,lithography,848620,51554880,44.2,50,2019-07-01,2024-12-31,public,estimated
S001544,C00058,F00209,etch,848620,76282560,87.2,15,2022-09-01,2025-12-31,third_party,estimated
S001545,C00061,F00209,etch,848620,9272880,10.6,12,2022-04-01,2024-12-31,third_party,estimated
S001546,C00062,F00209,etch,848620,1924560,2.2,32,2022-06-01,2024-12-31,third_party,estimated
S001547,C00064,F00209,deposition,848620,45752040,52.3,37,2023-08-01,2026-12-31,third_party,estimated
S001548,C00070,F00209,deposition,848620,31230360,35.7,13,2023-02-01,2028-12-31,public,estimated
S001549,C00073,F00209,deposition,848620,10497600,12.0,11,2023-08-01,2029-12-31,public,estimated
S001550,C00078,F00209,metrology,848620,38248200,78.7,31,2021-08-01,2027-12-31,third_party,estimated
S001551,C00079,F00209,metrology,848620,10351800,21.3,31,2021-02-01,2025-12-31,third_party,estimated
S001552,C00084,F00209,cleaning,848620,16805880,49.4,11,2018-08-01,2023-12-31,third_party,estimated
S001553,C00085,F00209,cleaning,848620,9083340,26.7,29,2018-07-01,2024-12-31,third_party,estimated
S001554,C00087,F00209,cleaning,848620,8130780,23.9,12,2018-09-01,2023-12-31,third_party,estimated
S001555,C00091,F00209,ion_implant,848620,2527200,10.4,30,2019-06-01,2021-12-31,third_party,estimated
S001556,C00092,F00209,ion_implant,848620,21772800,89.6,39,2019-03-01,2022-12-31,third_party,estimated
S001557,C00001,F00209,wafers,381800,19449720,66.7,9,2025-03-01,2027-12-31,public,estimated
S001558,C00004,F00209,wafers,381800,1691280,5.8,10,2025-03-01,2028-12-31,third_party,estimated
S001559,C00009,F00209,wafers,381800,8019000,27.5,12,2025-02-01,2028-12-31,third_party,estimated
S001560,C00014,F00209,photoresist,381800,7542720,38.8,15,2019-05-01,2022-12-31,third_party,estimated
S001561,C00016,F00209,photoresist,381800,913680,4.7,15,2019-06-01,2025-12-31,third_party,estimated
S001562,C00020,F00209,photoresist,381800,10983600,56.5,13,2019-04-01,2023-12-31,third_party,estimated
S001563,C00027,F00209,specialty_gases,381800,14580000,100.0,11,2020-09-01,2026-12-31,third_party,estimated
S001564,C00029,F00209,wet_chemicals,381800,2464019,16.9,6,2017-11-01,2019-12-31,public,estimated
S001565,C00032,F00209,wet_chemicals,381800,8339760,57.2,4,2017-08-01,2023-12-31,third_party,estimated
S001566,C00035,F00209,wet_chemicals,381800,3776220,25.9,10,2017-05-01,2020-12-31,public,estimated
S001567,C00046,F00209,cmp_slurry,381800,2818800,29.0,8,2017-01-01,2019-12-31,public,estimated
S001568,C00049,F00209,cmp_slurry,381800,4928040,50.7,15,2017-08-01,2021-12-31,third_party,estimated
S001569,C00050,F00209,cmp_slurry,381800,1973160,20.3,15,2017-05-01,2022-12-31,third_party,estimated
S001570,C00053,F00210,lithography,848620,98832960,49.2,40,2025-09-01,2031-12-31,public,estimated
S001571,C00054,F00210,lithography,848620,102047040,50.8,76,2025-11-01,2029-12-31,public,estimated
S001572,C00061,F00210,etch,848620,97778340,64.9,20,2024-04-01,2028-12-31,public,estimated
S001573,C00063,F00210,etch,848620,52881660,35.1,37,2024-06-01,2026-12-31,third_party,estimated
S001574,C00068,F00210,deposition,848620,87081480,57.8,10,2023-11-01,2027-12-31,third_party,estimated
S001575,C00073,F00210,deposition,848620,63578520,42.2,35,2023-10-01,2025-12-31,public,estimated
S001576,C00078,F00210,metrology,848620,34735500,41.5,29,2025-12-01,2028-12-31,third_party,estimated
S001577,C00080,F00210,metrology,848620,48964500,58.5,19,2025-06-01,2029-12-31,third_party,estimated
S001578,C00084,F00210,cleaning,848620,24490620,41.8,39,2023-10-01,2025-12-31,public,estimated
S001579,C00087,F00210,cleaning,848620,34099380,58.2,18,2023-11-01,2027-12-31,third_party,estimated
S001580,C00090,F00210,ion_implant,848620,37246500,89.0,13,2024-10-01,2026-12-31,third_party,estimated
S001581,C00091,F00210,ion_implant,848620,4603500,11.0,21,2024-12-01,2029-12-31,public,estimated
S001582,C00006,F00210,wafers,381800,50220000,100.0,10,2025-08-01,2031-12-31,third_party,estimated
S001583,C00014,F00210,photoresist,381800,10378800,31.0,12,2025-10-01,2028-12-31,third_party,estimated
S001584,C00015,F00210,photoresist,381800,23101200,69.0,2,2025-03-01,2030-12-31,third_party,estimated
S001585,C00021,F00210,specialty_gases,381800,10119329,40.3,7,2023-04-01,2026-12-31,third_party,estimated
S001586,C00026,F00210,specialty_gases,381800,14990670,59.7,16,2023-06-01,2026-12-31,third_party,estimated
S001587,C00030,F00210,wet_chemicals,381800,2561219,10.2,2,2024-08-01,2027-12-31,third_party,estimated
S001588,C00031,F00210,wet_chemicals,381800,21469050,85.5,13,2024-04-01,2026-12-31,third_party,estimated
S001589,C00035,F00210,wet_chemicals,381800,1079730,4.3,13,2024-06-01,2030-12-31,third_party,estimated
S001590,C00049,F00210,cmp_slurry,381800,2310120,13.8,14,2024-01-01,2029-12-31,third_party,estimated
S001591,C00050,F00210,cmp_slurry,381800,14429880,86.2,7,2024-10-01,2029-12-31,third_party,estimated
S001592,C00053,F00211,lithography,848620,70800000,100.0,27,2025-11-01,2028-12-31,third_party,estimated
S001593,C00055,F00211,etch,848620,15505200,21.9,11,2020-05-01,2024-12-31,third_party,estimated
S001594,C00056,F00211,etch,848620,15292800,21.6,17,2020-02-01,2022-12-31,public,estimated
S001595,C00058,F00211,etch,848620,40002000,56.5,39,2020-11-01,2026-12-31,third_party,estimated
S001596,C00065,F00211,deposition,848620,70800000,100.0,24,2019-01-01,2022-12-31,public,estimated
S001597,C00075,F00211,metrology,848620,35400000,100.0,16,2017-09-01,2020-12-31,third_party,estimated
S001598,C00087,F00211,cleaning,848620,24780000,100.0,38,2023-01-01,2029-12-31,public,estimated
S001599,C00089,F00211,ion_implant,848620,17700000,100.0,23,2020-08-01,2024-12-31,third_party,estimated
S001600,C00001,F00211,wafers,381800,22351560,90.2,16,2023-10-01,2025-12-31,third_party,estimated
S001601,C00004,F00211,wafers,381800,2428440,9.8,12,2023-09-01,2029-12-31,public,estimated
S001602,C00019,F00211,photoresist,381800,14160000,100.0,9,2019-12-01,2022-12-31,third_party,estimated
S001603,C00024,F00211,specialty_gases,381800,4786079,33.8,4,2018-05-01,2021-12-31,public,estimated
S001604,C00025,F00211,specialty_gases,381800,7476480,52.8,8,2018-04-01,2021-12-31,third_party,estimated
S001605,C00026,F00211,specialty_gases,381800,1897440,13.4,6,2018-10-01,2020-12-31,public,estimated
S001606,C00031,F00211,wet_chemicals,381800,1051380,9.9,9,2020-02-01,2023-12-31,third_party,estimated
S001607,C00033,F00211,wet_chemicals,381800,9568619,90.1,3,2020-05-01,2024-12-31,third_party,estimated
S001608,C00054,F00212,lithography,848620,153600000,100.0,59,2020-07-01,2023-12-31,third_party,estimated
S001609,C00057,F00212,etch,848620,153600000,100.0,14,2023-04-01,2025-12-31,public,estimated
S001610,C00064,F00212,deposition,848620,42547200,27.7,16,2023-07-01,2027-12-31,third_party,estimated
S001611,C00065,F00212,deposition,848620,50534400,32.9,17,2023-01-01,2025-12-31,third_party,estimated
S001612,C00072,F00212,deposition,848620,60518400,39.4,9,2023-05-01,2026-12-31,public,estimated
S001613,C00075,F00212,metrology,848620,70195200,91.4,21,2025-09-01,2030-12-31,third_party,estimated
S001614,C00079,F00212,metrology,848620,6604800,8.6,16,2025-04-01,2030-12-31,public,estimated
S001615,C00084,F00212,cleaning,848620,49512960,92.1,11,2019-05-01,2024-12-31,third_party,estimated
S001616,C00085,F00212,cleaning,848620,4247040,7.9,34,2019-01-01,2023-12-31,public,estimated
S001617,C00088,F00212,ion_implant,848620,17779200,46.3,31,2022-06-01,2028-12-31,third_party,estimated
S001618,C00089,F00212,ion_implant,848620,15705600,40.9,38,2022-08-01,2024-12-31,public,estimated
S001619,C00092,F00212,ion_implant,848620,4915200,12.8,14,2022-04-01,2024-12-31,third_party,estimated
S001620,C00001,F00212,wafers,381800,13224960,24.6,7,2025-11-01,2030-12-31,third_party,estimated
S001621,C00003,F00212,wafers,381800,14999040,27.9,8,2025-05-01,2029-12-31,public,estimated
S001622,C00008,F00212,wafers,381800,25536000,47.5,16,2025-01-01,2031-12-31,third_party,estimated
S001623,C00014,F00212,photoresist,381800,19875840,64.7,10,2018-01-01,2020-12-31,public,estimated
S001624,C00016,F00212,photoresist,381800,10844160,35.3,9,2018-05-01,2023-12-31,third_party,estimated
S001625,C00022,F00212,specialty_gases,381800,15083520,49.1,9,2020-11-01,2025-12-31,third_party,estimated
S001626,C00026,F00212,specialty_gases,381800,15636480,50.9,7,2020-07-01,2024-12-31,third_party,estimated
S001627,C00035,F00212,wet_chemicals,381800,23040000,100.0,2,2022-12-01,2024-12-31,public,estimated
S001628,C00053,F00213,lithography,848620,63374400,65.2,47,2019-08-01,2024-12-31,third_party,estimated
S001629,C00054,F00213,lithography,848620,33825599,34.8,70,2019-10-01,2025-12-31,third_party,estimated
S001630,C00057,F00213,etch,848620,42476400,43.7,33,2021-02-01,2025-12-31,public,estimated
S001631,C00061,F00213,etch,848620,54723600,56.3,18,2021-02-01,2025-12-31,third_party,estimated
S001632,C00068,F00213,deposition,848620,53751600,55.3,23,2024-09-01,2030-12-31,third_party,estimated
S001633,C00069,F00213,deposition,848620,37713599,38.8,34,2024-01-01,2030-12-31,public,estimated
S001634,C00071,F00213,deposition,848620,5734800,5.9,35,2024-07-01,2026-12-31,public,estimated
S001635,C00080,F00213,metrology,848620,48600000,100.0,9,2019-02-01,2023-12-31,third_party,estimated
S001636,C00085,F00213,cleaning,848620,1701000,5.0,17,2023-04-01,2028-12-31,third_party,estimated
S001637,C00086,F00213,cleaning,848620,32319000,95.0,21,2023-05-01,2027-12-31,third_party,estimated
S001638,C00089,F00213,ion_implant,848620,24300000,100.0,39,2018-07-01,2023-12-31,third_party,estimated
S001639,C00009,F00213,wafers,381800,34020000,100.0,8,2018-04-01,2020-12-31,public,estimated
S001640,C00020,F00213,photoresist,381800,19440000,100.0,15,2022-01-01,2025-12-31,public,estimated
S001641,C00026,F00213,specialty_gases,381800,19440000,100.0,10,2025-01-01,2031-12-31,third_party,estimated
S001642,C00030,F00213,wet_chemicals,381800,7173360,49.2,11,2022-05-01,2025-12-31,third_party,estimated
S001643,C00032,F00213,wet_chemicals,381800,7406640,50.8,6,2022-10-01,2026-12-31,third_party,estimated
S001644,C00053,F00214,lithography,848620,113250000,62.5,46,2017-05-01,2023-12-31,third_party,estimated
S001645,C00054,F00214,lithography,848620,67950000,37.5,62,2017-08-01,2021-12-31,third_party,estimated
S001646,C00062,F00214,etch,848620,181200000,100.0,33,2020-03-01,2023-12-31,third_party,estimated
S001647,C00064,F00214,deposition,848620,181200000,100.0,8,2018-05-01,2021-12-31,third_party,estimated
S001648,C00074,F00214,metrology,848620,90600000,100.0,18,2018-09-01,2020-12-31,third_party,estimated
S001649,C00084,F00214,cleaning,848620,63420000,100.0,9,2021-11-01,2026-12-31,third_party,estimated
S001650,C00089,F00214,ion_implant,848620,21879900,48.3,14,2018-07-01,2024-12-31,public,estimated
S001651,C00090,F00214,ion_implant,848620,9603600,21.2,31,2018-08-01,2023-12-31,third_party,estimated
S001652,C00092,F00214,ion_implant,848620,13816500,30.5,21,2018-06-01,2022-12-31,public,estimated
S001653,C00001,F00214,wafers,381800,28856100,45.5,10,2017-10-01,2023-12-31,public,estimated
S001654,C00007,F00214,wafers,381800,34563900,54.5,12,2017-01-01,2022-12-31,public,estimated
S001655,C00015,F00214,photoresist,381800,13408800,37.0,6,2023-10-01,2025-12-31,third_party,estimated
S001656,C00019,F00214,photoresist,381800,22831200,63.0,5,2023-08-01,2028-12-31,third_party,estimated
S001657,C00021,F00214,specialty_gases,381800,13771200,38.0,15,2024-04-01,2028-12-31,third_party,estimated
S001658,C00025,F00214,specialty_gases,381800,22468800,62.0,15,2024-12-01,2026-12-31,public,estimated
S001659,C00029,F00214,wet_chemicals,381800,11551500,42.5,12,2022-03-01,2028-12-31,third_party,estimated
S001660,C00032,F00214,wet_chemicals,381800,4593419,16.9,3,2022-12-01,2026-12-31,public,estimated
S001661,C00035,F00214,wet_chemicals,381800,11035080,40.6,16,2022-04-01,2027-12-31,third_party,estimated
S001662,C00053,F00215,lithography,848620,37004400,54.1,36,2019-09-01,2025-12-31,public,estimated
S001663,C00054,F00215,lithography,848620,31395600,45.9,76,2019-06-01,2021-12-31,third_party,estimated
S001664,C00056,F00215,etch,848620,22230000,32.5,25,2024-07-01,2028-12-31,third_party,estimated
S001665,C00062,F00215,etch,848620,46170000,67.5,23,2024-07-01,2028-12-31,public,estimated
S001666,C00064,F00215,deposition,848620,26744400,39.1,35,2025-12-01,2029-12-31,public,estimated
S001667,C00069,F00215,deposition,848620,18604800,27.2,8,2025-03-01,2030-12-31,third_party,estimated
S001668,C00071,F00215,deposition,848620,23050800,33.7,20,2025-01-01,2030-12-31,public,estimated
S001669,C00075,F00215,metrology,848620,16039800,46.9,11,2023-01-01,2029-12-31,third_party,estimated
S001670,C00078,F00215,metrology,848620,1436400,4.2,11,2023-04-01,2027-12-31,public,estimated
S001671,C00080,F00215,metrology,848620,16723800,48.9,23,2023-04-01,2026-12-31,third_party,estimated
S001672,C00084,F00215,cleaning,848620,4141620,17.3,36,2023-06-01,2026-12-31,third_party,estimated
S001673,C00085,F00215,cleaning,848620,19798380,82.7,15,2023-07-01,2027-12-31,third_party,estimated
S001674,C00089,F00215,ion_implant,848620,14569200,85.2,30,2020-08-01,2022-12-31,third_party,estimated
S001675,C00092,F00215,ion_implant,848620,2530800,14.8,25,2020-11-01,2022-12-31,third_party,estimated
S001676,C00002,F00215,wafers,381800,9576000,40.0,16,2021-05-01,2024-12-31,third_party,estimated
S001677,C00003,F00215,wafers,381800,2872800,12.0,8,2021-11-01,2027-12-31,public,estimated
S001678,C00009,F00215,wafers,381800,11491200,48.0,13,2021-11-01,2027-12-31,third_party,estimated
S001679,C00014,F00215,photoresist,381800,328320,2.4,2,2022-11-01,2024-12-31,public,estimated
S001680,C00016,F00215,photoresist,381800,1860480,13.6,9,2022-09-01,2026-12-31,third_party,estimated
S001681,C00019,F00215,photoresist,381800,11491200,84.0,14,2022-05-01,2024-12-31,third_party,estimated
S001682,C00022,F00215,specialty_gases,381800,1149120,8.4,15,2023-06-01,2029-12-31,public,estimated
S001683,C00025,F00215,specialty_gases,381800,6251760,45.7,8,2023-01-01,2026-12-31,third_party,estimated
S001684,C00026,F00215,specialty_gases,381800,6279120,45.9,9,2023-11-01,2025-12-31,third_party,estimated
S001685,C00032,F00215,wet_chemicals,381800,2021220,19.7,9,2019-10-01,2022-12-31,public,estimated
S001686,C00033,F00215,wet_chemicals,381800,8238780,80.3,12,2019-03-01,2025-12-31,third_party,estimated
S001687,C00053,F00216,lithography,848620,164400000,100.0,32,2021-10-01,2025-12-31,public,estimated
S001688,C00057,F00216,etch,848620,127903200,77.8,19,2017-01-01,2022-12-31,third_party,estimated
S001689,C00061,F00216,etch,848620,36496800,22.2,37,2017-08-01,2022-12-31,third_party,estimated
S001690,C00072,F00216,deposition,848620,164400000,100.0,29,2020-08-01,2023-12-31,public,estimated
S001691,C00080,F00216,metrology,848620,66828600,81.3,36,2024-04-01,2030-12-31,third_party,estimated
S001692,C00081,F00216,metrology,848620,15371400,18.7,36,2024-05-01,2030-12-31,public,estimated
S001693,C00085,F00216,cleaning,848620,57540000,100.0,20,2019-09-01,2024-12-31,public,estimated
S001694,C00090,F00216,ion_implant,848620,32962200,80.2,27,2017-02-01,2021-12-31,third_party,estimated
S001695,C00091,F00216,ion_implant,848620,1808400,4.4,9,2017-10-01,2020-12-31,public,estimated
S001696,C00092,F00216,ion_implant,848620,6329400,15.4,30,2017-05-01,2023-12-31,public,estimated
S001697,C00002,F00216,wafers,381800,13406820,23.3,5,2022-02-01,2026-12-31,third_party,estimated
S001698,C00003,F00216,wafers,381800,44133180,76.7,2,2022-11-01,2024-12-31,third_party,estimated
S001699,C00014,F00216,photoresist,381800,26731440,81.3,11,2023-03-01,2027-12-31,third_party,estimated
S001700,C00019,F00216,photoresist,381800,6148560,18.7,9,2023-12-01,2028-12-31,third_party,estimated
S001701,C00024,F00216,specialty_gases,381800,32880000,100.0,3,2018-03-01,2023-12-31,public,estimated
S001702,C00031,F00216,wet_chemicals,381800,5622480,22.8,3,2017-10-01,2020-12-31,third_party,estimated
S001703,C00032,F00216,wet_chemicals,381800,19037520,77.2,15,2017-02-01,2023-12-31,third_party,estimated
S001704,C00053,F00217,lithography,848620,138093599,70.6,26,2021-01-01,2026-12-31,third_party,estimated
S001705,C00054,F00217,lithography,848620,57506400,29.4,78,2021-11-01,2024-12-31,third_party,estimated
S001706,C00056,F00217,etch,848620,36381600,18.6,24,2023-07-01,2028-12-31,third_party,estimated
S001707,C00061,F00217,etch,848620,104450400,53.4,8,2023-03-01,2029-12-31,third_party,estimated
S001708,C00063,F00217,etch,848620,54768000,28.0,15,2023-03-01,2027-12-31,third_party,estimated
S001709,C00064,F00217,deposition,848620,90758400,46.4,29,2024-08-01,2027-12-31,public,estimated
S001710,C00068,F00217,deposition,848620,33447600,17.1,19,2024-08-01,2027-12-31,third_party,estimated
S001711,C00069,F00217,deposition,848620,71394000,36.5,33,2024-05-01,2027-12-31,third_party,estimated
S001712,C00081,F00217,metrology,848620,97800000,100.0,18,2019-11-01,2023-12-31,third_party,estimated
S001713,C00085,F00217,cleaning,848620,68460000,100.0,19,2023-11-01,2026-12-31,third_party,estimated
S001714,C00091,F00217,ion_implant,848620,30122400,61.6,24,2024-12-01,2028-12-31,third_party,estimated
S001715,C00092,F00217,ion_implant,848620,18777600,38.4,9,2024-12-01,2030-12-31,public,estimated
S001716,C00004,F00217,wafers,381800,68460000,100.0,4,2020-09-01,2023-12-31,third_party,estimated
S001717,C00016,F00217,photoresist,381800,39120000,100.0,14,2022-01-01,2026-12-31,public,estimated
S001718,C00021,F00217,specialty_gases,381800,30670080,78.4,3,2023-08-01,2028-12-31,public,estimated
S001719,C00025,F00217,specialty_gases,381800,8449920,21.6,2,2023-06-01,2028-12-31,third_party,estimated
S001720,C00029,F00217,wet_chemicals,381800,29340000,100.0,9,2021-06-01,2023-12-31,public,estimated
S001721,C00054,F00218,lithography,848620,201600000,100.0,37,2022-04-01,2028-12-31,public,estimated
S001722,C00058,F00218,etch,848620,201600000,100.0,28,2024-11-01,2030-12-31,third_party,estimated
S001723,C00068,F00218,deposition,848620,44755200,22.2,40,2024-05-01,2026-12-31,third_party,estimated
S001724,C00072,F00218,deposition,848620,78220799,38.8,13,2024-02-01,2030-12-31,public,estimated
S001725,C00073,F00218,deposition,848620,78624000,39.0,31,2024-08-01,2030-12-31,third_party,estimated
S001726,C00078,F00218,metrology,848620,46368000,46.0,13,2025-11-01,2029-12-31,third_party,estimated
S001727,C00079,F00218,metrology,848620,8668800,8.6,24,2025-03-01,2030-12-31,public,estimated
S001728,C00081,F00218,metrology,848620,45763200,45.4,30,2025-04-01,2031-12-31,public,estimated
S001729,C00086,F00218,cleaning,848620,70560000,100.0,34,2025-07-01,2027-12-31,third_party,estimated
S001730,C00091,F00218,ion_implant,848620,37900800,75.2,11,2018-11-01,2022-12-31,third_party,estimated
S001731,C00092,F00218,ion_implant,848620,12499200,24.8,39,2018-09-01,2020-12-31,third_party,estimated
S001732,C00005,F00218,wafers,381800,49956480,70.8,2,2018-04-01,2024-12-31,third_party,estimated
S001733,C00007,F00218,wafers,381800,20603520,29.2,9,2018-12-01,2023-12-31,public,estimated
S001734,C00016,F00218,photoresist,381800,35562240,88.2,12,2023-03-01,2029-12-31,third_party,estimated
S001735,C00020,F00218,photoresist,381800,4757760,11.8,2,2023-01-01,2028-12-31,third_party,estimated
S001736,C00022,F00218,specialty_gases,381800,40320000,100.0,12,2025-01-01,2030-12-31,third_party,estimated
S001737,C00029,F00218,wet_chemicals,381800,6320160,20.9,10,2019-04-01,2021-12-31,public,estimated
S001738,C00030,F00218,wet_chemicals,381800,21440160,70.9,3,2019-07-01,2025-12-31,public,estimated
S001739,C00034,F00218,wet_chemicals,381800,2479679,8.2,12,2019-06-01,2023-12-31,public,estimated
S001740,C00053,F00219,lithography,848620,45667200,26.8,56,2024-11-01,2029-12-31,third_party,estimated
S001741,C00054,F00219,lithography,848620,124732800,73.2,39,2024-02-01,2028-12-31,third_party,estimated
S001742,C00057,F00219,etch,848620,64581600,37.9,24,2025-03-01,2029-12-31,public,estimated
S001743,C00061,F00219,etch,848620,105818400,62.1,8,2025-08-01,2029-12-31,third_party,estimated
S001744,C00069,F00219,deposition,848620,19084799,11.2,23,2020-10-01,2023-12-31,public,estimated
S001745,C00072,F00219,deposition,848620,151315200,88.8,15,2020-01-01,2026-12-31,third_party,estimated
S001746,C00079,F00219,metrology,848620,85200000,100.0,24,2018-09-01,2022-12-31,third_party,estimated
S001747,C00084,F00219,cleaning,848620,27374760,45.9,20,2025-02-01,2030-12-31,public,estimated
S001748,C00085,F00219,cleaning,848620,21589680,36.2,24,2025-09-01,2030-12-31,third_party,estimated
S001749,C00087,F00219,cleaning,848620,10675560,17.9,30,2025-03-01,2030-12-31,third_party,estimated
S001750,C00088,F00219,ion_implant,848620,29308800,68.8,27,2020-02-01,2024-12-31,third_party,estimated
S001751,C00090,F00219,ion_implant,848620,8349600,19.6,34,2020-02-01,2026-12-31,third_party,estimated
S001752,C00092,F00219,ion_implant,848620,4941600,11.6,20,2020-08-01,2023-12-31,third_party,estimated
S001753,C00004,F00219,wafers,381800,28925400,48.5,11,2021-01-01,2027-12-31,public,estimated
S001754,C00008,F00219,wafers,381800,30714600,51.5,12,2021-04-01,2027-12-31,public,estimated
S001755,C00016,F00219,photoresist,381800,545280,1.6,15,2021-10-01,2027-12-31,third_party,estimated
S001756,C00020,F00219,photoresist,381800,33534720,98.4,6,2021-08-01,2025-12-31,third_party,estimated
S001757,C00023,F00219,specialty_gases,381800,14892960,43.7,16,2025-11-01,2027-12-31,third_party,estimated
S001758,C00025,F00219,specialty_gases,381800,19187040,56.3,8,2025-03-01,2027-12-31,third_party,estimated
S001759,C00030,F00219,wet_chemicals,381800,9252720,36.2,12,2017-07-01,2021-12-31,public,estimated
S001760,C00031,F00219,wet_chemicals,381800,16307280,63.8,3,2017-11-01,2020-12-31,third_party,estimated
S001761,C00053,F00220,lithography,848620,21445200,11.1,59,2020-10-01,2023-12-31,third_party,estimated
S001762,C00054,F00220,lithography,848620,171754800,88.9,32,2020-01-01,2024-12-31,public,estimated
S001763,C00058,F00220,etch,848620,17194800,8.9,24,2017-05-01,2019-12-31,third_party,estimated
S001764,C00060,F00220,etch,848620,176005200,91.1,32,2017-08-01,2022-12-31,third_party,estimated
S001765,C00073,F00220,deposition,848620,193200000,100.0,13,2025-08-01,2027-12-31,public,estimated
S001766,C00078,F00220,metrology,848620,33810000,35.0,11,2018-10-01,2022-12-31,third_party,estimated
S001767,C00079,F00220,metrology,848620,62790000,65.0,9,2018-11-01,2020-12-31,third_party,estimated
S001768,C00086,F00220,cleaning,848620,65253300,96.5,10,2019-05-01,2021-12-31,third_party,estimated
S001769,C00087,F00220,cleaning,848620,2366700,3.5,21,2019-03-01,2023-12-31,third_party,estimated
S001770,C00090,F00220,ion_implant,848620,13813800,28.6,28,2020-10-01,2026-12-31,third_party,estimated
S001771,C00092,F00220,ion_implant,848620,34486200,71.4,10,2020-03-01,2026-12-31,third_party,estimated
S001772,C00002,F00220,wafers,381800,45170160,66.8,6,2024-10-01,2030-12-31,third_party,estimated
S001773,C00006,F00220,wafers,381800,22449840,33.2,6,2024-01-01,2026-12-31,public,estimated
S001774,C00014,F00220,photoresist,381800,2666160,6.9,3,2024-04-01,2030-12-31,third_party,estimated
S001775,C00017,F00220,photoresist,381800,5100480,13.2,7,2024-05-01,2030-12-31,public,estimated
S001776,C00020,F00220,photoresist,381800,30873360,79.9,13,2024-04-01,2030-12-31,public,estimated
S001777,C00022,F00220,specialty_gases,381800,12480720,32.3,4,2017-03-01,2022-12-31,third_party,estimated
S001778,C00028,F00220,specialty_gases,381800,26159280,67.7,12,2017-02-01,2022-12-31,public,estimated
S001779,C00034,F00220,wet_chemicals,381800,3999240,13.8,10,2020-11-01,2022-12-31,third_party,estimated
S001780,C00036,F00220,wet_chemicals,381800,24980760,86.2,5,2020-09-01,2024-12-31,public,estimated
S001781,C00053,F00221,lithography,848620,99532800,86.4,35,2022-03-01,2026-12-31,public,estimated
S001782,C00054,F00221,lithography,848620,15667200,13.6,38,2022-12-01,2028-12-31,third_party,estimated
S001783,C00057,F00221,etch,848620,115200000,100.0,23,2019-02-01,2021-12-31,third_party,estimated
S001784,C00073,F00221,deposition,848620,115200000,100.0,27,2019-12-01,2025-12-31,public,estimated
S001785,C00078,F00221,metrology,848620,27705600,48.1,27,2020-08-01,2022-12-31,public,estimated
S001786,C00079,F00221,metrology,848620,29894400,51.9,37,2020-04-01,2024-12-31,public,estimated
S001787,C00084,F00221,cleaning,848620,1572480,3.9,14,2021-06-01,2027-12-31,third_party,estimated
S001788,C00086,F00221,cleaning,848620,38747520,96.1,21,2021-05-01,2027-12-31,third_party,estimated
S001789,C00090,F00221,ion_implant,848620,10713600,37.2,31,2025-12-01,2030-12-31,third_party,estimated
S001790,C00091,F00221,ion_implant,848620,7488000,26.0,29,2025-10-01,2028-12-31,public,estimated
S001791,C00092,F00221,ion_implant,848620,10598399,36.8,11,2025-01-01,2027-12-31,third_party,estimated
S001792,C00007,F00221,wafers,381800,36650880,90.9,14,2019-08-01,2024-12-31,third_party,estimated
S001793,C00008,F00221,wafers,381800,3669120,9.1,5,2019-05-01,2024-12-31,public,estimated
S001794,C00014,F00221,photoresist,381800,23040000,100.0,5,2023-11-01,2027-12-31,third_party,estimated
S001795,C00025,F00221,specialty_gases,381800,7464960,32.4,7,2020-02-01,2022-12-31,third_party,estimated
S001796,C00027,F00221,specialty_gases,381800,15575039,67.6,8,2020-12-01,2024-12-31,third_party,estimated
S001797,C00029,F00221,wet_chemicals,381800,7914240,45.8,12,2024-08-01,2026-12-31,third_party,estimated
S001798,C00034,F00221,wet_chemicals,381800,9365760,54.2,8,2024-08-01,2027-12-31,public,estimated
S001799,C00053,F00222,lithography,848620,164400000,100.0,67,2024-06-01,2030-12-31,third_party,estimated
S001800,C00057,F00222,etch,848620,17919600,10.9,29,2018-08-01,2022-12-31,third_party,estimated
S001801,C00061,F00222,etch,848620,131355600,79.9,10,2018-02-01,2023-12-31,third_party,estimated
S001802,C00062,F00222,etch,848620,15124800,9.2,16,2018-10-01,2024-12-31,third_party,estimated
S001803,C00072,F00222,deposition,848620,164400000,100.0,29,2019-04-01,2024-12-31,third_party,estimated
S001804,C00079,F00222,metrology,848620,70198800,85.4,34,2024-08-01,2027-12-31,public,estimated
S001805,C00081,F00222,metrology,848620,12001200,14.6,18,2024-04-01,2029-12-31,third_party,estimated
S001806,C00086,F00222,cleaning,848620,38321640,66.6,11,2022-09-01,2025-12-31,public,estimated
S001807,C00087,F00222,cleaning,848620,19218360,33.4,10,2022-08-01,2026-12-31,third_party,estimated
S001808,C00090,F00222,ion_implant,848620,40524600,98.6,9,2023-09-01,2026-12-31,third_party,estimated
S001809,C00092,F00222,ion_implant,848620,575400,1.4,26,2023-10-01,2027-12-31,third_party,estimated
S001810,C00004,F00222,wafers,381800,37861320,65.8,3,2020-08-01,2024-12-31,third_party,estimated
S001811,C00009,F00222,wafers,381800,19678680,34.2,4,2020-01-01,2024-12-31,third_party,estimated
S001812,C00014,F00222,photoresist,381800,12724560,38.7,7,2017-08-01,2019-12-31,public,estimated
S001813,C00015,F00222,photoresist,381800,6247200,19.0,16,2017-02-01,2023-12-31,public,estimated
S001814,C00019,F00222,photoresist,381800,13908240,42.3,4,2017-09-01,2019-12-31,third_party,estimated
S001815,C00021,F00222,specialty_gases,381800,20550000,62.5,2,2021-06-01,2026-12-31,third_party,estimated
S001816,C00026,F00222,specialty_gases,381800,12330000,37.5,7,2021-11-01,2026-12-31,public,estimated
S001817,C00030,F00222,wet_chemicals,381800,24660000,100.0,16,2024-02-01,2030-12-31,public,estimated
S001818,C00053,F00223,lithography,848620,55620000,51.5,68,2021-06-01,2026-12-31,third_party,estimated
S001819,C00054,F00223,lithography,848620,52380000,48.5,41,2021-06-01,2024-12-31,third_party,estimated
S001820,C00063,F00223,etch,848620,108000000,100.0,12,2021-12-01,2026-12-31,third_party,estimated
S001821,C00072,F00223,deposition,848620,33804000,31.3,27,2020-09-01,2025-12-31,third_party,estimated
S001822,C00073,F00223,deposition,848620,74196000,68.7,32,2020-11-01,2023-12-31,public,estimated
S001823,C00079,F00223,metrology,848620,3726000,6.9,15,2020-01-01,2022-12-31,third_party,estimated
S001824,C00080,F00223,metrology,848620,47790000,88.5,36,2020-12-01,2023-12-31,public,estimated
S001825,C00081,F00223,metrology,848620,2483999,4.6,29,2020-07-01,2025-12-31,public,estimated
S001826,C00084,F00223,cleaning,848620,21205800,56.1,32,2022-12-01,2028-12-31,third_party,estimated
S001827,C00085,F00223,cleaning,848620,16594200,43.9,39,2022-09-01,2026-12-31,third_party,estimated
S001828,C00090,F00223,ion_implant,848620,27000000,100.0,31,2024-12-01,2027-12-31,third_party,estimated
S001829,C00002,F00223,wafers,381800,34095600,90.2,6,2018-10-01,2023-12-31,third_party,estimated
S001830,C00009,F00223,wafers,381800,3704400,9.8,5,2018-01-01,2020-12-31,third_party,estimated
S001831,C00014,F00223,photoresist,381800,10432799,48.3,9,2019-01-01,2021-12-31,public,estimated
S001832,C00017,F00223,photoresist,381800,6264000,29.0,8,2019-09-01,2025-12-31,third_party,estimated
S001833,C00019,F00223,photoresist,381800,4903200,22.7,16,2019-06-01,2021-12-31,third_party,estimated
S001834,C00021,F00223,specialty_gases,381800,3650399,16.9,14,2025-04-01,2029-12-31,third_party,estimated
S001835,C00022,F00223,specialty_gases,381800,2700000,12.5,3,2025-12-01,2029-12-31,third_party,estimated
S001836,C00026,F00223,specialty_gases,381800,15249599,70.6,12,2025-07-01,2027-12-31,public,estimated
S001837,C00036,F00223,wet_chemicals,381800,16200000,100.0,11,2021-09-01,2026-12-31,public,estimated
S001838,C00054,F00224,lithography,848620,145200000,100.0,66,2019-06-01,2021-12-31,third_party,estimated
S001839,C00058,F00224,etch,848620,71874000,49.5,29,2022-09-01,2026-12-31,third_party,estimated
S001840,C00062,F00224,etch,848620,73326000,50.5,32,2022-08-01,2026-12-31,third_party,estimated
S001841,C00072,F00224,deposition,848620,145200000,100.0,24,2022-10-01,2024-12-31,third_party,estimated
S001842,C00080,F00224,metrology,848620,72600000,100.0,34,2021-08-01,2025-12-31,third_party,estimated
S001843,C00083,F00224,cleaning,848620,35675640,70.2,16,2020-09-01,2022-12-31,third_party,estimated
S001844,C00085,F00224,cleaning,848620,11993520,23.6,28,2020-05-01,2026-12-31,public,estimated
S001845,C00087,F00224,cleaning,848620,3150840,6.2,19,2020-01-01,2023-12-31,third_party,estimated
S001846,C00090,F00224,ion_implant,848620,36300000,100.0,21,2018-04-01,2023-12-31,third_party,estimated
S001847,C00002,F00224,wafers,381800,34760880,68.4,13,2023-05-01,2029-12-31,third_party,estimated
S001848,C00003,F00224,wafers,381800,16059120,31.6,11,2023-11-01,2025-12-31,public,estimated
S001849,C00018,F00224,photoresist,381800,29040000,100.0,14,2019-05-01,2021-12-31,third_party,estimated
S001850,C00027,F00224,specialty_gases,381800,21896160,75.4,11,2022-06-01,2026-12-31,third_party,estimated
S001851,C00028,F00224,specialty_gases,381800,7143840,24.6,12,2022-06-01,2025-12-31,public,estimated
S001852,C00031,F00224,wet_chemicals,381800,1742400,8.0,12,2017-01-01,2020-12-31,third_party,estimated
S001853,C00032,F00224,wet_chemicals,381800,20037600,92.0,12,2017-02-01,2022-12-31,public,estimated
S001854,C00053,F00225,lithography,848620,80371200,59.8,51,2020-01-01,2022-12-31,public,estimated
S001855,C00054,F00225,lithography,848620,54028800,40.2,44,2020-01-01,2022-12-31,public,estimated
S001856,C00059,F00225,etch,848620,134400000,100.0,16,2024-04-01,2029-12-31,third_party,estimated
S001857,C00065,F00225,deposition,848620,101068800,75.2,18,2025-09-01,2027-12-31,third_party,estimated
S001858,C00071,F00225,deposition,848620,33331200,24.8,20,2025-06-01,2027-12-31,third_party,estimated
S001859,C00078,F00225,metrology,848620,15254400,22.7,16,2018-10-01,2023-12-31,public,estimated
S001860,C00080,F00225,metrology,848620,5443200,8.1,15,2018-01-01,2023-12-31,third_party,estimated
S001861,C00081,F00225,metrology,848620,46502400,69.2,9,2018-10-01,2022-12-31,public,estimated
S001862,C00086,F00225,cleaning,848620,47040000,100.0,9,2022-12-01,2028-12-31,third_party,estimated
S001863,C00090,F00225,ion_implant,848620,19152000,57.0,24,2020-05-01,2025-12-31,public,estimated
S001864,C00091,F00225,ion_implant,848620,2049600,6.1,24,2020-03-01,2024-12-31,third_party,estimated
S001865,C00092,F00225,ion_implant,848620,12398400,36.9,26,2020-08-01,2025-12-31,third_party,estimated
S001866,C00005,F00225,wafers,381800,40360320,85.8,4,2020-10-01,2025-12-31,third_party,estimated
S001867,C00009,F00225,wafers,381800,6679680,14.2,13,2020-11-01,2023-12-31,third_party,estimated
S001868,C00015,F00225,photoresist,381800,8736000,32.5,11,2021-05-01,2023-12-31,third_party,estimated
S001869,C00017,F00225,photoresist,381800,18144000,67.5,3,2021-12-01,2026-12-31,public,estimated
S001870,C00022,F00225,specialty_gases,381800,17310720,64.4,2,2024-09-01,2030-12-31,third_party,estimated
S001871,C00026,F00225,specialty_gases,381800,9569280,35.6,2,2024-05-01,2030-12-31,third_party,estimated
S001872,C00029,F00225,wet_chemicals,381800,14031360,69.6,5,2025-05-01,2031-12-31,third_party,estimated
S001873,C00030,F00225,wet_chemicals,381800,3306240,16.4,3,2025-09-01,2030-12-31,third_party,estimated
S001874,C00032,F00225,wet_chemicals,381800,2822400,14.0,5,2025-03-01,2031-12-31,third_party,estimated
S001875,C00053,F00226,lithography,848620,28272000,19.0,30,2023-03-01,2025-12-31,public,estimated
S001876,C00054,F00226,lithography,848620,120528000,81.0,54,2023-08-01,2027-12-31,third_party,estimated
S001877,C00056,F00226,etch,848620,69489600,46.7,11,2020-04-01,2023-12-31,third_party,estimated
S001878,C00058,F00226,etch,848620,41217600,27.7,37,2020-09-01,2022-12-31,public,estimated
S001879,C00059,F00226,etch,848620,38092800,25.6,39,2020-05-01,2025-12-31,public,estimated
S001880,C00069,F00226,deposition,848620,148800000,100.0,18,2021-03-01,2023-12-31,public,estimated
S001881,C00079,F00226,metrology,848620,74400000,100.0,28,2022-09-01,2025-12-31,third_party,estimated
S001882,C00085,F00226,cleaning,848620,8436960,16.2,40,2022-02-01,2024-12-31,third_party,estimated
S001883,C00086,F00226,cleaning,848620,17342640,33.3,24,2022-09-01,2027-12-31,third_party,estimated
S001884,C00087,F00226,cleaning,848620,26300400,50.5,24,2022-06-01,2027-12-31,third_party,estimated
S001885,C00089,F00226,ion_implant,848620,37200000,100.0,20,2023-07-01,2029-12-31,third_party,estimated
S001886,C00002,F00226,wafers,381800,25935840,49.8,15,2025-05-01,2031-12-31,public,estimated
S001887,C00005,F00226,wafers,381800,26144160,50.2,9,2025-08-01,2029-12-31,third_party,estimated
S001888,C00014,F00226,photoresist,381800,29760000,100.0,15,2021-02-01,2027-12-31,public,estimated
S001889,C00021,F00226,specialty_gases,381800,16665600,56.0,2,2023-01-01,2029-12-31,public,estimated
S001890,C00025,F00226,specialty_gases,381800,12796800,43.0,3,2023-07-01,2029-12-31,public,estimated
S001891,C00026,F00226,specialty_gases,381800,297600,1.0,12,2023-10-01,2029-12-31,third_party,estimated
S001892,C00030,F00226,wet_chemicals,381800,22320000,100.0,2,2020-01-01,2023-12-31,third_party,estimated
S001893,C00053,F00227,lithography,848620,100800000,100.0,74,2025-04-01,2030-12-31,third_party,estimated
S001894,C00060,F00227,etch,848620,36187200,35.9,36,2024-05-01,2027-12-31,third_party,estimated
S001895,C00061,F00227,etch,848620,64612799,64.1,25,2024-01-01,2030-12-31,public,estimated
S001896,C00065,F00227,deposition,848620,77616000,77.0,38,2017-09-01,2021-12-31,third_party,estimated
S001897,C00068,F00227,deposition,848620,19252800,19.1,39,2017-09-01,2020-12-31,public,estimated
S001898,C00073,F00227,deposition,848620,3931200,3.9,20,2017-03-01,2019-12-31,third_party,estimated
S001899,C00080,F00227,metrology,848620,50400000,100.0,17,2020-01-01,2026-12-31,third_party,estimated
S001900,C00084,F00227,cleaning,848620,2328480,6.6,28,2022-01-01,2028-12-31,third_party,estimated
S001901,C00086,F00227,cleaning,848620,25119360,71.2,10,2022-07-01,2028-12-31,third_party,estimated
S001902,C00087,F00227,cleaning,848620,7832160,22.2,36,2022-01-01,2025-12-31,public,estimated
S001903,C00090,F00227,ion_implant,848620,9651599,38.3,10,2024-09-01,2027-12-31,public,estimated
S001904,C00091,F00227,ion_implant,848620,680400,2.7,11,2024-09-01,2030-12-31,third_party,estimated
S001905,C00092,F00227,ion_implant,848620,14868000,59.0,38,2024-02-01,2029-12-31,third_party,estimated
S001906,C00004,F00227,wafers,381800,14006160,39.7,16,2025-11-01,2027-12-31,third_party,estimated
S001907,C00007,F00227,wafers,381800,21273840,60.3,2,2025-12-01,2030-12-31,third_party,estimated
S001908,C00017,F00227,photoresist,381800,7640640,37.9,9,2019-10-01,2021-12-31,third_party,estimated
S001909,C00019,F00227,photoresist,381800,12519360,62.1,16,2019-07-01,2022-12-31,third_party,estimated
S001910,C00025,F00227,specialty_gases,381800,20160000,100.0,15,2024-07-01,2029-12-31,public,estimated
S001911,C00036,F00227,wet_chemicals,381800,15120000,100.0,4,2023-02-01,2027-12-31,third_party,estimated
S001912,C00053,F00228,lithography,848620,32678400,59.2,62,2023-09-01,2029-12-31,public,estimated
S001913,C00054,F00228,lithography,848620,22521600,40.8,57,2023-06-01,2029-12-31,third_party,estimated
S001914,C00055,F00228,etch,848620,24067200,43.6,33,2018-06-01,2021-12-31,third_party,estimated
S001915,C00059,F00228,etch,848620,3974400,7.2,24,2018-11-01,2022-12-31,public,estimated
S001916,C00062,F00228,etch,848620,27158400,49.2,20,2018-01-01,2020-12-31,third_party,estimated
S001917,C00070,F00228,deposition,848620,55200000,100.0,27,2020-09-01,2024-12-31,public,estimated
S001918,C00078,F00228,metrology,848620,6265200,22.7,29,2025-04-01,2027-12-31,third_party,estimated
S001919,C00079,F00228,metrology,848620,21334800,77.3,40,2025-07-01,2029-12-31,third_party,estimated
S001920,C00086,F00228,cleaning,848620,19320000,100.0,39,2019-03-01,2023-12-31,public,estimated
S001921,C00089,F00228,ion_implant,848620,8238600,59.7,11,2023-07-01,2028-12-31,public,estimated
S001922,C00090,F00228,ion_implant,848620,3684600,26.7,17,2023-02-01,2029-12-31,public,estimated
S001923,C00091,F00228,ion_implant,848620,1876800,13.6,27,2023-09-01,2025-12-31,third_party,estimated
S001924,C00004,F00228,wafers,381800,1564920,8.1,10,2023-03-01,2028-12-31,third_party,estimated
S001925,C00009,F00228,wafers,381800,17755080,91.9,15,2023-01-01,2029-12-31,third_party,estimated
S001926,C00014,F00228,photoresist,381800,10951680,99.2,3,2025-04-01,2029-12-31,public,estimated
S001927,C00015,F00228,photoresist,381800,88320,0.8,7,2025-05-01,2029-12-31,third_party,estimated
S001928,C00022,F00228,specialty_gases,381800,1457280,13.2,3,2025-12-01,2031-12-31,third_party,estimated
S001929,C00025,F00228,specialty_gases,381800,9582720,86.8,2,2025-12-01,2029-12-31,third_party,estimated
S001930,C00029,F00228,wet_chemicals,381800,6127200,74.0,6,2025-07-01,2031-12-31,public,estimated
S001931,C00030,F00228,wet_chemicals,381800,2152800,26.0,13,2025-04-01,2031-12-31,third_party,estimated
S001932,C00053,F00229,lithography,848620,170400000,100.0,51,2018-12-01,2023-12-31,third_party,estimated
S001933,C00058,F00229,etch,848620,144328800,84.7,24,2023-09-01,2026-12-31,third_party,estimated
S001934,C00059,F00229,etch,848620,26071200,15.3,8,2023-11-01,2025-12-31,third_party,estimated
S001935,C00069,F00229,deposition,848620,25048800,14.7,25,2024-11-01,2030-12-31,public,estimated
S001936,C00070,F00229,deposition,848620,84859199,49.8,14,2024-04-01,2029-12-31,third_party,estimated
S001937,C00071,F00229,deposition,848620,60492000,35.5,36,2024-03-01,2028-12-31,third_party,estimated
S001938,C00079,F00229,metrology,848620,5112000,6.0,22,2021-01-01,2025-12-31,third_party,estimated
S001939,C00080,F00229,metrology,848620,20022000,23.5,33,2021-10-01,2025-12-31,third_party,estimated
S001940,C00081,F00229,metrology,848620,60066000,70.5,10,2021-12-01,2026-12-31,third_party,estimated
S001941,C00084,F00229,cleaning,848620,59640000,100.0,21,2017-10-01,2020-12-31,third_party,estimated
S001942,C00090,F00229,ion_implant,848620,8221800,19.3,40,2022-05-01,2024-12-31,public,estimated
S001943,C00091,F00229,ion_implant,848620,18232799,42.8,37,2022-02-01,2025-12-31,public,estimated
S001944,C00092,F00229,ion_implant,848620,16145400,37.9,40,2022-08-01,2024-12-31,third_party,estimated
S001945,C00001,F00229,wafers,381800,42582960,71.4,10,2019-06-01,2022-12-31,public,estimated
S001946,C00009,F00229,wafers,381800,17057040,28.6,9,2019-02-01,2023-12-31,public,estimated
S001947,C00020,F00229,photoresist,381800,34080000,100.0,5,2025-02-01,2031-12-31,public,estimated
S001948,C00021,F00229,specialty_gases,381800,19255200,56.5,3,2024-07-01,2029-12-31,third_party,estimated
S001949,C00025,F00229,specialty_gases,381800,12234720,35.9,5,2024-02-01,2030-12-31,third_party,estimated
S001950,C00026,F00229,specialty_gases,381800,2590080,7.6,7,2024-09-01,2026-12-31,third_party,estimated
S001951,C00030,F00229,wet_chemicals,381800,25560000,100.0,6,2022-07-01,2025-12-31,public,estimated
S001952,C00053,F00230,lithography,848620,188558400,96.4,66,2019-03-01,2022-12-31,third_party,estimated
S001953,C00054,F00230,lithography,848620,7041600,3.6,61,2019-02-01,2021-12-31,third_party,estimated
S001954,C00062,F00230,etch,848620,64939200,33.2,12,2022-03-01,2027-12-31,third_party,estimated
S001955,C00063,F00230,etch,848620,130660800,66.8,23,2022-06-01,2028-12-31,third_party,estimated
S001956,C00070,F00230,deposition,848620,111883200,57.2,26,2019-09-01,2024-12-31,third_party,estimated
S001957,C00073,F00230,deposition,848620,83716799,42.8,34,2019-06-01,2025-12-31,third_party,estimated
S001958,C00078,F00230,metrology,848620,97800000,100.0,30,2019-08-01,2024-12-31,third_party,estimated
S001959,C00084,F00230,cleaning,848620,11022060,16.1,11,2025-06-01,2027-12-31,public,estimated
S001960,C00085,F00230,cleaning,848620,4518360,6.6,38,2025-03-01,2030-12-31,public,estimated
S001961,C00086,F00230,cleaning,848620,52919580,77.3,8,2025-11-01,2031-12-31,third_party,estimated
S001962,C00091,F00230,ion_implant,848620,18973199,38.8,8,2023-01-01,2028-12-31,third_party,estimated
S001963,C00092,F00230,ion_implant,848620,29926800,61.2,35,2023-06-01,2027-12-31,third_party,estimated
S001964,C00001,F00230,wafers,381800,33476940,48.9,16,2019-08-01,2025-12-31,public,estimated
S001965,C00003,F00230,wafers,381800,34983060,51.1,11,2019-02-01,2023-12-31,third_party,estimated
S001966,C00018,F00230,photoresist,381800,39120000,100.0,12,2024-03-01,2026-12-31,third_party,estimated
S001967,C00021,F00230,specialty_gases,381800,14435280,36.9,11,2017-05-01,2023-12-31,third_party,estimated
S001968,C00022,F00230,specialty_gases,381800,2425440,6.2,2,2017-07-01,2023-12-31,public,estimated
S001969,C00026,F00230,specialty_gases,381800,22259280,56.9,8,2017-05-01,2022-12-31,third_party,estimated
S001970,C00029,F00230,wet_chemicals,381800,12498840,42.6,15,2022-06-01,2026-12-31,third_party,estimated
S001971,C00031,F00230,wet_chemicals,381800,15814260,53.9,5,2022-10-01,2025-12-31,public,estimated
S001972,C00036,F00230,wet_chemicals,381800,1026900,3.5,3,2022-11-01,2028-12-31,third_party,estimated
S001973,C00053,F00231,lithography,848620,192000000,100.0,49,2024-01-01,2027-12-31,third_party,estimated
S001974,C00060,F00231,etch,848620,192000000,100.0,28,2019-01-01,2024-12-31,third_party,estimated
S001975,C00070,F00231,deposition,848620,52416000,27.3,34,2021-12-01,2027-12-31,third_party,estimated
S001976,C00073,F00231,deposition,848620,139584000,72.7,31,2021-11-01,2025-12-31,third_party,estimated
S001977,C00078,F00231,metrology,848620,70368000,73.3,13,2021-10-01,2027-12-31,third_party,estimated
S001978,C00079,F00231,metrology,848620,25632000,26.7,20,2021-11-01,2027-12-31,third_party,estimated
S001979,C00085,F00231,cleaning,848620,67200000,100.0,34,2021-08-01,2026-12-31,public,estimated
S001980,C00090,F00231,ion_implant,848620,15456000,32.2,30,2020-02-01,2026-12-31,public,estimated
S001981,C00091,F00231,ion_implant,848620,2688000,5.6,18,2020-09-01,2024-12-31,third_party,estimated
S001982,C00092,F00231,ion_implant,848620,29856000,62.2,25,2020-08-01,2025-12-31,third_party,estimated
S001983,C00008,F00231,wafers,381800,17942400,26.7,11,2022-02-01,2027-12-31,public,estimated
S001984,C00009,F00231,wafers,381800,49257600,73.3,12,2022-06-01,2026-12-31,third_party,estimated
S001985,C00018,F00231,photoresist,381800,38400000,100.0,3,2021-07-01,2026-12-31,public,estimated
S001986,C00026,F00231,specialty_gases,381800,38400000,100.0,9,2018-05-01,2021-12-31,public,estimated
S001987,C00035,F00231,wet_chemicals,381800,28800000,100.0,15,2024-07-01,2030-12-31,third_party,estimated
S001988,C00053,F00232,lithography,848620,24440400,27.9,62,2018-05-01,2022-12-31,third_party,estimated
S001989,C00054,F00232,lithography,848620,63159599,72.1,32,2018-07-01,2022-12-31,third_party,estimated
S001990,C00059,F00232,etch,848620,43887600,50.1,40,2023-12-01,2027-12-31,third_party,estimated
S001991,C00062,F00232,etch,848620,43712400,49.9,34,2023-12-01,2025-12-31,third_party,estimated
S001992,C00073,F00232,deposition,848620,87600000,100.0,37,2021-08-01,2027-12-31,third_party,estimated
S001993,C00081,F00232,metrology,848620,43800000,100.0,30,2018-04-01,2023-12-31,third_party,estimated
S001994,C00085,F00232,cleaning,848620,30660000,100.0,33,2022-10-01,2025-12-31,public,estimated
S001995,C00091,F00232,ion_implant,848620,12504900,57.1,19,2017-06-01,2021-12-31,third_party,estimated
S001996,C00092,F00232,ion_implant,848620,9395100,42.9,18,2017-11-01,2022-12-31,third_party,estimated
S001997,C00003,F00232,wafers,381800,12478620,40.7,9,2022-01-01,2028-12-31,third_party,estimated
S001998,C00004,F00232,wafers,381800,981120,3.2,3,2022-03-01,2026-12-31,public,estimated
S001999,C00009,F00232,wafers,381800,17200260,56.1,9,2022-04-01,2025-12-31,third_party,estimated
S002000,C00015,F00232,photoresist,381800,17520000,100.0,3,2023-12-01,2025-12-31,third_party,estimated
S002001,C00022,F00232,specialty_gases,381800,11773440,67.2,4,2019-04-01,2025-12-31,public,estimated
S002002,C00026,F00232,specialty_gases,381800,5746560,32.8,10,2019-10-01,2021-12-31,public,estimated
S002003,C00031,F00232,wet_chemicals,381800,13140000,100.0,10,2022-11-01,2024-12-31,third_party,estimated
S002004,C00053,F00233,lithography,848620,176439600,96.1,78,2024-08-01,2030-12-31,public,estimated
S002005,C00054,F00233,lithography,848620,7160400,3.9,31,2024-04-01,2029-12-31,third_party,estimated
S002006,C00058,F00233,etch,848620,11383200,6.2,28,2024-06-01,2029-12-31,public,estimated
S002007,C00060,F00233,etch,848620,63892799,34.8,21,2024-10-01,2028-12-31,third_party,estimated
S002008,C00061,F00233,etch,848620,108324000,59.0,33,2024-06-01,2026-12-31,public,estimated
S002009,C00070,F00233,deposition,848620,183600000,100.0,18,2025-05-01,2027-12-31,public,estimated
S002010,C00078,F00233,metrology,848620,79774200,86.9,20,2024-11-01,2028-12-31,third_party,estimated
S002011,C00079,F00233,metrology,848620,12025800,13.1,21,2024-12-01,2030-12-31,public,estimated
S002012,C00085,F00233,cleaning,848620,64260000,100.0,17,2024-07-01,2026-12-31,public,estimated
S002013,C00090,F00233,ion_implant,848620,45900000,100.0,22,2024-02-01,2027-12-31,third_party,estimated
S002014,C00003,F00233,wafers,381800,41447700,64.5,15,2024-04-01,2027-12-31,third_party,estimated
S002015,C00004,F00233,wafers,381800,11566800,18.0,9,2024-09-01,2028-12-31,third_party,estimated
S002016,C00009,F00233,wafers,381800,11245500,17.5,6,2024-12-01,2029-12-31,third_party,estimated
S002017,C00017,F00233,photoresist,381800,36720000,100.0,5,2025-01-01,2029-12-31,third_party,estimated
S002018,C00021,F00233,specialty_gases,381800,12631680,34.4,11,2024-12-01,2029-12-31,public,estimated
S002019,C00025,F00233,specialty_gases,381800,24088320,65.6,10,2024-06-01,2030-12-31,public,estimated
S002020,C00032,F00233,wet_chemicals,381800,2726460,9.9,7,2024-11-01,2028-12-31,third_party,estimated
S002021,C00035,F00233,wet_chemicals,381800,24813540,90.1,4,2024-12-01,2030-12-31,third_party,estimated
S002022,C00053,F00234,lithography,848620,133200000,100.0,71,2024-10-01,2030-12-31,third_party,estimated
S002023,C00063,F00234,etch,848620,133200000,100.0,12,2021-11-01,2027-12-31,third_party,estimated
S002024,C00072,F00234,deposition,848620,133200000,100.0,18,2021-07-01,2025-12-31,third_party,estimated
S002025,C00078,F00234,metrology,848620,30569400,45.9,20,2024-02-01,2026-12-31,public,estimated
S002026,C00079,F00234,metrology,848620,23310000,35.0,10,2024-11-01,2030-12-31,third_party,estimated
S002027,C00081,F00234,metrology,848620,12720600,19.1,14,2024-08-01,2027-12-31,third_party,estimated
S002028,C00084,F00234,cleaning,848620,10442880,22.4,40,2019-09-01,2024-12-31,public,estimated
S002029,C00085,F00234,cleaning,848620,15757560,33.8,28,2019-10-01,2021-12-31,third_party,estimated
S002030,C00087,F00234,cleaning,848620,20419560,43.8,33,2019-04-01,2022-12-31,third_party,estimated
S002031,C00090,F00234,ion_implant,848620,33300000,100.0,23,2024-02-01,2027-12-31,public,estimated
S002032,C00006,F00234,wafers,381800,46620000,100.0,4,2019-07-01,2025-12-31,public,estimated
S002033,C00016,F00234,photoresist,381800,8231760,30.9,3,2017-05-01,2020-12-31,third_party,estimated
S002034,C00018,F00234,photoresist,381800,10256400,38.5,16,2017-12-01,2021-12-31,public,estimated
S002035,C00020,F00234,photoresist,381800,8151840,30.6,2,2017-10-01,2022-12-31,third_party,estimated
S002036,C00025,F00234,specialty_gases,381800,26640000,100.0,10,2024-03-01,2029-12-31,third_party,estimated
S002037,C00030,F00234,wet_chemicals,381800,19980000,100.0,3,2020-08-01,2026-12-31,third_party,estimated
S002038,C00051,F00235,lithography,848620,18345600,19.6,39,2022-12-01,2024-12-31,public,estimated
S002039,C00053,F00235,lithography,848620,25833600,27.6,62,2022-10-01,2024-12-31,third_party,estimated
S002040,C00054,F00235,lithography,848620,49420800,52.8,32,2022-05-01,2026-12-31,public,estimated
S002041,C00057,F00235,etch,848620,42868799,45.8,12,2025-06-01,2031-12-31,public,estimated
S002042,C00058,F00235,etch,848620,3556800,3.8,38,2025-09-01,2029-12-31,public,estimated
S002043,C00063,F00235,etch,848620,47174400,50.4,33,2025-10-01,2028-12-31,third_party,estimated
S002044,C00068,F00235,deposition,848620,23306400,24.9,38,2024-02-01,2026-12-31,public,estimated
S002045,C00071,F00235,deposition,848620,70293599,75.1,26,2024-08-01,2030-12-31,third_party,estimated
S002046,C00079,F00235,metrology,848620,46800000,100.0,26,2023-05-01,2025-12-31,third_party,estimated
S002047,C00085,F00235,cleaning,848620,7239960,22.1,11,2022-11-01,2024-12-31,third_party,estimated
S002048,C00086,F00235,cleaning,848620,13202280,40.3,37,2022-10-01,2026-12-31,third_party,estimated
S002049,C00087,F00235,cleaning,848620,12317760,37.6,37,2022-10-01,2027-12-31,third_party,estimated
S002050,C00090,F00235,ion_implant,848620,5194800,22.2,17,2024-01-01,2027-12-31,third_party,estimated
S002051,C00091,F00235,ion_implant,848620,7160400,30.6,9,2024-01-01,2027-12-31,public,estimated
S002052,C00092,F00235,ion_implant,848620,11044800,47.2,32,2024-01-01,2026-12-31,public,estimated
S002053,C00004,F00235,wafers,381800,1146600,3.5,15,2022-02-01,2024-12-31,public,estimated
S002054,C00005,F00235,wafers,381800,31613400,96.5,11,2022-02-01,2024-12-31,third_party,estimated
S002055,C00019,F00235,photoresist,381800,18720000,100.0,13,2022-11-01,2027-12-31,third_party,estimated
S002056,C00025,F00235,specialty_gases,381800,8592480,45.9,6,2025-03-01,2029-12-31,third_party,estimated
S002057,C00027,F00235,specialty_gases,381800,10127520,54.1,8,2025-08-01,2027-12-31,third_party,estimated
S002058,C00029,F00235,wet_chemicals,381800,280800,2.0,11,2022-07-01,2026-12-31,third_party,estimated
S002059,C00031,F00235,wet_chemicals,381800,8817120,62.8,9,2022-05-01,2027-12-31,third_party,estimated
S002060,C00032,F00235,wet_chemicals,381800,4942080,35.2,9,2022-07-01,2024-12-31,third_party,estimated
S002061,C00051,F00237,lithography,848620,106920000,59.4,53,2025-03-01,2029-12-31,public,estimated
S002062,C00052,F00237,lithography,848620,2340000,1.3,50,2025-09-01,2027-12-31,third_party,estimated
S002063,C00053,F00237,lithography,848620,70739999,39.3,34,2025-08-01,2030-12-31,third_party,estimated
S002064,C00058,F00237,etch,848620,49680000,27.6,27,2020-04-01,2023-12-31,public,estimated
S002065,C00059,F00237,etch,848620,20340000,11.3,20,2020-02-01,2026-12-31,third_party,estimated
S002066,C00063,F00237,etch,848620,109980000,61.1,32,2020-05-01,2024-12-31,third_party,estimated
S002067,C00069,F00237,deposition,848620,180000000,100.0,23,2024-06-01,2030-12-31,third_party,estimated
S002068,C00081,F00237,metrology,848620,90000000,100.0,12,2025-01-01,2029-12-31,third_party,estimated
S002069,C00086,F00237,cleaning,848620,3150000,5.0,31,2021-09-01,2024-12-31,third_party,estimated
S002070,C00087,F00237,cleaning,848620,59850000,95.0,13,2021-05-01,2023-12-31,public,estimated
S002071,C00090,F00237,ion_implant,848620,38700000,86.0,10,2020-09-01,2025-12-31,third_party,estimated
S002072,C00091,F00237,ion_implant,848620,1305000,2.9,39,2020-08-01,2022-12-31,third_party,estimated
S002073,C00092,F00237,ion_implant,848620,4995000,11.1,14,2020-10-01,2023-12-31,third_party,estimated
S002074,C00003,F00237,wafers,381800,63000000,100.0,8,2024-02-01,2026-12-31,third_party,estimated
S002075,C00015,F00237,photoresist,381800,36000000,100.0,2,2024-03-01,2028-12-31,third_party,estimated
S002076,C00025,F00237,specialty_gases,381800,19080000,53.0,8,2024-07-01,2028-12-31,third_party,estimated
S002077,C00026,F00237,specialty_gases,381800,16920000,47.0,15,2024-09-01,2027-12-31,third_party,estimated
S002078,C00032,F00237,wet_chemicals,381800,6507000,24.1,3,2022-09-01,2024-12-31,third_party,estimated
S002079,C00033,F00237,wet_chemicals,381800,11718000,43.4,3,2022-06-01,2024-12-31,public,estimated
S002080,C00035,F00237,wet_chemicals,381800,8775000,32.5,12,2022-07-01,2027-12-31,third_party,estimated
S002081,C00053,F00238,lithography,848620,109032000,77.0,27,2021-02-01,2026-12-31,third_party,estimated
S002082,C00054,F00238,lithography,848620,32568000,23.0,38,2021-11-01,2027-12-31,third_party,estimated
S002083,C00058,F00238,etch,848620,67401600,47.6,32,2021-04-01,2025-12-31,third_party,estimated
S002084,C00063,F00238,etch,848620,74198400,52.4,40,2021-05-01,2027-12-31,third_party,estimated
S002085,C00069,F00238,deposition,848620,141600000,100.0,22,2022-02-01,2027-12-31,third_party,estimated
S002086,C00079,F00238,metrology,848620,49347600,69.7,35,2025-02-01,2031-12-31,third_party,estimated
S002087,C00080,F00238,metrology,848620,21452400,30.3,22,2025-06-01,2030-12-31,third_party,estimated
S002088,C00087,F00238,cleaning,848620,49560000,100.0,22,2023-04-01,2025-12-31,third_party,estimated
S002089,C00090,F00238,ion_implant,848620,35400000,100.0,19,2021-06-01,2027-12-31,third_party,estimated
S002090,C00007,F00238,wafers,381800,49560000,100.0,10,2021-11-01,2023-12-31,third_party,estimated
S002091,C00014,F00238,photoresist,381800,10251840,36.2,11,2025-09-01,2027-12-31,public,estimated
S002092,C00016,F00238,photoresist,381800,18068160,63.8,8,2025-01-01,2031-12-31,third_party,estimated
S002093,C00025,F00238,specialty_gases,381800,21664800,76.5,13,2024-03-01,2029-12-31,public,estimated
S002094,C00027,F00238,specialty_gases,381800,6655200,23.5,11,2024-02-01,2028-12-31,public,estimated
S002095,C00029,F00238,wet_chemicals,381800,16545960,77.9,2,2019-05-01,2021-12-31,third_party,estimated
S002096,C00031,F00238,wet_chemicals,381800,4694040,22.1,16,2019-04-01,2025-12-31,third_party,estimated
S002097,C00052,F00239,lithography,848620,12432000,14.8,34,2022-12-01,2027-12-31,third_party,estimated
S002098,C00053,F00239,lithography,848620,47964000,57.1,45,2022-09-01,2028-12-31,third_party,estimated
S002099,C00054,F00239,lithography,848620,23604000,28.1,44,2022-11-01,2028-12-31,third_party,estimated
S002100,C00057,F00239,etch,848620,67032000,79.8,14,2025-10-01,2027-12-31,third_party,estimated
S002101,C00063,F00239,etch,848620,16968000,20.2,15,2025-11-01,2031-12-31,third_party,estimated
S002102,C00068,F00239,deposition,848620,13524000,16.1,12,2019-09-01,2021-12-31,third_party,estimated
S002103,C00069,F00239,deposition,848620,19655999,23.4,20,2019-07-01,2021-12-31,third_party,estimated
S002104,C00072,F00239,deposition,848620,50820000,60.5,16,2019-10-01,2022-12-31,public,estimated
S002105,C00075,F00239,metrology,848620,10920000,26.0,14,2018-02-01,2024-12-31,public,estimated
S002106,C00078,F00239,metrology,848620,14868000,35.4,38,2018-02-01,2023-12-31,third_party,estimated
S002107,C00079,F00239,metrology,848620,16212000,38.6,8,2018-11-01,2023-12-31,third_party,estimated
S002108,C00084,F00239,cleaning,848620,11524800,39.2,14,2024-10-01,2027-12-31,third_party,estimated
S002109,C00087,F00239,cleaning,848620,17875200,60.8,35,2024-03-01,2026-12-31,third_party,estimated
S002110,C00090,F00239,ion_implant,848620,1554000,7.4,24,2018-07-01,2020-12-31,third_party,estimated
S002111,C00092,F00239,ion_implant,848620,19445999,92.6,14,2018-06-01,2021-12-31,third_party,estimated
S002112,C00002,F00239,wafers,381800,4733400,16.1,5,2020-03-01,2024-12-31,third_party,estimated
S002113,C00008,F00239,wafers,381800,24666600,83.9,9,2020-12-01,2024-12-31,public,estimated
S002114,C00014,F00239,photoresist,381800,2872800,17.1,14,2018-05-01,2023-12-31,third_party,estimated
S002115,C00015,F00239,photoresist,381800,13927200,82.9,9,2018-06-01,2022-12-31,third_party,estimated
S002116,C00025,F00239,specialty_gases,381800,4687200,27.9,9,2018-07-01,2023-12-31,public,estimated
S002117,C00026,F00239,specialty_gases,381800,12112800,72.1,16,2018-03-01,2021-12-31,public,estimated
S002118,C00029,F00239,wet_chemicals,381800,12600000,100.0,13,2024-08-01,2029-12-31,third_party,estimated
S002119,C00051,F00240,lithography,848620,41126400,67.2,38,2024-04-01,2027-12-31,public,estimated
S002120,C00052,F00240,lithography,848620,13586400,22.2,41,2024-07-01,2030-12-31,public,estimated
S002121,C00054,F00240,lithography,848620,6487200,10.6,46,2024-05-01,2028-12-31,third_party,estimated
S002122,C00058,F00240,etch,848620,31824000,52.0,29,2019-04-01,2024-12-31,public,estimated
S002123,C00060,F00240,etch,848620,7038000,11.5,20,2019-12-01,2024-12-31,third_party,estimated
S002124,C00063,F00240,etch,848620,22338000,36.5,22,2019-11-01,2024-12-31,public,estimated
S002125,C00069,F00240,deposition,848620,35251200,57.6,9,2020-09-01,2023-12-31,third_party,estimated
S002126,C00072,F00240,deposition,848620,25948800,42.4,12,2020-10-01,2023-12-31,third_party,estimated
S002127,C00078,F00240,metrology,848620,8476200,27.7,33,2025-02-01,2029-12-31,public,estimated
S002128,C00081,F00240,metrology,848620,22123800,72.3,23,2025-12-01,2027-12-31,public,estimated
S002129,C00087,F00240,cleaning,848620,21420000,100.0,9,2025-10-01,2031-12-31,public,estimated
S002130,C00090,F00240,ion_implant,848620,1147500,7.5,24,2021-07-01,2023-12-31,third_party,estimated
S002131,C00091,F00240,ion_implant,848620,8200800,53.6,27,2021-01-01,2027-12-31,public,estimated
S002132,C00092,F00240,ion_implant,848620,5951700,38.9,40,2021-06-01,2025-12-31,public,estimated
S002133,C00002,F00240,wafers,381800,13858740,64.7,15,2022-11-01,2027-12-31,public,estimated
S002134,C00003,F00240,wafers,381800,5312160,24.8,16,2022-04-01,2028-12-31,public,estimated
S002135,C00004,F00240,wafers,381800,2249100,10.5,5,2022-10-01,2028-12-31,third_party,estimated
S002136,C00015,F00240,photoresist,381800,2741760,22.4,3,2017-02-01,2020-12-31,public,estimated
S002137,C00019,F00240,photoresist,381800,1713600,14.0,10,2017-05-01,2022-12-31,public,estimated
S002138,C00020,F00240,photoresist,381800,7784640,63.6,4,2017-04-01,2020-12-31,third_party,estimated
S002139,C00025,F00240,specialty_gases,381800,8078400,66.0,8,2022-10-01,2024-12-31,public,estimated
S002140,C00028,F00240,specialty_gases,381800,4161600,34.0,4,2022-02-01,2026-12-31,third_party,estimated
S002141,C00030,F00240,wet_chemicals,381800,8996400,98.0,11,2025-05-01,2030-12-31,public,estimated
S002142,C00036,F00240,wet_chemicals,381800,183600,2.0,5,2025-01-01,2030-12-31,public,estimated
S002143,C00051,F00241,lithography,848620,55814400,61.2,67,2017-02-01,2019-12-31,third_party,estimated
S002144,C00054,F00241,lithography,848620,35385599,38.8,68,2017-03-01,2022-12-31,public,estimated
S002145,C00063,F00241,etch,848620,91200000,100.0,12,2023-03-01,2028-12-31,third_party,estimated
S002146,C00069,F00241,deposition,848620,91200000,100.0,9,2018-05-01,2020-12-31,public,estimated
S002147,C00081,F00241,metrology,848620,45600000,100.0,36,2017-02-01,2022-12-31,third_party,estimated
S002148,C00084,F00241,cleaning,848620,28185360,88.3,16,2025-05-01,2027-12-31,third_party,estimated
S002149,C00085,F00241,cleaning,848620,3734640,11.7,34,2025-12-01,2029-12-31,third_party,estimated
S002150,C00091,F00241,ion_implant,848620,2530800,11.1,12,2023-02-01,2026-12-31,third_party,estimated
S002151,C00092,F00241,ion_implant,848620,20269200,88.9,24,2023-11-01,2028-12-31,third_party,estimated
S002152,C00003,F00241,wafers,381800,7213920,22.6,15,2024-12-01,2027-12-31,third_party,estimated
S002153,C00005,F00241,wafers,381800,13917120,43.6,3,2024-01-01,2027-12-31,third_party,estimated
S002154,C00007,F00241,wafers,381800,10788960,33.8,16,2024-11-01,2030-12-31,third_party,estimated
S002155,C00016,F00241,photoresist,381800,9867840,54.1,7,2023-03-01,2026-12-31,third_party,estimated
S002156,C00019,F00241,photoresist,381800,8372160,45.9,13,2023-10-01,2028-12-31,public,estimated
S002157,C00025,F00241,specialty_gases,381800,18240000,100.0,10,2024-01-01,2026-12-31,third_party,estimated
S002158,C00033,F00241,wet_chemicals,381800,1792080,13.1,3,2025-09-01,2031-12-31,third_party,estimated
S002159,C00036,F00241,wet_chemicals,381800,11887920,86.9,6,2025-01-01,2031-12-31,public,estimated
S002160,C00053,F00243,lithography,848620,142800000,100.0,72,2017-01-01,2022-12-31,third_party,estimated
S002161,C00059,F00243,etch,848620,107385600,75.2,22,2023-08-01,2025-12-31,third_party,estimated
S002162,C00060,F00243,etch,848620,35414400,24.8,35,2023-01-01,2029-12-31,public,estimated
S002163,C00072,F00243,deposition,848620,27703200,19.4,30,2024-11-01,2029-12-31,third_party,estimated
S002164,C00073,F00243,deposition,848620,115096800,80.6,36,2024-09-01,2029-12-31,third_party,estimated
S002165,C00079,F00243,metrology,848620,20349000,28.5,21,2019-05-01,2021-12-31,third_party,estimated
S002166,C00081,F00243,metrology,848620,51051000,71.5,20,2019-11-01,2022-12-31,public,estimated
S002167,C00084,F00243,cleaning,848620,49980000,100.0,10,2018-11-01,2023-12-31,third_party,estimated
S002168,C00091,F00243,ion_implant,848620,35700000,100.0,15,2020-01-01,2024-12-31,third_party,estimated
S002169,C00002,F00243,wafers,381800,26489400,53.0,12,2024-07-01,2029-12-31,third_party,estimated
S002170,C00005,F00243,wafers,381800,8696520,17.4,11,2024-02-01,2028-12-31,third_party,estimated
S002171,C00007,F00243,wafers,381800,14794080,29.6,16,2024-10-01,2027-12-31,public,estimated
S002172,C00017,F00243,photoresist,381800,26646480,93.3,6,2023-01-01,2025-12-31,third_party,estimated
S002173,C00018,F00243,photoresist,381800,1913520,6.7,3,2023-01-01,2027-12-31,public,estimated
S002174,C00022,F00243,specialty_gases,381800,1428000,5.0,6,2019-08-01,2022-12-31,public,estimated
S002175,C00025,F00243,specialty_gases,381800,16736160,58.6,5,2019-01-01,2025-12-31,public,estimated
S002176,C00026,F00243,specialty_gases,381800,10395840,36.4,8,2019-12-01,2025-12-31,third_party,estimated
S002177,C00029,F00243,wet_chemicals,381800,18592560,86.8,7,2019-05-01,2021-12-31,third_party,estimated
S002178,C00030,F00243,wet_chemicals,381800,2827440,13.2,16,2019-02-01,2022-12-31,public,estimated
S002179,C00053,F00244,lithography,848620,53539200,33.8,68,2017-02-01,2020-12-31,public,estimated
S002180,C00054,F00244,lithography,848620,104860800,66.2,54,2017-02-01,2020-12-31,third_party,estimated
S002181,C00059,F00244,etch,848620,80784000,51.0,28,2023-10-01,2026-12-31,public,estimated
S002182,C00060,F00244,etch,848620,77616000,49.0,34,2023-08-01,2027-12-31,third_party,estimated
S002183,C00071,F00244,deposition,848620,158400000,100.0,34,2023-09-01,2029-12-31,third_party,estimated
S002184,C00078,F00244,metrology,848620,79200000,100.0,26,2022-10-01,2025-12-31,third_party,estimated
S002185,C00085,F00244,cleaning,848620,24726240,44.6,30,2021-02-01,2027-12-31,third_party,estimated
S002186,C00086,F00244,cleaning,848620,15467760,27.9,40,2021-08-01,2023-12-31,third_party,estimated
S002187,C00087,F00244,cleaning,848620,15246000,27.5,35,2021-08-01,2026-12-31,third_party,estimated
S002188,C00088,F00244,ion_implant,848620,11008800,27.8,23,2018-08-01,2021-12-31,public,estimated
S002189,C00090,F00244,ion_implant,848620,11523600,29.1,17,2018-12-01,2023-12-31,public,estimated
S002190,C00092,F00244,ion_implant,848620,17067600,43.1,8,2018-01-01,2024-12-31,third_party,estimated
S002191,C00005,F00244,wafers,381800,22730400,41.0,14,2024-05-01,2026-12-31,third_party,estimated
S002192,C00007,F00244,wafers,381800,32709600,59.0,16,2024-06-01,2028-12-31,third_party,estimated
S002193,C00015,F00244,photoresist,381800,7159680,22.6,7,2022-12-01,2027-12-31,third_party,estimated
S002194,C00020,F00244,photoresist,381800,24520320,77.4,7,2022-06-01,2026-12-31,public,estimated
S002195,C00026,F00244,specialty_gases,381800,31680000,100.0,13,2024-01-01,2028-12-31,third_party,estimated
S002196,C00029,F00244,wet_chemicals,381800,11238480,47.3,12,2021-01-01,2023-12-31,third_party,estimated
S002197,C00031,F00244,wet_chemicals,381800,12521520,52.7,15,2021-05-01,2026-12-31,third_party,estimated
S002198,C00052,F00245,lithography,848620,40836000,41.5,38,2022-01-01,2027-12-31,public,estimated
S002199,C00053,F00245,lithography,848620,57564000,58.5,67,2022-06-01,2028-12-31,third_party,estimated
S002200,C00057,F00245,etch,848620,75079200,76.3,33,2024-01-01,2030-12-31,public,estimated
S002201,C00059,F00245,etch,848620,23320800,23.7,16,2024-06-01,2028-12-31,third_party,estimated
S002202,C00070,F00245,deposition,848620,98400000,100.0,18,2025-02-01,2029-12-31,public,estimated
S002203,C00079,F00245,metrology,848620,22632000,46.0,34,2024-07-01,2027-12-31,third_party,estimated
S002204,C00080,F00245,metrology,848620,26272800,53.4,30,2024-07-01,2028-12-31,third_party,estimated
S002205,C00081,F00245,metrology,848620,295200,0.6,35,2024-04-01,2026-12-31,third_party,estimated
S002206,C00085,F00245,cleaning,848620,10194240,29.6,21,2021-08-01,2023-12-31,third_party,estimated
S002207,C00086,F00245,cleaning,848620,17254440,50.1,35,2021-04-01,2026-12-31,third_party,estimated
S002208,C00087,F00245,cleaning,848620,6991320,20.3,17,2021-09-01,2025-12-31,third_party,estimated
S002209,C00090,F00245,ion_implant,848620,20122800,81.8,13,2019-02-01,2024-12-31,third_party,estimated
S002210,C00091,F00245,ion_implant,848620,4477200,18.2,37,2019-09-01,2021-12-31,public,estimated
S002211,C00001,F00245,wafers,381800,26863200,78.0,5,2022-03-01,2024-12-31,third_party,estimated
S002212,C00005,F00245,wafers,381800,7576800,22.0,11,2022-01-01,2028-12-31,third_party,estimated
S002213,C00014,F00245,photoresist,381800,16157280,82.1,8,2018-09-01,2021-12-31,third_party,estimated
S002214,C00020,F00245,photoresist,381800,3522720,17.9,6,2018-05-01,2023-12-31,public,estimated
S002215,C00021,F00245,specialty_gases,381800,9308640,47.3,3,2023-04-01,2025-12-31,public,estimated
S002216,C00024,F00245,specialty_gases,381800,3936000,20.0,2,2023-07-01,2026-12-31,third_party,estimated
S002217,C00026,F00245,specialty_gases,381800,6435360,32.7,16,2023-06-01,2025-12-31,third_party,estimated
S002218,C00030,F00245,wet_chemicals,381800,2863440,19.4,13,2025-04-01,2031-12-31,public,estimated
S002219,C00031,F00245,wet_chemicals,381800,11896560,80.6,8,2025-04-01,2029-12-31,third_party,estimated
S002220,C00052,F00246,lithography,848620,33994800,49.7,61,2021-12-01,2027-12-31,third_party,estimated
S002221,C00053,F00246,lithography,848620,34405200,50.3,52,2021-06-01,2023-12-31,public,estimated
S002222,C00059,F00246,etch,848620,61560000,90.0,36,2019-01-01,2022-12-31,public,estimated
S002223,C00062,F00246,etch,848620,6840000,10.0,40,2019-11-01,2022-12-31,third_party,estimated
S002224,C00070,F00246,deposition,848620,22777200,33.3,9,2018-07-01,2024-12-31,third_party,estimated
S002225,C00072,F00246,deposition,848620,45622800,66.7,9,2018-03-01,2023-12-31,public,estimated
S002226,C00078,F00246,metrology,848620,21717000,63.5,29,2020-09-01,2025-12-31,third_party,estimated
S002227,C00081,F00246,metrology,848620,12483000,36.5,29,2020-09-01,2026-12-31,third_party,estimated
S002228,C00085,F00246,cleaning,848620,4333140,18.1,26,2022-01-01,2024-12-31,third_party,estimated
S002229,C00086,F00246,cleaning,848620,19606860,81.9,35,2022-01-01,2024-12-31,third_party,estimated
S002230,C00092,F00246,ion_implant,848620,17100000,100.0,20,2021-07-01,2025-12-31,third_party,estimated
S002231,C00006,F00246,wafers,381800,12113640,50.6,11,2019-06-01,2021-12-31,third_party,estimated
S002232,C00007,F00246,wafers,381800,11826360,49.4,8,2019-09-01,2023-12-31,third_party,estimated
S002233,C00018,F00246,photoresist,381800,10013760,73.2,11,2021-09-01,2026-12-31,third_party,estimated
S002234,C00020,F00246,photoresist,381800,3666240,26.8,5,2021-12-01,2027-12-31,third_party,estimated
S002235,C00022,F00246,specialty_gases,381800,9849600,72.0,16,2021-12-01,2027-12-31,public,estimated
S002236,C00027,F00246,specialty_gases,381800,3830400,28.0,7,2021-03-01,2023-12-31,third_party,estimated
S002237,C00030,F00246,wet_chemicals,381800,3067740,29.9,6,2019-06-01,2021-12-31,public,estimated
S002238,C00032,F00246,wet_chemicals,381800,7192260,70.1,8,2019-06-01,2021-12-31,public,estimated
S002239,C00052,F00247,lithography,848620,17328000,36.1,41,2024-11-01,2027-12-31,public,estimated
S002240,C00053,F00247,lithography,848620,30672000,63.9,64,2024-11-01,2030-12-31,public,estimated
S002241,C00061,F00247,etch,848620,48000000,100.0,20,2020-07-01,2022-12-31,third_party,estimated
S002242,C00068,F00247,deposition,848620,36672000,76.4,19,2024-06-01,2026-12-31,third_party,estimated
S002243,C00071,F00247,deposition,848620,11328000,23.6,16,2024-01-01,2030-12-31,public,estimated
S002244,C00079,F00247,metrology,848620,3384000,14.1,32,2022-08-01,2028-12-31,public,estimated
S002245,C00080,F00247,metrology,848620,20616000,85.9,31,2022-08-01,2025-12-31,third_party,estimated
S002246,C00085,F00247,cleaning,848620,16800000,100.0,25,2023-07-01,2027-12-31,third_party,estimated
S002247,C00090,F00247,ion_implant,848620,8831999,73.6,11,2023-12-01,2025-12-31,third_party,estimated
S002248,C00091,F00247,ion_implant,848620,3168000,26.4,29,2023-09-01,2026-12-31,third_party,estimated
S002249,C00001,F00247,wafers,381800,1108800,6.6,4,2024-05-01,2029-12-31,third_party,estimated
S002250,C00002,F00247,wafers,381800,8954400,53.3,2,2024-07-01,2028-12-31,third_party,estimated
S002251,C00004,F00247,wafers,381800,6736800,40.1,16,2024-11-01,2028-12-31,public,estimated
S002252,C00016,F00247,photoresist,381800,4214400,43.9,8,2019-02-01,2024-12-31,third_party,estimated
S002253,C00017,F00247,photoresist,381800,940800,9.8,11,2019-02-01,2022-12-31,third_party,estimated
S002254,C00019,F00247,photoresist,381800,4444800,46.3,4,2019-06-01,2022-12-31,third_party,estimated
S002255,C00021,F00247,specialty_gases,381800,9600000,100.0,7,2023-04-01,2025-12-31,third_party,estimated
S002256,C00036,F00247,wet_chemicals,381800,7200000,100.0,4,2020-06-01,2025-12-31,third_party,estimated
S002257,C00052,F00248,lithography,848620,19350000,37.5,52,2024-02-01,2029-12-31,third_party,estimated
S002258,C00053,F00248,lithography,848620,23684400,45.9,70,2024-02-01,2028-12-31,third_party,estimated
S002259,C00054,F00248,lithography,848620,8565600,16.6,74,2024-10-01,2027-12-31,third_party,estimated
S002260,C00057,F00248,etch,848620,51600000,100.0,18,2018-12-01,2022-12-31,third_party,estimated
S002261,C00069,F00248,deposition,848620,24303600,47.1,32,2025-09-01,2029-12-31,public,estimated
S002262,C00070,F00248,deposition,848620,17956799,34.8,33,2025-07-01,2030-12-31,third_party,estimated
S002263,C00071,F00248,deposition,848620,9339600,18.1,30,2025-01-01,2029-12-31,public,estimated
S002264,C00078,F00248,metrology,848620,8849399,34.3,26,2020-01-01,2024-12-31,public,estimated
S002265,C00079,F00248,metrology,848620,6295200,24.4,10,2020-12-01,2022-12-31,third_party,estimated
S002266,C00080,F00248,metrology,848620,10655399,41.3,11,2020-05-01,2022-12-31,third_party,estimated
S002267,C00085,F00248,cleaning,848620,18060000,100.0,14,2025-05-01,2030-12-31,third_party,estimated
S002268,C00090,F00248,ion_implant,848620,12900000,100.0,35,2017-04-01,2021-12-31,third_party,estimated
S002269,C00004,F00248,wafers,381800,12425280,68.8,8,2024-09-01,2028-12-31,third_party,estimated
S002270,C00005,F00248,wafers,381800,5634720,31.2,10,2024-10-01,2028-12-31,third_party,estimated
S002271,C00015,F00248,photoresist,381800,3962880,38.4,14,2019-11-01,2021-12-31,third_party,estimated
S002272,C00016,F00248,photoresist,381800,6357120,61.6,11,2019-04-01,2021-12-31,public,estimated
S002273,C00022,F00248,specialty_gases,381800,5067120,49.1,13,2019-09-01,2021-12-31,third_party,estimated
S002274,C00025,F00248,specialty_gases,381800,5252880,50.9,7,2019-05-01,2024-12-31,third_party,estimated
S002275,C00029,F00248,wet_chemicals,381800,2879280,37.2,6,2021-04-01,2023-12-31,third_party,estimated
S002276,C00030,F00248,wet_chemicals,381800,4202820,54.3,10,2021-07-01,2024-12-31,third_party,estimated
S002277,C00035,F00248,wet_chemicals,381800,657900,8.5,16,2021-10-01,2024-12-31,public,estimated
S002278,C00051,F00249,lithography,848620,208364400,98.1,61,2023-01-01,2025-12-31,third_party,estimated
S002279,C00052,F00249,lithography,848620,4035600,1.9,72,2023-11-01,2025-12-31,third_party,estimated
S002280,C00059,F00249,etch,848620,37594800,17.7,17,2022-12-01,2027-12-31,public,estimated
S002281,C00060,F00249,etch,848620,94305600,44.4,18,2022-11-01,2028-12-31,public,estimated
S002282,C00062,F00249,etch,848620,80499600,37.9,22,2022-10-01,2027-12-31,public,estimated
S002283,C00069,F00249,deposition,848620,212400000,100.0,18,2019-05-01,2024-12-31,public,estimated
S002284,C00080,F00249,metrology,848620,101421000,95.5,10,2023-04-01,2028-12-31,third_party,estimated
S002285,C00081,F00249,metrology,848620,4779000,4.5,38,2023-01-01,2029-12-31,third_party,estimated
S002286,C00084,F00249,cleaning,848620,7210980,9.7,36,2020-06-01,2026-12-31,third_party,estimated
S002287,C00087,F00249,cleaning,848620,67129020,90.3,21,2020-10-01,2024-12-31,third_party,estimated
S002288,C00091,F00249,ion_implant,848620,15239700,28.7,35,2018-07-01,2020-12-31,third_party,estimated
S002289,C00092,F00249,ion_implant,848620,37860300,71.3,14,2018-02-01,2023-12-31,third_party,estimated
S002290,C00002,F00249,wafers,381800,22748040,30.6,3,2022-10-01,2025-12-31,third_party,estimated
S002291,C00007,F00249,wafers,381800,51591960,69.4,16,2022-10-01,2026-12-31,public,estimated
S002292,C00015,F00249,photoresist,381800,3440880,8.1,10,2020-02-01,2024-12-31,third_party,estimated
S002293,C00016,F00249,photoresist,381800,39039120,91.9,4,2020-01-01,2024-12-31,third_party,estimated
S002294,C00021,F00249,specialty_gases,381800,23406480,55.1,6,2025-05-01,2029-12-31,public,estimated
S002295,C00025,F00249,specialty_gases,381800,19073520,44.9,4,2025-04-01,2027-12-31,public,estimated
S002296,C00029,F00249,wet_chemicals,381800,13030740,40.9,8,2022-09-01,2027-12-31,public,estimated
S002297,C00036,F00249,wet_chemicals,381800,18829260,59.1,9,2022-04-01,2025-12-31,third_party,estimated
S002298,C00051,F00250,lithography,848620,17010000,22.5,76,2021-04-01,2023-12-31,public,estimated
S002299,C00054,F00250,lithography,848620,58590000,77.5,27,2021-09-01,2024-12-31,public,estimated
S002300,C00059,F00250,etch,848620,58741200,77.7,31,2024-09-01,2028-12-31,third_party,estimated
S002301,C00060,F00250,etch,848620,16858800,22.3,35,2024-08-01,2028-12-31,third_party,estimated
S002302,C00070,F00250,deposition,848620,8845200,11.7,29,2021-01-01,2027-12-31,third_party,estimated
S002303,C00071,F00250,deposition,848620,66754800,88.3,30,2021-01-01,2025-12-31,public,estimated
S002304,C00079,F00250,metrology,848620,23398200,61.9,23,2025-04-01,2031-12-31,third_party,estimated
S002305,C00081,F00250,metrology,848620,14401800,38.1,25,2025-02-01,2030-12-31,third_party,estimated
S002306,C00083,F00250,cleaning,848620,20638800,78.0,20,2023-03-01,2028-12-31,third_party,estimated
S002307,C00087,F00250,cleaning,848620,5821200,22.0,10,2023-11-01,2028-12-31,third_party,estimated
S002308,C00090,F00250,ion_implant,848620,11850300,62.7,8,2022-03-01,2027-12-31,public,estimated
S002309,C00091,F00250,ion_implant,848620,3817800,20.2,12,2022-01-01,2026-12-31,public,estimated
S002310,C00092,F00250,ion_implant,848620,3231900,17.1,40,2022-10-01,2027-12-31,third_party,estimated
S002311,C00001,F00250,wafers,381800,16008300,60.5,12,2018-04-01,2021-12-31,public,estimated
S002312,C00002,F00250,wafers,381800,10451700,39.5,16,2018-05-01,2020-12-31,third_party,estimated
S002313,C00014,F00250,photoresist,381800,10311840,68.2,8,2024-12-01,2029-12-31,public,estimated
S002314,C00017,F00250,photoresist,381800,4808160,31.8,16,2024-11-01,2026-12-31,third_party,estimated
S002315,C00022,F00250,specialty_gases,381800,3235680,21.4,14,2023-03-01,2028-12-31,public,estimated
S002316,C00025,F00250,specialty_gases,381800,6743520,44.6,3,2023-07-01,2026-12-31,third_party,estimated
S002317,C00026,F00250,specialty_gases,381800,5140800,34.0,4,2023-02-01,2025-12-31,third_party,estimated
S002318,C00032,F00250,wet_chemicals,381800,11340000,100.0,10,2021-11-01,2026-12-31,public,estimated
S002319,C00051,F00251,lithography,848620,102000000,100.0,27,2019-06-01,2024-12-31,third_party,estimated
S002320,C00058,F00251,etch,848620,102000000,100.0,15,2023-09-01,2025-12-31,third_party,estimated
S002321,C00066,F00251,deposition,848620,10608000,10.4,16,2019-08-01,2022-12-31,public,estimated
S002322,C00069,F00251,deposition,848620,83231999,81.6,26,2019-03-01,2023-12-31,third_party,estimated
S002323,C00072,F00251,deposition,848620,8160000,8.0,24,2019-06-01,2023-12-31,third_party,estimated
S002324,C00080,F00251,metrology,848620,31977000,62.7,11,2024-01-01,2029-12-31,third_party,estimated
S002325,C00081,F00251,metrology,848620,19022999,37.3,8,2024-08-01,2029-12-31,third_party,estimated
S002326,C00084,F00251,cleaning,848620,19170900,53.7,40,2019-12-01,2024-12-31,third_party,estimated
S002327,C00086,F00251,cleaning,848620,5497800,15.4,10,2019-01-01,2023-12-31,public,estimated
S002328,C00087,F00251,cleaning,848620,11031300,30.9,18,2019-03-01,2025-12-31,third_party,estimated
S002329,C00091,F00251,ion_implant,848620,25500000,100.0,40,2021-09-01,2027-12-31,third_party,estimated
S002330,C00008,F00251,wafers,381800,35700000,100.0,6,2018-02-01,2022-12-31,public,estimated
S002331,C00017,F00251,photoresist,381800,20400000,100.0,5,2025-02-01,2029-12-31,third_party,estimated
S002332,C00026,F00251,specialty_gases,381800,20400000,100.0,9,2025-04-01,2029-12-31,third_party,estimated
S002333,C00032,F00251,wet_chemicals,381800,6288300,41.1,5,2025-03-01,2031-12-31,third_party,estimated
S002334,C00034,F00251,wet_chemicals,381800,3121200,20.4,8,2025-11-01,2030-12-31,public,estimated
S002335,C00035,F00251,wet_chemicals,381800,5890500,38.5,13,2025-09-01,2031-12-31,third_party,estimated
S002336,C00051,F00252,lithography,848620,121200000,100.0,48,2021-06-01,2027-12-31,public,estimated
S002337,C00062,F00252,etch,848620,71023200,58.6,31,2021-12-01,2025-12-31,third_party,estimated
S002338,C00063,F00252,etch,848620,50176800,41.4,38,2021-01-01,2024-12-31,third_party,estimated
S002339,C00073,F00252,deposition,848620,121200000,100.0,32,2021-01-01,2026-12-31,third_party,estimated
S002340,C00076,F00252,metrology,848620,6302400,10.4,33,2022-06-01,2028-12-31,third_party,estimated
S002341,C00080,F00252,metrology,848620,54297600,89.6,9,2022-01-01,2027-12-31,third_party,estimated
S002342,C00084,F00252,cleaning,848620,22100820,52.1,13,2023-04-01,2025-12-31,public,estimated
S002343,C00087,F00252,cleaning,848620,20319180,47.9,29,2023-12-01,2027-12-31,third_party,estimated
S002344,C00090,F00252,ion_implant,848620,29906100,98.7,22,2017-09-01,2021-12-31,public,estimated
S002345,C00092,F00252,ion_implant,848620,393900,1.3,26,2017-12-01,2022-12-31,third_party,estimated
S002346,C00004,F00252,wafers,381800,10732260,25.3,3,2018-06-01,2023-12-31,public,estimated
S002347,C00006,F00252,wafers,381800,31687740,74.7,14,2018-02-01,2022-12-31,third_party,estimated
S002348,C00018,F00252,photoresist,381800,16992239,70.1,14,2024-04-01,2029-12-31,third_party,estimated
S002349,C00020,F00252,photoresist,381800,7247760,29.9,9,2024-02-01,2030-12-31,third_party,estimated
S002350,C00021,F00252,specialty_gases,381800,7199280,29.7,8,2025-10-01,2030-12-31,third_party,estimated
S002351,C00024,F00252,specialty_gases,381800,2593679,10.7,3,2025-04-01,2028-12-31,public,estimated
S002352,C00026,F00252,specialty_gases,381800,14447040,59.6,3,2025-12-01,2031-12-31,third_party,estimated
S002353,C00033,F00252,wet_chemicals,381800,18180000,100.0,3,2018-06-01,2021-12-31,third_party,estimated
S002354,C00054,F00253,lithography,848620,81600000,100.0,71,2025-12-01,2029-12-31,public,estimated
S002355,C00058,F00253,etch,848620,70094400,85.9,21,2017-06-01,2023-12-31,public,estimated
S002356,C00061,F00253,etch,848620,11505600,14.1,17,2017-03-01,2023-12-31,public,estimated
S002357,C00068,F00253,deposition,848620,44227200,54.2,26,2017-07-01,2020-12-31,public,estimated
S002358,C00070,F00253,deposition,848620,37372800,45.8,39,2017-02-01,2019-12-31,third_party,estimated
S002359,C00079,F00253,metrology,848620,35128800,86.1,27,2020-11-01,2024-12-31,third_party,estimated
S002360,C00080,F00253,metrology,848620,5671200,13.9,20,2020-05-01,2025-12-31,third_party,estimated
S002361,C00082,F00253,cleaning,848620,5083680,17.8,27,2025-06-01,2030-12-31,public,estimated
S002362,C00085,F00253,cleaning,848620,6797280,23.8,19,2025-06-01,2031-12-31,third_party,estimated
S002363,C00086,F00253,cleaning,848620,16679040,58.4,13,2025-08-01,2027-12-31,third_party,estimated
S002364,C00089,F00253,ion_implant,848620,20400000,100.0,15,2018-06-01,2021-12-31,third_party,estimated
S002365,C00001,F00253,wafers,381800,10195920,35.7,15,2023-01-01,2029-12-31,third_party,estimated
S002366,C00009,F00253,wafers,381800,18364080,64.3,9,2023-05-01,2027-12-31,public,estimated
S002367,C00015,F00253,photoresist,381800,2350080,14.4,11,2022-08-01,2028-12-31,third_party,estimated
S002368,C00017,F00253,photoresist,381800,13969920,85.6,13,2022-09-01,2027-12-31,public,estimated
S002369,C00027,F00253,specialty_gases,381800,2692800,16.5,11,2017-10-01,2022-12-31,third_party,estimated
S002370,C00028,F00253,specialty_gases,381800,13627200,83.5,11,2017-08-01,2020-12-31,public,estimated
S002371,C00031,F00253,wet_chemicals,381800,8543520,69.8,9,2019-10-01,2023-12-31,third_party,estimated
S002372,C00033,F00253,wet_chemicals,381800,3696480,30.2,7,2019-07-01,2021-12-31,third_party,estimated
S002373,C00051,F00254,lithography,848620,212400000,100.0,64,2018-03-01,2023-12-31,third_party,estimated
S002374,C00058,F00254,etch,848620,52250400,24.6,19,2023-07-01,2026-12-31,third_party,estimated
S002375,C00062,F00254,etch,848620,53524800,25.2,21,2023-03-01,2027-12-31,third_party,estimated
S002376,C00063,F00254,etch,848620,106624800,50.2,9,2023-11-01,2028-12-31,third_party,estimated
S002377,C00068,F00254,deposition,848620,30585600,14.4,28,2024-05-01,2027-12-31,third_party,estimated
S002378,C00072,F00254,deposition,848620,181814400,85.6,27,2024-10-01,2026-12-31,public,estimated
S002379,C00078,F00254,metrology,848620,106200000,100.0,28,2018-10-01,2020-12-31,public,estimated
S002380,C00084,F00254,cleaning,848620,7508340,10.1,27,2022-09-01,2027-12-31,third_party,estimated
S002381,C00085,F00254,cleaning,848620,51814980,69.7,15,2022-07-01,2025-12-31,public,estimated
S002382,C00086,F00254,cleaning,848620,15016680,20.2,28,2022-06-01,2028-12-31,third_party,estimated
S002383,C00090,F00254,ion_implant,848620,23895000,45.0,16,2023-04-01,2028-12-31,third_party,estimated
S002384,C00092,F00254,ion_implant,848620,29205000,55.0,21,2023-12-01,2027-12-31,third_party,estimated
S002385,C00006,F00254,wafers,381800,74340000,100.0,2,2024-08-01,2028-12-31,third_party,estimated
S002386,C00016,F00254,photoresist,381800,42480000,100.0,10,2024-06-01,2026-12-31,third_party,estimated
S002387,C00023,F00254,specialty_gases,381800,8708400,20.5,15,2018-12-01,2024-12-31,third_party,estimated
S002388,C00027,F00254,specialty_gases,381800,33771600,79.5,4,2018-01-01,2024-12-31,third_party,estimated
S002389,C00031,F00254,wet_chemicals,381800,19116000,60.0,9,2017-06-01,2020-12-31,third_party,estimated
S002390,C00032,F00254,wet_chemicals,381800,6818040,21.4,5,2017-07-01,2021-12-31,public,estimated
S002391,C00033,F00254,wet_chemicals,381800,5925960,18.6,9,2017-03-01,2019-12-31,third_party,estimated
S002392,C00052,F00255,lithography,848620,63600000,100.0,35,2020-05-01,2026-12-31,public,estimated
S002393,C00058,F00255,etch,848620,63600000,100.0,40,2020-02-01,2024-12-31,public,estimated
S002394,C00066,F00255,deposition,848620,63600000,100.0,38,2019-04-01,2021-12-31,third_party,estimated
S002395,C00078,F00255,metrology,848620,5724000,18.0,15,2025-10-01,2030-12-31,public,estimated
S002396,C00079,F00255,metrology,848620,26076000,82.0,22,2025-08-01,2030-12-31,public,estimated
S002397,C00086,F00255,cleaning,848620,19121340,85.9,15,2023-04-01,2025-12-31,public,estimated
S002398,C00087,F00255,cleaning,848620,3138660,14.1,33,2023-08-01,2025-12-31,public,estimated
S002399,C00090,F00255,ion_implant,848620,6471300,40.7,38,2018-06-01,2021-12-31,third_party,estimated
S002400,C00091,F00255,ion_implant,848620,9428700,59.3,18,2018-07-01,2024-12-31,third_party,estimated
S002401,C00004,F00255,wafers,381800,22260000,100.0,2,2020-05-01,2026-12-31,third_party,estimated
S002402,C00019,F00255,photoresist,381800,12720000,100.0,2,2017-03-01,2019-12-31,public,estimated
S002403,C00023,F00255,specialty_gases,381800,8484240,66.7,5,2017-10-01,2023-12-31,public,estimated
S002404,C00024,F00255,specialty_gases,381800,2175120,17.1,8,2017-03-01,2022-12-31,public,estimated
S002405,C00025,F00255,specialty_gases,381800,2060640,16.2,16,2017-11-01,2023-12-31,third_party,estimated
S002406,C00032,F00255,wet_chemicals,381800,9540000,100.0,5,2023-07-01,2026-12-31,third_party,estimated
S002407,C00051,F00256,lithography,848620,4610400,3.4,26,2017-08-01,2023-12-31,third_party,estimated
S002408,C00052,F00256,lithography,848620,45697200,33.7,34,2017-11-01,2022-12-31,public,estimated
S002409,C00053,F00256,lithography,848620,85292400,62.9,74,2017-07-01,2021-12-31,third_party,estimated
S002410,C00057,F00256,etch,848620,135600000,100.0,12,2020-08-01,2023-12-31,third_party,estimated
S002411,C00068,F00256,deposition,848620,119463600,88.1,37,2025-12-01,2031-12-31,third_party,estimated
S002412,C00073,F00256,deposition,848620,16136400,11.9,12,2025-01-01,2028-12-31,third_party,estimated
S002413,C00080,F00256,metrology,848620,1288200,1.9,26,2018-10-01,2022-12-31,public,estimated
S002414,C00081,F00256,metrology,848620,66511800,98.1,25,2018-01-01,2020-12-31,third_party,estimated
S002415,C00084,F00256,cleaning,848620,47460000,100.0,31,2025-04-01,2027-12-31,third_party,estimated
S002416,C00091,F00256,ion_implant,848620,33900000,100.0,26,2020-10-01,2026-12-31,third_party,estimated
S002417,C00001,F00256,wafers,381800,8827560,18.6,6,2024-08-01,2029-12-31,third_party,estimated
S002418,C00004,F00256,wafers,381800,38632440,81.4,7,2024-09-01,2028-12-31,third_party,estimated
S002419,C00020,F00256,photoresist,381800,27120000,100.0,3,2020-09-01,2024-12-31,third_party,estimated
S002420,C00024,F00256,specialty_gases,381800,8217360,30.3,5,2020-12-01,2022-12-31,third_party,estimated
S002421,C00026,F00256,specialty_gases,381800,14861760,54.8,8,2020-11-01,2023-12-31,third_party,estimated
S002422,C00027,F00256,specialty_gases,381800,4040880,14.9,11,2020-06-01,2026-12-31,third_party,estimated
S002423,C00032,F00256,wet_chemicals,381800,13810860,67.9,9,2018-07-01,2023-12-31,third_party,estimated
S002424,C00034,F00256,wet_chemicals,381800,6529140,32.1,8,2018-09-01,2023-12-31,public,estimated
S002425,C00051,F00257,lithography,848620,69600000,100.0,50,2019-08-01,2021-12-31,public,estimated
S002426,C00057,F00257,etch,848620,69600000,100.0,39,2025-07-01,2027-12-31,third_party,estimated
S002427,C00069,F00257,deposition,848620,69600000,100.0,17,2023-04-01,2026-12-31,third_party,estimated
S002428,C00080,F00257,metrology,848620,25647600,73.7,32,2019-10-01,2024-12-31,third_party,estimated
S002429,C00081,F00257,metrology,848620,9152400,26.3,10,2019-02-01,2022-12-31,public,estimated
S002430,C00084,F00257,cleaning,848620,2436000,10.0,27,2020-09-01,2022-12-31,third_party,estimated
S002431,C00085,F00257,cleaning,848620,21924000,90.0,13,2020-11-01,2024-12-31,third_party,estimated
S002432,C00091,F00257,ion_implant,848620,17400000,100.0,24,2018-12-01,2024-12-31,third_party,estimated
S002433,C00004,F00257,wafers,381800,24360000,100.0,13,2017-10-01,2019-12-31,third_party,estimated
S002434,C00014,F00257,photoresist,381800,5192159,37.3,8,2020-06-01,2026-12-31,public,estimated
S002435,C00017,F00257,photoresist,381800,5331359,38.3,3,2020-12-01,2025-12-31,third_party,estimated
S002436,C00020,F00257,photoresist,381800,3396480,24.4,7,2020-08-01,2022-12-31,public,estimated
S002437,C00027,F00257,specialty_gases,381800,13920000,100.0,3,2017-09-01,2022-12-31,third_party,estimated
S002438,C00034,F00257,wet_chemicals,381800,10440000,100.0,6,2018-03-01,2022-12-31,third_party,estimated
S002439,C00093,F00258,assembly_tools,,513000,100.0,6,2022-07-01,2026-12-31,public,estimated
S002440,C00037,F00258,substrates,,124488,27.3,7,2023-04-01,2026-12-31,third_party,estimated
S002441,C00044,F00258,substrates,,331512,72.7,3,2023-03-01,2029-12-31,third_party,estimated
S002442,C00031,F00258,wet_chemicals,381800,54549,31.9,7,2022-06-01,2027-12-31,public,estimated
S002443,C00032,F00258,wet_chemicals,381800,92853,54.3,15,2022-08-01,2027-12-31,third_party,estimated
S002444,C00033,F00258,wet_chemicals,381800,23598,13.8,4,2022-08-01,2028-12-31,third_party,estimated
S002445,C00096,F00259,assembly_tools,,121500,100.0,15,2022-08-01,2026-12-31,public,estimated
S002446,C00040,F00259,substrates,,108000,100.0,10,2021-03-01,2026-12-31,third_party,estimated
S002447,C00034,F00259,wet_chemicals,381800,2673,6.6,11,2025-08-01,2031-12-31,third_party,estimated
S002448,C00035,F00259,wet_chemicals,381800,28755,71.0,4,2025-08-01,2028-12-31,third_party,estimated
S002449,C00036,F00259,wet_chemicals,381800,9072,22.4,2,2025-12-01,2027-12-31,public,estimated
S002450,C00100,F00260,assembly_tools,,432000,100.0,4,2023-06-01,2029-12-31,third_party,estimated
S002451,C00041,F00260,substrates,,289536,75.4,6,2024-01-01,2027-12-31,third_party,estimated
S002452,C00043,F00260,substrates,,94464,24.6,2,2024-04-01,2029-12-31,third_party,estimated
S002453,C00032,F00260,wet_chemicals,381800,144000,100.0,14,2025-05-01,2028-12-31,third_party,estimated
S002454,C00098,F00261,assembly_tools,,324000,100.0,2,2018-12-01,2022-12-31,third_party,estimated
S002455,C00043,F00261,substrates,,288000,100.0,7,2020-09-01,2024-12-31,third_party,estimated
S002456,C00032,F00261,wet_chemicals,381800,77112,71.4,3,2024-11-01,2028-12-31,third_party,estimated
S002457,C00036,F00261,wet_chemicals,381800,30888,28.6,15,2024-07-01,2028-12-31,public,estimated
S002458,C00097,F00262,assembly_tools,,62370,33.0,5,2025-06-01,2029-12-31,third_party,estimated
S002459,C00100,F00262,assembly_tools,,126630,67.0,3,2025-04-01,2027-12-31,public,estimated
S002460,C00040,F00262,substrates,,86688,51.6,10,2024-11-01,2028-12-31,public,estimated
S002461,C00041,F00262,substrates,,81312,48.4,2,2024-05-01,2030-12-31,public,estimated
S002462,C00029,F00262,wet_chemicals,381800,16065,25.5,10,2025-09-01,2030-12-31,public,estimated
S002463,C00031,F00262,wet_chemicals,381800,2898,4.6,7,2025-10-01,2030-12-31,public,estimated
S002464,C00036,F00262,wet_chemicals,381800,44037,69.9,11,2025-09-01,2031-12-31,third_party,estimated
S002465,C00095,F00263,assembly_tools,,213246,71.8,6,2025-07-01,2028-12-31,public,estimated
S002466,C00099,F00263,assembly_tools,,83754,28.2,16,2025-09-01,2027-12-31,public,estimated
S002467,C00043,F00263,substrates,,205656,77.9,5,2025-05-01,2027-12-31,public,estimated
S002468,C00044,F00263,substrates,,58344,22.1,6,2025-11-01,2029-12-31,third_party,estimated
S002469,C00031,F00263,wet_chemicals,381800,99000,100.0,2,2025-10-01,2029-12-31,public,estimated
S002470,C00097,F00264,assembly_tools,,64395,47.7,3,2017-03-01,2022-12-31,public,estimated
S002471,C00098,F00264,assembly_tools,,70605,52.3,11,2017-02-01,2019-12-31,third_party,estimated
S002472,C00037,F00264,substrates,,18120,15.1,3,2021-03-01,2024-12-31,third_party,estimated
S002473,C00042,F00264,substrates,,101880,84.9,10,2021-11-01,2025-12-31,third_party,estimated
S002474,C00033,F00264,wet_chemicals,381800,45000,100.0,4,2020-03-01,2024-12-31,third_party,estimated
S002475,C00093,F00265,assembly_tools,,23058,6.1,10,2023-04-01,2026-12-31,third_party,estimated
S002476,C00096,F00265,assembly_tools,,136458,36.1,12,2023-08-01,2025-12-31,third_party,estimated
S002477,C00099,F00265,assembly_tools,,218484,57.8,11,2023-01-01,2029-12-31,third_party,estimated
S002478,C00042,F00265,substrates,,336000,100.0,12,2020-12-01,2026-12-31,public,estimated
S002479,C00030,F00265,wet_chemicals,381800,59976,47.6,10,2023-09-01,2026-12-31,public,estimated
S002480,C00031,F00265,wet_chemicals,381800,23184,18.4,13,2023-12-01,2025-12-31,public,estimated
S002481,C00032,F00265,wet_chemicals,381800,42840,34.0,8,2023-08-01,2029-12-31,third_party,estimated
S002482,C00098,F00266,assembly_tools,,405000,100.0,16,2019-03-01,2021-12-31,third_party,estimated
S002483,C00037,F00266,substrates,,334800,93.0,5,2020-08-01,2025-12-31,third_party,estimated
S002484,C00043,F00266,substrates,,25200,7.0,14,2020-11-01,2024-12-31,public,estimated
S002485,C00030,F00266,wet_chemicals,381800,135000,100.0,5,2025-10-01,2027-12-31,third_party,estimated
S002486,C00093,F00267,assembly_tools,,180319,36.1,2,2023-03-01,2027-12-31,public,estimated
S002487,C00099,F00267,assembly_tools,,319180,63.9,15,2023-07-01,2027-12-31,third_party,estimated
S002488,C00043,F00267,substrates,,444000,100.0,12,2017-07-01,2023-12-31,public,estimated
S002489,C00029,F00267,wet_chemicals,381800,166500,100.0,16,2023-04-01,2026-12-31,public,estimated
S002490,C00099,F00268,assembly_tools,,499500,100.0,4,2023-05-01,2026-12-31,third_party,estimated
S002491,C00037,F00268,substrates,,444000,100.0,7,2025-03-01,2027-12-31,third_party,estimated
S002492,C00030,F00268,wet_chemicals,381800,72427,43.5,5,2022-10-01,2026-12-31,third_party,estimated
S002493,C00031,F00268,wet_chemicals,381800,94072,56.5,13,2022-06-01,2028-12-31,third_party,estimated
S002494,C00094,F00269,assembly_tools,,202419,44.1,12,2020-10-01,2023-12-31,public,estimated
S002495,C00097,F00269,assembly_tools,,256581,55.9,12,2020-12-01,2022-12-31,public,estimated
S002496,C00044,F00269,substrates,,408000,100.0,14,2018-01-01,2022-12-31,third_party,estimated
S002497,C00032,F00269,wet_chemicals,381800,153000,100.0,8,2025-06-01,2029-12-31,public,estimated
S002498,C00099,F00270,assembly_tools,,162000,100.0,7,2025-09-01,2030-12-31,third_party,estimated
S002499,C00040,F00270,substrates,,144000,100.0,9,2017-07-01,2023-12-31,third_party,estimated
S002500,C00035,F00270,wet_chemicals,381800,54000,100.0,11,2023-06-01,2029-12-31,third_party,estimated
S002501,C00096,F00271,assembly_tools,,122310,60.4,5,2017-08-01,2023-12-31,public,estimated
S002502,C00097,F00271,assembly_tools,,21870,10.8,6,2017-07-01,2020-12-31,public,estimated
S002503,C00098,F00271,assembly_tools,,58320,28.8,9,2017-03-01,2021-12-31,third_party,estimated
S002504,C00037,F00271,substrates,,80460,44.7,6,2023-11-01,2029-12-31,third_party,estimated
S002505,C00040,F00271,substrates,,55440,30.8,4,2023-03-01,2029-12-31,public,estimated
S002506,C00044,F00271,substrates,,44100,24.5,13,2023-01-01,2026-12-31,third_party,estimated
S002507,C00029,F00271,wet_chemicals,381800,35505,52.6,10,2018-10-01,2020-12-31,third_party,estimated
S002508,C00030,F00271,wet_chemicals,381800,16200,24.0,4,2018-01-01,2021-12-31,third_party,estimated
S002509,C00031,F00271,wet_chemicals,381800,15795,23.4,9,2018-04-01,2022-12-31,third_party,estimated
S002510,C00095,F00272,assembly_tools,,40095,16.5,2,2017-02-01,2019-12-31,public,estimated
S002511,C00097,F00272,assembly_tools,,202905,83.5,2,2017-10-01,2021-12-31,public,estimated
S002512,C00037,F00272,substrates,,4104,1.9,12,2025-10-01,2030-12-31,third_party,estimated
S002513,C00038,F00272,substrates,,90504,41.9,13,2025-06-01,2029-12-31,third_party,estimated
S002514,C00041,F00272,substrates,,121392,56.2,14,2025-10-01,2028-12-31,public,estimated
S002515,C00030,F00272,wet_chemicals,381800,81000,100.0,3,2023-04-01,2026-12-31,third_party,estimated
S002516,C00094,F00273,assembly_tools,,20425,8.9,12,2023-07-01,2028-12-31,public,estimated
S002517,C00096,F00273,assembly_tools,,42916,18.7,7,2023-11-01,2026-12-31,public,estimated
S002518,C00097,F00273,assembly_tools,,166158,72.4,14,2023-05-01,2027-12-31,third_party,estimated
S002519,C00040,F00273,substrates,,165443,81.1,7,2019-10-01,2023-12-31,third_party,estimated
S002520,C00044,F00273,substrates,,38555,18.9,9,2019-07-01,2025-12-31,third_party,estimated
S002521,C00029,F00273,wet_chemicals,381800,8032,10.5,5,2025-07-01,2031-12-31,third_party,estimated
S002522,C00031,F00273,wet_chemicals,381800,28611,37.4,4,2025-02-01,2031-12-31,third_party,estimated
S002523,C00035,F00273,wet_chemicals,381800,39856,52.1,8,2025-10-01,2028-12-31,third_party,estimated
S002524,C00099,F00274,assembly_tools,,283500,100.0,6,2020-03-01,2023-12-31,third_party,estimated
S002525,C00037,F00274,substrates,,104832,41.6,11,2017-04-01,2023-12-31,third_party,estimated
S002526,C00038,F00274,substrates,,147168,58.4,12,2017-06-01,2023-12-31,third_party,estimated
S002527,C00033,F00274,wet_chemicals,381800,94500,100.0,12,2021-11-01,2025-12-31,third_party,estimated
S002528,C00098,F00275,assembly_tools,,513000,100.0,16,2025-09-01,2027-12-31,third_party,estimated
S002529,C00039,F00275,substrates,,218424,47.9,6,2018-05-01,2024-12-31,public,estimated
S002530,C00044,F00275,substrates,,237576,52.1,10,2018-02-01,2023-12-31,third_party,estimated
S002531,C00031,F00275,wet_chemicals,381800,48735,28.5,7,2018-02-01,2022-12-31,third_party,estimated
S002532,C00032,F00275,wet_chemicals,381800,122265,71.5,10,2018-10-01,2023-12-31,third_party,estimated
S002533,C00093,F00276,assembly_tools,,111240,41.2,16,2023-10-01,2026-12-31,public,estimated
S002534,C00097,F00276,assembly_tools,,158760,58.8,13,2023-07-01,2027-12-31,third_party,estimated
S002535,C00039,F00276,substrates,,86880,36.2,10,2024-03-01,2027-12-31,third_party,estimated
S002536,C00040,F00276,substrates,,153120,63.8,7,2024-06-01,2030-12-31,third_party,estimated
S002537,C00032,F00276,wet_chemicals,381800,55620,61.8,7,2025-11-01,2029-12-31,public,estimated
S002538,C00034,F00276,wet_chemicals,381800,34380,38.2,16,2025-03-01,2028-12-31,third_party,estimated
S002539,C00093,F00277,assembly_tools,,59130,43.8,3,2018-07-01,2021-12-31,third_party,estimated
S002540,C00094,F00277,assembly_tools,,31995,23.7,13,2018-11-01,2023-12-31,third_party,estimated
S002541,C00099,F00277,assembly_tools,,43875,32.5,11,2018-05-01,2021-12-31,third_party,estimated
S002542,C00038,F00277,substrates,,60960,50.8,8,2020-02-01,2025-12-31,public,estimated
S002543,C00040,F00277,substrates,,59040,49.2,9,2020-12-01,2025-12-31,public,estimated
S002544,C00030,F00277,wet_chemicals,381800,12375,27.5,8,2021-08-01,2025-12-31,third_party,estimated
S002545,C00033,F00277,wet_chemicals,381800,24525,54.5,6,2021-01-01,2025-12-31,third_party,estimated
S002546,C00034,F00277,wet_chemicals,381800,8100,18.0,10,2021-08-01,2023-12-31,third_party,estimated
S002547,C00093,F00278,assembly_tools,,55215,81.8,11,2025-09-01,2031-12-31,public,estimated
S002548,C00094,F00278,assembly_tools,,12285,18.2,16,2025-02-01,2029-12-31,public,estimated
S002549,C00039,F00278,substrates,,20100,33.5,3,2017-09-01,2022-12-31,third_party,estimated
S002550,C00041,F00278,substrates,,22080,36.8,4,2017-07-01,2023-12-31,third_party,estimated
S002551,C00043,F00278,substrates,,17820,29.7,8,2017-07-01,2019-12-31,third_party,estimated
S002552,C00029,F00278,wet_chemicals,381800,13657,60.7,4,2018-07-01,2024-12-31,third_party,estimated
S002553,C00031,F00278,wet_chemicals,381800,8842,39.3,8,2018-02-01,2021-12-31,third_party,estimated
S002554,C00098,F00279,assembly_tools,,15403,16.3,10,2025-01-01,2028-12-31,third_party,estimated
S002555,C00099,F00279,assembly_tools,,79096,83.7,11,2025-09-01,2028-12-31,third_party,estimated
S002556,C00038,F00279,substrates,,27300,32.5,9,2021-11-01,2026-12-31,third_party,estimated
S002557,C00039,F00279,substrates,,49140,58.5,8,2021-01-01,2023-12-31,public,estimated
S002558,C00042,F00279,substrates,,7560,9.0,9,2021-01-01,2023-12-31,third_party,estimated
S002559,C00032,F00279,wet_chemicals,381800,16537,52.5,9,2021-05-01,2027-12-31,third_party,estimated
S002560,C00035,F00279,wet_chemicals,381800,8820,28.0,4,2021-12-01,2027-12-31,third_party,estimated
S002561,C00036,F00279,wet_chemicals,381800,6142,19.5,12,2021-12-01,2024-12-31,third_party,estimated
S002562,C00093,F00280,assembly_tools,,513000,100.0,2,2025-09-01,2027-12-31,public,estimated
S002563,C00039,F00280,substrates,,77520,17.0,4,2025-01-01,2028-12-31,third_party,estimated
S002564,C00044,F00280,substrates,,378480,83.0,3,2025-06-01,2030-12-31,third_party,estimated
S002565,C00031,F00280,wet_chemicals,381800,171000,100.0,12,2025-04-01,2030-12-31,third_party,estimated
S002566,C00093,F00281,assembly_tools,,97848,60.4,16,2022-05-01,2024-12-31,third_party,estimated
S002567,C00095,F00281,assembly_tools,,64152,39.6,11,2022-11-01,2027-12-31,public,estimated
S002568,C00039,F00281,substrates,,56304,39.1,2,2023-12-01,2026-12-31,third_party,estimated
S002569,C00042,F00281,substrates,,87696,60.9,8,2023-10-01,2028-12-31,public,estimated
S002570,C00031,F00281,wet_chemicals,381800,31698,58.7,9,2024-09-01,2030-12-31,public,estimated
S002571,C00032,F00281,wet_chemicals,381800,8802,16.3,14,2024-02-01,2028-12-31,third_party,estimated
S002572,C00035,F00281,wet_chemicals,381800,13500,25.0,13,2024-05-01,2028-12-31,third_party,estimated
S002573,C00098,F00282,assembly_tools,,499500,100.0,8,2025-10-01,2029-12-31,third_party,estimated
S002574,C00040,F00282,substrates,,34188,7.7,16,2018-04-01,2022-12-31,public,estimated
S002575,C00043,F00282,substrates,,242868,54.7,5,2018-12-01,2020-12-31,public,estimated
S002576,C00044,F00282,substrates,,166944,37.6,9,2018-05-01,2020-12-31,third_party,estimated
S002577,C00035,F00282,wet_chemicals,381800,152513,91.6,9,2025-02-01,2029-12-31,third_party,estimated
S002578,C00036,F00282,wet_chemicals,381800,13986,8.4,9,2025-05-01,2029-12-31,third_party,estimated
S002579,C00095,F00283,assembly_tools,,66339,23.4,8,2023-12-01,2029-12-31,third_party,estimated
S002580,C00100,F00283,assembly_tools,,217161,76.6,13,2023-08-01,2027-12-31,third_party,estimated
S002581,C00041,F00283,substrates,,74844,29.7,7,2023-09-01,2025-12-31,public,estimated
S002582,C00042,F00283,substrates,,33768,13.4,12,2023-08-01,2029-12-31,public,estimated
S002583,C00043,F00283,substrates,,143388,56.9,7,2023-11-01,2026-12-31,third_party,estimated
S002584,C00031,F00283,wet_chemicals,381800,88357,93.5,5,2019-06-01,2023-12-31,third_party,estimated
S002585,C00036,F00283,wet_chemicals,381800,6142,6.5,9,2019-07-01,2023-12-31,third_party,estimated
S002586,C00097,F00284,assembly_tools,,4144500000,100.0,8,2022-06-01,2025-12-31,public,estimated
S002587,C00038,F00284,substrates,,932052000,25.3,7,2018-12-01,2024-12-31,public,estimated
S002588,C00041,F00284,substrates,,1643064000,44.6,12,2018-01-01,2023-12-31,third_party,estimated
S002589,C00044,F00284,substrates,,1108884000,30.1,11,2018-06-01,2024-12-31,public,estimated
S002590,C00030,F00284,wet_chemicals,381800,1381500000,100.0,7,2018-07-01,2020-12-31,public,estimated
S002591,C00098,F00285,assembly_tools,,4657500000,100.0,6,2017-07-01,2020-12-31,third_party,estimated
S002592,C00037,F00285,substrates,,4140000000,100.0,6,2023-12-01,2025-12-31,third_party,estimated
S002593,C00029,F00285,wet_chemicals,381800,268582500,17.3,13,2022-09-01,2028-12-31,public,estimated
S002594,C00031,F00285,wet_chemicals,381800,152145000,9.8,6,2022-07-01,2025-12-31,third_party,estimated
S002595,C00035,F00285,wet_chemicals,381800,1131772500,72.9,4,2022-12-01,2027-12-31,public,estimated
S002596,C00093,F00286,assembly_tools,,2332354499,43.3,9,2023-01-01,2026-12-31,third_party,estimated
S002597,C00100,F00286,assembly_tools,,3054145500,56.7,2,2023-02-01,2026-12-31,third_party,estimated
S002598,C00040,F00286,substrates,,895356000,18.7,3,2021-08-01,2026-12-31,third_party,estimated
S002599,C00043,F00286,substrates,,3892644000,81.3,5,2021-10-01,2027-12-31,third_party,estimated
S002600,C00031,F00286,wet_chemicals,381800,1795500000,100.0,6,2019-09-01,2023-12-31,public,estimated
S002601,C00095,F00287,assembly_tools,,7762500000,100.0,3,2018-07-01,2020-12-31,public,estimated
S002602,C00038,F00287,substrates,,6900000000,100.0,4,2019-03-01,2023-12-31,third_party,estimated
S002603,C00029,F00287,wet_chemicals,381800,1539562500,59.5,9,2023-02-01,2026-12-31,third_party,estimated
S002604,C00031,F00287,wet_chemicals,381800,460575000,17.8,14,2023-10-01,2027-12-31,third_party,estimated
S002605,C00032,F00287,wet_chemicals,381800,587362500,22.7,16,2023-02-01,2029-12-31,third_party,estimated
S002606,C00093,F00288,assembly_tools,,4577472000,88.3,2,2018-09-01,2023-12-31,third_party,estimated
S002607,C00099,F00288,assembly_tools,,606528000,11.7,16,2018-03-01,2022-12-31,third_party,estimated
S002608,C00038,F00288,substrates,,3022848000,65.6,5,2020-06-01,2024-12-31,public,estimated
S002609,C00042,F00288,substrates,,101376000,2.2,3,2020-05-01,2022-12-31,public,estimated
S002610,C00044,F00288,substrates,,1483776000,32.2,13,2020-08-01,2025-12-31,public,estimated
S002611,C00029,F00288,wet_chemicals,381800,630720000,36.5,9,2022-07-01,2027-12-31,public,estimated
S002612,C00030,F00288,wet_chemicals,381800,1097280000,63.5,2,2022-07-01,2024-12-31,third_party,estimated
S002613,C00096,F00289,assembly_tools,,667440000,61.8,16,2021-09-01,2025-12-31,public,estimated
S002614,C00097,F00289,assembly_tools,,412560000,38.2,13,2021-07-01,2025-12-31,third_party,estimated
S002615,C00043,F00289,substrates,,960000000,100.0,16,2018-05-01,2022-12-31,third_party,estimated
S002616,C00029,F00289,wet_chemicals,381800,50400000,14.0,10,2021-11-01,2024-12-31,public,estimated
S002617,C00031,F00289,wet_chemicals,381800,185400000,51.5,6,2021-01-01,2024-12-31,third_party,estimated
S002618,C00036,F00289,wet_chemicals,381800,124200000,34.5,10,2021-05-01,2024-12-31,third_party,estimated
S002619,C00095,F00290,assembly_tools,,2626830000,47.0,13,2023-08-01,2028-12-31,third_party,estimated
S002620,C00096,F00290,assembly_tools,,2755377000,49.3,10,2023-02-01,2027-12-31,public,estimated
S002621,C00100,F00290,assembly_tools,,206793000,3.7,13,2023-08-01,2025-12-31,third_party,estimated
S002622,C00037,F00290,substrates,,417312000,8.4,13,2022-06-01,2025-12-31,third_party,estimated
S002623,C00040,F00290,substrates,,402408000,8.1,15,2022-09-01,2026-12-31,third_party,estimated
S002624,C00044,F00290,substrates,,4148280000,83.5,11,2022-02-01,2024-12-31,public,estimated
S002625,C00031,F00290,wet_chemicals,381800,1061910000,57.0,13,2019-09-01,2021-12-31,public,estimated
S002626,C00033,F00290,wet_chemicals,381800,661365000,35.5,13,2019-02-01,2021-12-31,third_party,estimated
S002627,C00034,F00290,wet_chemicals,381800,139725000,7.5,3,2019-08-01,2022-12-31,third_party,estimated
S002628,C00093,F00291,assembly_tools,,2345679000,88.2,11,2025-12-01,2031-12-31,third_party,estimated
S002629,C00094,F00291,assembly_tools,,186165000,7.0,2,2025-02-01,2030-12-31,public,estimated
S002630,C00097,F00291,assembly_tools,,127656000,4.8,14,2025-05-01,2028-12-31,third_party,estimated
S002631,C00039,F00291,substrates,,1879380000,79.5,14,2025-06-01,2031-12-31,third_party,estimated
S002632,C00042,F00291,substrates,,193848000,8.2,10,2025-10-01,2029-12-31,public,estimated
S002633,C00043,F00291,substrates,,290772000,12.3,2,2025-08-01,2031-12-31,third_party,estimated
S002634,C00029,F00291,wet_chemicals,381800,653350500,73.7,9,2025-05-01,2029-12-31,third_party,estimated
S002635,C00032,F00291,wet_chemicals,381800,15957000,1.8,16,2025-11-01,2028-12-31,third_party,estimated
S002636,C00033,F00291,wet_chemicals,381800,217192500,24.5,2,2025-09-01,2027-12-31,third_party,estimated
S002637,C00099,F00292,assembly_tools,,5764500000,100.0,14,2025-07-01,2031-12-31,public,estimated
S002638,C00038,F00292,substrates,,425292000,8.3,7,2023-03-01,2028-12-31,public,estimated
S002639,C00040,F00292,substrates,,2848944000,55.6,4,2023-04-01,2028-12-31,third_party,estimated
S002640,C00043,F00292,substrates,,1849764000,36.1,7,2023-09-01,2025-12-31,third_party,estimated
S002641,C00030,F00292,wet_chemicals,381800,97996500,5.1,12,2023-04-01,2027-12-31,third_party,estimated
S002642,C00031,F00292,wet_chemicals,381800,1823503500,94.9,14,2023-03-01,2026-12-31,third_party,estimated
S002643,C00093,F00293,assembly_tools,,955017000,16.3,11,2024-06-01,2026-12-31,third_party,estimated
S002644,C00095,F00293,assembly_tools,,3292758000,56.2,7,2024-08-01,2026-12-31,third_party,estimated
S002645,C00099,F00293,assembly_tools,,1611225000,27.5,8,2024-06-01,2030-12-31,third_party,estimated
S002646,C00041,F00293,substrates,,4353888000,83.6,6,2024-03-01,2030-12-31,public,estimated
S002647,C00044,F00293,substrates,,854112000,16.4,11,2024-08-01,2027-12-31,third_party,estimated
S002648,C00034,F00293,wet_chemicals,381800,1953000000,100.0,4,2025-05-01,2028-12-31,public,estimated
S002649,C00095,F00294,assembly_tools,,5735664000,74.8,11,2021-09-01,2025-12-31,third_party,estimated
S002650,C00099,F00294,assembly_tools,,444744000,5.8,9,2021-05-01,2025-12-31,public,estimated
S002651,C00100,F00294,assembly_tools,,1487592000,19.4,15,2021-03-01,2023-12-31,third_party,estimated
S002652,C00038,F00294,substrates,,3305760000,48.5,16,2018-03-01,2020-12-31,third_party,estimated
S002653,C00042,F00294,substrates,,3510240000,51.5,10,2018-11-01,2023-12-31,third_party,estimated
S002654,C00032,F00294,wet_chemicals,381800,2556000000,100.0,11,2025-06-01,2027-12-31,public,estimated
S002655,C00095,F00295,assembly_tools,,1241514000,33.2,11,2018-09-01,2023-12-31,third_party,estimated
S002656,C00100,F00295,assembly_tools,,2497986000,66.8,12,2018-02-01,2021-12-31,public,estimated
S002657,C00040,F00295,substrates,,3324000000,100.0,11,2022-04-01,2027-12-31,third_party,estimated
S002658,C00029,F00295,wet_chemicals,381800,841387500,67.5,15,2019-11-01,2021-12-31,third_party,estimated
S002659,C00031,F00295,wet_chemicals,381800,405112500,32.5,15,2019-01-01,2022-12-31,third_party,estimated
S002660,C00093,F00296,assembly_tools,,393660000,36.0,13,2025-06-01,2030-12-31,third_party,estimated
S002661,C00097,F00296,assembly_tools,,699840000,64.0,5,2025-07-01,2029-12-31,third_party,estimated
S002662,C00039,F00296,substrates,,320760000,33.0,4,2018-01-01,2023-12-31,public,estimated
S002663,C00040,F00296,substrates,,371304000,38.2,9,2018-03-01,2021-12-31,third_party,estimated
S002664,C00043,F00296,substrates,,279936000,28.8,15,2018-02-01,2023-12-31,third_party,estimated
S002665,C00030,F00296,wet_chemicals,381800,136687500,37.5,3,2025-06-01,2029-12-31,third_party,estimated
S002666,C00032,F00296,wet_chemicals,381800,227812500,62.5,4,2025-03-01,2027-12-31,public,estimated
S002667,C00097,F00297,assembly_tools,,7155000000,100.0,5,2025-05-01,2027-12-31,third_party,estimated
S002668,C00037,F00297,substrates,,3447120000,54.2,6,2023-03-01,2029-12-31,third_party,estimated
S002669,C00039,F00297,substrates,,2912880000,45.8,14,2023-06-01,2027-12-31,public,estimated
S002670,C00030,F00297,wet_chemicals,381800,412605000,17.3,6,2023-01-01,2027-12-31,public,estimated
S002671,C00031,F00297,wet_chemicals,381800,1972395000,82.7,13,2023-06-01,2029-12-31,third_party,estimated
S002672,C00095,F00298,assembly_tools,,3373272000,64.4,5,2024-04-01,2030-12-31,third_party,estimated
S002673,C00097,F00298,assembly_tools,,1864728000,35.6,11,2024-08-01,2028-12-31,third_party,estimated
S002674,C00039,F00298,substrates,,1275744000,27.4,16,2017-03-01,2019-12-31,public,estimated
S002675,C00040,F00298,substrates,,3380256000,72.6,15,2017-09-01,2019-12-31,public,estimated
S002676,C00030,F00298,wet_chemicals,381800,797922000,45.7,6,2023-09-01,2027-12-31,public,estimated
S002677,C00031,F00298,wet_chemicals,381800,731574000,41.9,9,2023-11-01,2025-12-31,public,estimated
S002678,C00032,F00298,wet_chemicals,381800,216504000,12.4,7,2023-05-01,2028-12-31,public,estimated
S002679,C00093,F00299,assembly_tools,,918027000,24.2,8,2022-11-01,2027-12-31,public,estimated
S002680,C00095,F00299,assembly_tools,,2697178499,71.1,3,2022-07-01,2024-12-31,public,estimated
S002681,C00099,F00299,assembly_tools,,178294500,4.7,6,2022-12-01,2026-12-31,public,estimated
S002682,C00039,F00299,substrates,,1712976000,50.8,3,2019-01-01,2023-12-31,public,estimated
S002683,C00040,F00299,substrates,,1318452000,39.1,10,2019-05-01,2022-12-31,public,estimated
S002684,C00042,F00299,substrates,,340572000,10.1,3,2019-03-01,2024-12-31,third_party,estimated
S002685,C00029,F00299,wet_chemicals,381800,658804500,52.1,15,2025-08-01,2031-12-31,third_party,estimated
S002686,C00031,F00299,wet_chemicals,381800,88515000,7.0,3,2025-11-01,2028-12-31,third_party,estimated
S002687,C00036,F00299,wet_chemicals,381800,517180500,40.9,13,2025-10-01,2030-12-31,third_party,estimated
S002688,C00094,F00300,assembly_tools,,5459440500,82.7,4,2017-03-01,2022-12-31,public,estimated
S002689,C00099,F00300,assembly_tools,,1142059500,17.3,16,2017-04-01,2020-12-31,third_party,estimated
S002690,C00040,F00300,substrates,,3280212000,55.9,11,2020-04-01,2024-12-31,third_party,estimated
S002691,C00044,F00300,substrates,,2587788000,44.1,14,2020-07-01,2026-12-31,public,estimated
S002692,C00034,F00300,wet_chemicals,381800,2200500000,100.0,11,2018-10-01,2022-12-31,third_party,estimated
S002693,C00099,F00301,assembly_tools,,7236000000,100.0,5,2022-06-01,2026-12-31,third_party,estimated
S002694,C00037,F00301,substrates,,598176000,9.3,14,2017-12-01,2020-12-31,public,estimated
S002695,C00040,F00301,substrates,,2463455999,38.3,14,2017-07-01,2020-12-31,public,estimated
S002696,C00042,F00301,substrates,,3370368000,52.4,16,2017-09-01,2021-12-31,public,estimated
S002697,C00032,F00301,wet_chemicals,381800,1420668000,58.9,6,2019-08-01,2022-12-31,third_party,estimated
S002698,C00033,F00301,wet_chemicals,381800,991332000,41.1,16,2019-03-01,2025-12-31,third_party,estimated
S002699,C00093,F00302,assembly_tools,,1149349500,17.7,5,2025-02-01,2028-12-31,third_party,estimated
S002700,C00094,F00302,assembly_tools,,4168827000,64.2,14,2025-11-01,2030-12-31,third_party,estimated
S002701,C00099,F00302,assembly_tools,,1175323500,18.1,9,2025-03-01,2027-12-31,third_party,estimated
S002702,C00043,F00302,substrates,,2147184000,37.2,15,2025-02-01,2029-12-31,public,estimated
S002703,C00044,F00302,substrates,,3624816000,62.8,14,2025-02-01,2031-12-31,third_party,estimated
S002704,C00036,F00302,wet_chemicals,381800,2164500000,100.0,2,2025-04-01,2030-12-31,public,estimated
S002705,C00096,F00303,assembly_tools,,7120912500,97.5,5,2018-01-01,2021-12-31,public,estimated
S002706,C00100,F00303,assembly_tools,,182587500,2.5,11,2018-07-01,2022-12-31,third_party,estimated
S002707,C00039,F00303,substrates,,4693716000,72.3,13,2021-07-01,2026-12-31,public,estimated
S002708,C00042,F00303,substrates,,1798284000,27.7,10,2021-02-01,2026-12-31,third_party,estimated
S002709,C00029,F00303,wet_chemicals,381800,282402000,11.6,4,2020-10-01,2025-12-31,third_party,estimated
S002710,C00032,F00303,wet_chemicals,381800,1504521000,61.8,7,2020-02-01,2024-12-31,third_party,estimated
S002711,C00033,F00303,wet_chemicals,381800,647577000,26.6,8,2020-07-01,2024-12-31,third_party,estimated
S002712,C00093,F00304,assembly_tools,,2490750000,50.0,11,2022-10-01,2024-12-31,third_party,estimated
S002713,C00094,F00304,assembly_tools,,2356249500,47.3,6,2022-04-01,2028-12-31,third_party,estimated
S002714,C00096,F00304,assembly_tools,,134500500,2.7,10,2022-06-01,2027-12-31,third_party,estimated
S002715,C00037,F00304,substrates,,2072304000,46.8,8,2019-11-01,2021-12-31,third_party,estimated
S002716,C00040,F00304,substrates,,2355696000,53.2,13,2019-04-01,2023-12-31,third_party,estimated
S002717,C00030,F00304,wet_chemicals,381800,753867000,45.4,16,2020-09-01,2026-12-31,third_party,estimated
S002718,C00031,F00304,wet_chemicals,381800,714015000,43.0,3,2020-12-01,2023-12-31,third_party,estimated
S002719,C00033,F00304,wet_chemicals,381800,192618000,11.6,9,2020-03-01,2024-12-31,third_party,estimated
S002720,C00096,F00305,assembly_tools,,690417000,18.2,12,2023-04-01,2028-12-31,third_party,estimated
S002721,C00099,F00305,assembly_tools,,3080322000,81.2,6,2023-04-01,2029-12-31,third_party,estimated
S002722,C00100,F00305,assembly_tools,,22761000,0.6,15,2023-10-01,2027-12-31,third_party,estimated
S002723,C00042,F00305,substrates,,3372000000,100.0,16,2022-03-01,2026-12-31,public,estimated
S002724,C00031,F00305,wet_chemicals,381800,585463500,46.3,7,2019-09-01,2025-12-31,third_party,estimated
S002725,C00033,F00305,wet_chemicals,381800,679036500,53.7,8,2019-05-01,2021-12-31,third_party,estimated
S002726,C00094,F00306,assembly_tools,,4711500000,100.0,16,2017-02-01,2020-12-31,public,estimated
S002727,C00040,F00306,substrates,,1859472000,44.4,12,2020-06-01,2022-12-31,third_party,estimated
S002728,C00043,F00306,substrates,,2328528000,55.6,5,2020-08-01,2024-12-31,public,estimated
S002729,C00031,F00306,wet_chemicals,381800,100512000,6.4,9,2020-06-01,2022-12-31,third_party,estimated
S002730,C00032,F00306,wet_chemicals,381800,1469988000,93.6,11,2020-02-01,2025-12-31,public,estimated
S002731,C00097,F00307,assembly_tools,,3538822500,51.5,7,2025-07-01,2031-12-31,public,estimated
S002732,C00098,F00307,assembly_tools,,3332677500,48.5,15,2025-05-01,2028-12-31,public,estimated
S002733,C00038,F00307,substrates,,4984127999,81.6,16,2020-06-01,2025-12-31,third_party,estimated
S002734,C00039,F00307,substrates,,1123871999,18.4,9,2020-12-01,2025-12-31,third_party,estimated
S002735,C00029,F00307,wet_chemicals,381800,1264356000,55.2,7,2023-08-01,2029-12-31,third_party,estimated
S002736,C00032,F00307,wet_chemicals,381800,1026144000,44.8,14,2023-01-01,2027-12-31,third_party,estimated
S002737,C00094,F00308,assembly_tools,,801900000,11.0,6,2020-11-01,2023-12-31,third_party,estimated
S002738,C00099,F00308,assembly_tools,,5292539999,72.6,3,2020-09-01,2023-12-31,third_party,estimated
S002739,C00100,F00308,assembly_tools,,1195559999,16.4,6,2020-10-01,2023-12-31,third_party,estimated
S002740,C00037,F00308,substrates,,1146960000,17.7,15,2025-03-01,2029-12-31,public,estimated
S002741,C00044,F00308,substrates,,5333040000,82.3,8,2025-05-01,2027-12-31,third_party,estimated
S002742,C00032,F00308,wet_chemicals,381800,534600000,22.0,6,2020-07-01,2023-12-31,third_party,estimated
S002743,C00034,F00308,wet_chemicals,381800,1895400000,78.0,9,2020-11-01,2026-12-31,third_party,estimated
S002744,C00094,F00310,assembly_tools,,3739500000,100.0,5,2025-12-01,2027-12-31,third_party,estimated
S002745,C00037,F00310,substrates,,3324000000,100.0,14,2024-02-01,2028-12-31,third_party,estimated
S002746,C00029,F00310,wet_chemicals,381800,236835000,19.0,15,2025-12-01,2029-12-31,public,estimated
S002747,C00033,F00310,wet_chemicals,381800,724216500,58.1,11,2025-11-01,2031-12-31,third_party,estimated
S002748,C00036,F00310,wet_chemicals,381800,285448500,22.9,12,2025-03-01,2029-12-31,third_party,estimated
S002749,C00098,F00311,assembly_tools,,2972740500,56.9,12,2019-07-01,2023-12-31,third_party,estimated
S002750,C00100,F00311,assembly_tools,,2251759500,43.1,16,2019-03-01,2025-12-31,public,estimated
S002751,C00042,F00311,substrates,,668736000,14.4,11,2020-02-01,2026-12-31,public,estimated
S002752,C00044,F00311,substrates,,3975264000,85.6,4,2020-07-01,2022-12-31,third_party,estimated
S002753,C00031,F00311,wet_chemicals,381800,1064056500,61.1,14,2024-02-01,2029-12-31,public,estimated
S002754,C00034,F00311,wet_chemicals,381800,334368000,19.2,5,2024-10-01,2026-12-31,public,estimated
S002755,C00036,F00311,wet_chemicals,381800,343075500,19.7,12,2024-03-01,2027-12-31,third_party,estimated
S002756,C00099,F00312,assembly_tools,,1174500000,100.0,16,2023-11-01,2029-12-31,third_party,estimated
S002757,C00039,F00312,substrates,,1044000000,100.0,8,2025-05-01,2027-12-31,third_party,estimated
S002758,C00033,F00312,wet_chemicals,381800,137025000,35.0,4,2025-05-01,2031-12-31,third_party,estimated
S002759,C00034,F00312,wet_chemicals,381800,254475000,65.0,2,2025-04-01,2027-12-31,third_party,estimated
S002760,C00094,F00313,assembly_tools,,1116976500,52.7,5,2020-01-01,2025-12-31,third_party,estimated
S002761,C00095,F00313,assembly_tools,,305208000,14.4,4,2020-03-01,2023-12-31,third_party,estimated
S002762,C00098,F00313,assembly_tools,,697315500,32.9,11,2020-12-01,2025-12-31,third_party,estimated
S002763,C00038,F00313,substrates,,1414884000,75.1,4,2021-10-01,2023-12-31,third_party,estimated
S002764,C00043,F00313,substrates,,469116000,24.9,2,2021-09-01,2027-12-31,third_party,estimated
S002765,C00030,F00313,wet_chemicals,381800,394227000,55.8,12,2018-02-01,2021-12-31,third_party,estimated
S002766,C00031,F00313,wet_chemicals,381800,312273000,44.2,16,2018-09-01,2021-12-31,third_party,estimated
S002767,C00093,F00314,assembly_tools,,1720170000,27.7,3,2023-01-01,2025-12-31,third_party,estimated
S002768,C00096,F00314,assembly_tools,,2210760000,35.6,4,2023-12-01,2029-12-31,third_party,estimated
S002769,C00099,F00314,assembly_tools,,2279070000,36.7,6,2023-05-01,2029-12-31,third_party,estimated
S002770,C00042,F00314,substrates,,5520000000,100.0,4,2025-08-01,2029-12-31,third_party,estimated
S002771,C00031,F00314,wet_chemicals,381800,1001880000,48.4,2,2018-06-01,2021-12-31,third_party,estimated
S002772,C00034,F00314,wet_chemicals,381800,1068120000,51.6,5,2018-03-01,2020-12-31,public,estimated
S002773,C00096,F00315,assembly_tools,,6104700000,85.0,8,2018-06-01,2023-12-31,third_party,estimated
S002774,C00098,F00315,assembly_tools,,1077300000,15.0,6,2018-07-01,2024-12-31,public,estimated
S002775,C00037,F00315,substrates,,6384000000,100.0,3,2020-11-01,2024-12-31,public,estimated
S002776,C00029,F00315,wet_chemicals,381800,505134000,21.1,3,2019-07-01,2024-12-31,public,estimated
S002777,C00030,F00315,wet_chemicals,381800,1888866000,78.9,2,2019-03-01,2025-12-31,public,estimated
S002778,C00094,F00316,assembly_tools,,3510000000,100.0,11,2020-09-01,2023-12-31,third_party,estimated
S002779,C00043,F00316,substrates,,3120000000,100.0,12,2023-08-01,2028-12-31,third_party,estimated
S002780,C00030,F00316,wet_chemicals,381800,1170000000,100.0,7,2020-12-01,2023-12-31,third_party,estimated
S002781,C00094,F00317,assembly_tools,,1221129000,18.2,3,2024-06-01,2027-12-31,public,estimated
S002782,C00096,F00317,assembly_tools,,805140000,12.0,11,2024-03-01,2028-12-31,third_party,estimated
S002783,C00100,F00317,assembly_tools,,4683231000,69.8,16,2024-10-01,2030-12-31,third_party,estimated
S002784,C00041,F00317,substrates,,5278140000,88.5,4,2024-10-01,2028-12-31,third_party,estimated
S002785,C00042,F00317,substrates,,685860000,11.5,3,2024-07-01,2028-12-31,third_party,estimated
S002786,C00029,F00317,wet_chemicals,381800,507685500,22.7,14,2025-03-01,2030-12-31,third_party,estimated
S002787,C00030,F00317,wet_chemicals,381800,1728814500,77.3,15,2025-07-01,2030-12-31,third_party,estimated
S002788,C00093,F00318,assembly_tools,,1830357000,35.4,2,2020-11-01,2025-12-31,third_party,estimated
S002789,C00095,F00318,assembly_tools,,3340143000,64.6,8,2020-05-01,2023-12-31,public,estimated
S002790,C00037,F00318,substrates,,1107636000,24.1,12,2017-09-01,2020-12-31,third_party,estimated
S002791,C00043,F00318,substrates,,2679468000,58.3,16,2017-07-01,2021-12-31,third_party,estimated
S002792,C00044,F00318,substrates,,808896000,17.6,12,2017-11-01,2021-12-31,third_party,estimated
S002793,C00036,F00318,wet_chemicals,381800,1723500000,100.0,3,2018-02-01,2022-12-31,third_party,estimated
S002794,C00097,F00319,assembly_tools,,6747624000,93.6,10,2017-10-01,2022-12-31,third_party,estimated
S002795,C00098,F00319,assembly_tools,,461376000,6.4,14,2017-05-01,2022-12-31,public,estimated
S002796,C00037,F00319,substrates,,3864024000,60.3,11,2020-07-01,2023-12-31,third_party,estimated
S002797,C00039,F00319,substrates,,2210760000,34.5,11,2020-08-01,2025-12-31,third_party,estimated
S002798,C00043,F00319,substrates,,333216000,5.2,11,2020-04-01,2023-12-31,public,estimated
S002799,C00029,F00319,wet_chemicals,381800,809811000,33.7,5,2017-07-01,2019-12-31,third_party,estimated
S002800,C00031,F00319,wet_chemicals,381800,437346000,18.2,6,2017-11-01,2019-12-31,public,estimated
S002801,C00032,F00319,wet_chemicals,381800,1155843000,48.1,4,2017-09-01,2022-12-31,third_party,estimated
S002802,C00096,F00320,assembly_tools,,3467880000,76.0,13,2023-11-01,2025-12-31,third_party,estimated
S002803,C00098,F00320,assembly_tools,,1095120000,24.0,10,2023-07-01,2027-12-31,third_party,estimated
S002804,C00040,F00320,substrates,,4056000000,100.0,16,2018-08-01,2020-12-31,third_party,estimated
S002805,C00030,F00320,wet_chemicals,381800,839592000,55.2,11,2018-12-01,2020-12-31,third_party,estimated
S002806,C00036,F00320,wet_chemicals,381800,681407999,44.8,15,2018-02-01,2024-12-31,third_party,estimated
S002807,C00097,F00321,assembly_tools,,1525500000,100.0,9,2017-02-01,2021-12-31,third_party,estimated
S002808,C00042,F00321,substrates,,1356000000,100.0,11,2025-04-01,2031-12-31,third_party,estimated
S002809,C00032,F00321,wet_chemicals,381800,215604000,42.4,10,2017-08-01,2022-12-31,public,estimated
S002810,C00033,F00321,wet_chemicals,381800,292896000,57.6,8,2017-10-01,2023-12-31,public,estimated
