facility_id,year,capacity,capacity_unit
F00001,2017,5832,tonnes_per_year
F00001,2018,10614,tonnes_per_year
F00001,2019,15770,tonnes_per_year
F00001,2020,16401,tonnes_per_year
F00001,2021,17057,tonnes_per_year
F00001,2022,17739,tonnes_per_year
F00001,2023,18449,tonnes_per_year
F00001,2024,19187,tonnes_per_year
F00001,2025,19954,tonnes_per_year
F00002,2017,3971,tonnes_per_year
F00002,2018,4129,tonnes_per_year
F00002,2019,4295,tonnes_per_year
F00002,2020,4466,tonnes_per_year
F00002,2021,4645,tonnes_per_year
F00002,2022,4831,tonnes_per_year
F00002,2023,5024,tonnes_per_year
F00002,2024,5225,tonnes_per_year
F00002,2025,5434,tonnes_per_year
F00003,2017,0,tonnes_per_year
F00003,2018,0,tonnes_per_year
F00003,2019,0,tonnes_per_year
F00003,2020,0,tonnes_per_year
F00003,2021,0,tonnes_per_year
F00003,2022,5180,tonnes_per_year
F00003,2023,9428,tonnes_per_year
F00003,2024,14007,tonnes_per_year
F00003,2025,14567,tonnes_per_year
F00004,2017,14558,tonnes_per_year
F00004,2018,15140,tonnes_per_year
F00004,2019,15745,tonnes_per_year
F00004,2020,16375,tonnes_per_year
F00004,2021,17030,tonnes_per_year
F00004,2022,17711,tonnes_per_year
F00004,2023,18420,tonnes_per_year
F00004,2024,19157,tonnes_per_year
F00004,2025,19923,tonnes_per_year
F00005,2017,5163,tonnes_per_year
F00005,2018,5370,tonnes_per_year
F00005,2019,5584,tonnes_per_year
F00005,2020,5808,tonnes_per_year
F00005,2021,6040,tonnes_per_year
F00005,2022,6282,tonnes_per_year
F00005,2023,6533,tonnes_per_year
F00005,2024,6794,tonnes_per_year
F00005,2025,7066,tonnes_per_year
F00006,2017,11518,tonnes_per_year
F00006,2018,11979,tonnes_per_year
F00006,2019,12458,tonnes_per_year
F00006,2020,12956,tonnes_per_year
F00006,2021,13474,tonnes_per_year
F00006,2022,14013,tonnes_per_year
F00006,2023,14574,tonnes_per_year
F00006,2024,15157,tonnes_per_year
F00006,2025,15763,tonnes_per_year
F00007,2017,3667,tonnes_per_year
F00007,2018,3813,tonnes_per_year
F00007,2019,3966,tonnes_per_year
F00007,2020,4124,tonnes_per_year
F00007,2021,4289,tonnes_per_year
F00007,2022,4461,tonnes_per_year
F00007,2023,4639,tonnes_per_year
F00007,2024,4825,tonnes_per_year
F00007,2025,5018,tonnes_per_year
F00008,2017,7176,tonnes_per_year
F00008,2018,7463,tonnes_per_year
F00008,2019,7762,tonnes_per_year
F00008,2020,8072,tonnes_per_year
F00008,2021,8395,tonnes_per_year
F00008,2022,8731,tonnes_per_year
F00008,2023,9080,tonnes_per_year
F00008,2024,9443,tonnes_per_year
F00008,2025,9821,tonnes_per_year
F00009,2017,11980,tonnes_per_year
F00009,2018,12459,tonnes_per_year
F00009,2019,12957,tonnes_per_year
F00009,2020,13475,tonnes_per_year
F00009,2021,14015,tonnes_per_year
F00009,2022,14575,tonnes_per_year
F00009,2023,15158,tonnes_per_year
F00009,2024,15764,tonnes_per_year
F00009,2025,16395,tonnes_per_year
F00010,2017,0,tonnes_per_year
F00010,2018,0,tonnes_per_year
F00010,2019,0,tonnes_per_year
F00010,2020,0,tonnes_per_year
F00010,2021,0,tonnes_per_year
F00010,2022,0,tonnes_per_year
F00010,2023,0,tonnes_per_year
F00010,2024,2373,tonnes_per_year
F00010,2025,4320,tonnes_per_year
F00011,2017,3445,tonnes_per_year
F00011,2018,6271,tonnes_per_year
F00011,2019,9316,tonnes_per_year
F00011,2020,9689,tonnes_per_year
F00011,2021,10076,tonnes_per_year
F00011,2022,10479,tonnes_per_year
F00011,2023,10899,tonnes_per_year
F00011,2024,11335,tonnes_per_year
F00011,2025,11788,tonnes_per_year
F00012,2017,0,tonnes_per_year
F00012,2018,0,tonnes_per_year
F00012,2019,0,tonnes_per_year
F00012,2020,0,tonnes_per_year
F00012,2021,0,tonnes_per_year
F00012,2022,0,tonnes_per_year
F00012,2023,0,tonnes_per_year
F00012,2024,0,tonnes_per_year
F00012,2025,0,tonnes_per_year
F00013,2017,14194,tonnes_per_year
F00013,2018,14762,tonnes_per_year
F00013,2019,15353,tonnes_per_year
F00013,2020,15967,tonnes_per_year
F00013,2021,16605,tonnes_per_year
F00013,2022,17270,tonnes_per_year
F00013,2023,17960,tonnes_per_year
F00013,2024,18679,tonnes_per_year
F00013,2025,19426,tonnes_per_year
F00014,2017,0,tonnes_per_year
F00014,2018,5106,tonnes_per_year
F00014,2019,9293,tonnes_per_year
F00014,2020,13807,tonnes_per_year
F00014,2021,14359,tonnes_per_year
F00014,2022,14933,tonnes_per_year
F00014,2023,15531,tonnes_per_year
F00014,2024,16152,tonnes_per_year
F00014,2025,16798,tonnes_per_year
F00015,2017,0,tonnes_per_year
F00015,2018,0,tonnes_per_year
F00015,2019,0,tonnes_per_year
F00015,2020,0,tonnes_per_year
F00015,2021,0,tonnes_per_year
F00015,2022,0,tonnes_per_year
F00015,2023,0,tonnes_per_year
F00015,2024,0,tonnes_per_year
F00015,2025,1720,tonnes_per_year
F00016,2017,2253,tonnes_per_year
F00016,2018,2344,tonnes_per_year
F00016,2019,2437,tonnes_per_year
F00016,2020,2535,tonnes_per_year
F00016,2021,2636,tonnes_per_year
F00016,2022,2742,tonnes_per_year
F00016,2023,2851,tonnes_per_year
F00016,2024,2965,tonnes_per_year
F00016,2025,3084,tonnes_per_year
F00017,2017,0,tonnes_per_year
F00017,2018,0,tonnes_per_year
F00017,2019,0,tonnes_per_year
F00017,2020,0,tonnes_per_year
F00017,2021,0,tonnes_per_year
F00017,2022,0,tonnes_per_year
F00017,2023,0,tonnes_per_year
F00017,2024,0,tonnes_per_year
F00017,2025,6336,tonnes_per_year
F00018,2017,0,tonnes_per_year
F00018,2018,0,tonnes_per_year
F00018,2019,0,tonnes_per_year
F00018,2020,0,tonnes_per_year
F00018,2021,0,tonnes_per_year
F00018,2022,0,tonnes_per_year
F00018,2023,0,tonnes_per_year
F00018,2024,4031,tonnes_per_year
F00018,2025,7337,tonnes_per_year
F00019,2017,0,tonnes_per_year
F00019,2018,1307,tonnes_per_year
F00019,2019,2379,tonnes_per_year
F00019,2020,3535,tonnes_per_year
F00019,2021,3677,tonnes_per_year
F00019,2022,3824,tonnes_per_year
F00019,2023,3977,tonnes_per_year
F00019,2024,4136,tonnes_per_year
F00019,2025,4301,tonnes_per_year
F00020,2017,14308,tonnes_per_year
F00020,2018,14880,tonnes_per_year
F00020,2019,15475,tonnes_per_year
F00020,2020,16094,tonnes_per_year
F00020,2021,16738,tonnes_per_year
F00020,2022,17407,tonnes_per_year
F00020,2023,18104,tonnes_per_year
F00020,2024,18828,tonnes_per_year
F00020,2025,19581,tonnes_per_year
F00021,2017,8274,tonnes_per_year
F00021,2018,8605,tonnes_per_year
F00021,2019,8950,tonnes_per_year
F00021,2020,9308,tonnes_per_year
F00021,2021,9680,tonnes_per_year
F00021,2022,10067,tonnes_per_year
F00021,2023,10470,tonnes_per_year
F00021,2024,10888,tonnes_per_year
F00021,2025,11324,tonnes_per_year
F00022,2017,1826,tonnes_per_year
F00022,2018,1899,tonnes_per_year
F00022,2019,1975,tonnes_per_year
F00022,2020,2054,tonnes_per_year
F00022,2021,2136,tonnes_per_year
F00022,2022,2222,tonnes_per_year
F00022,2023,2310,tonnes_per_year
F00022,2024,2403,tonnes_per_year
F00022,2025,2499,tonnes_per_year
F00023,2017,9202,tonnes_per_year
F00023,2018,9570,tonnes_per_year
F00023,2019,9952,tonnes_per_year
F00023,2020,10351,tonnes_per_year
F00023,2021,10765,tonnes_per_year
F00023,2022,11195,tonnes_per_year
F00023,2023,11643,tonnes_per_year
F00023,2024,12109,tonnes_per_year
F00023,2025,12593,tonnes_per_year
F00024,2017,0,tonnes_per_year
F00024,2018,0,tonnes_per_year
F00024,2019,0,tonnes_per_year
F00024,2020,0,tonnes_per_year
F00024,2021,0,tonnes_per_year
F00024,2022,1095,tonnes_per_year
F00024,2023,1993,tonnes_per_year
F00024,2024,2961,tonnes_per_year
F00024,2025,3079,tonnes_per_year
F00025,2017,1247,tonnes_per_year
F00025,2018,1296,tonnes_per_year
F00025,2019,1348,tonnes_per_year
F00025,2020,1402,tonnes_per_year
F00025,2021,1458,tonnes_per_year
F00025,2022,1517,tonnes_per_year
F00025,2023,1577,tonnes_per_year
F00025,2024,1640,tonnes_per_year
F00025,2025,1706,tonnes_per_year
F00026,2017,4524,tonnes_per_year
F00026,2018,4705,tonnes_per_year
F00026,2019,4894,tonnes_per_year
F00026,2020,5089,tonnes_per_year
F00026,2021,5293,tonnes_per_year
F00026,2022,5505,tonnes_per_year
F00026,2023,5725,tonnes_per_year
F00026,2024,5954,tonnes_per_year
F00026,2025,6192,tonnes_per_year
F00027,2017,10449,tonnes_per_year
F00027,2018,10867,tonnes_per_year
F00027,2019,11301,tonnes_per_year
F00027,2020,11754,tonnes_per_year
F00027,2021,12224,tonnes_per_year
F00027,2022,12713,tonnes_per_year
F00027,2023,13221,tonnes_per_year
F00027,2024,13750,tonnes_per_year
F00027,2025,14300,tonnes_per_year
F00028,2017,0,tonnes_per_year
F00028,2018,0,tonnes_per_year
F00028,2019,5978,tonnes_per_year
F00028,2020,10880,tonnes_per_year
F00028,2021,16165,tonnes_per_year
F00028,2022,16812,tonnes_per_year
F00028,2023,17484,tonnes_per_year
F00028,2024,18184,tonnes_per_year
F00028,2025,18911,tonnes_per_year
F00029,2017,12949,tonnes_per_year
F00029,2018,13467,tonnes_per_year
F00029,2019,14005,tonnes_per_year
F00029,2020,14565,tonnes_per_year
F00029,2021,15148,tonnes_per_year
F00029,2022,15754,tonnes_per_year
F00029,2023,16384,tonnes_per_year
F00029,2024,17039,tonnes_per_year
F00029,2025,17721,tonnes_per_year
F00030,2017,9939,tonnes_per_year
F00030,2018,10336,tonnes_per_year
F00030,2019,10750,tonnes_per_year
F00030,2020,11180,tonnes_per_year
F00030,2021,11627,tonnes_per_year
F00030,2022,12092,tonnes_per_year
F00030,2023,12576,tonnes_per_year
F00030,2024,13079,tonnes_per_year
F00030,2025,13602,tonnes_per_year
F00031,2017,2021,tonnes_per_year
F00031,2018,3678,tonnes_per_year
F00031,2019,5464,tonnes_per_year
F00031,2020,5683,tonnes_per_year
F00031,2021,5910,tonnes_per_year
F00031,2022,6147,tonnes_per_year
F00031,2023,6392,tonnes_per_year
F00031,2024,6648,tonnes_per_year
F00031,2025,6914,tonnes_per_year
F00032,2017,2906,tonnes_per_year
F00032,2018,3022,tonnes_per_year
F00032,2019,3143,tonnes_per_year
F00032,2020,3269,tonnes_per_year
F00032,2021,3400,tonnes_per_year
F00032,2022,3536,tonnes_per_year
F00032,2023,3677,tonnes_per_year
F00032,2024,3824,tonnes_per_year
F00032,2025,3977,tonnes_per_year
F00033,2017,5668,tonnes_per_year
F00033,2018,5895,tonnes_per_year
F00033,2019,6130,tonnes_per_year
F00033,2020,6376,tonnes_per_year
F00033,2021,6631,tonnes_per_year
F00033,2022,6896,tonnes_per_year
F00033,2023,7172,tonnes_per_year
F00033,2024,7459,tonnes_per_year
F00033,2025,7757,tonnes_per_year
F00034,2017,0,tonnes_per_year
F00034,2018,0,tonnes_per_year
F00034,2019,0,tonnes_per_year
F00034,2020,229,tonnes_per_year
F00034,2021,417,tonnes_per_year
F00034,2022,620,tonnes_per_year
F00034,2023,644,tonnes_per_year
F00034,2024,670,tonnes_per_year
F00034,2025,697,tonnes_per_year
F00035,2017,0,tonnes_per_year
F00035,2018,0,tonnes_per_year
F00035,2019,0,tonnes_per_year
F00035,2020,0,tonnes_per_year
F00035,2021,0,tonnes_per_year
F00035,2022,0,tonnes_per_year
F00035,2023,0,tonnes_per_year
F00035,2024,0,tonnes_per_year
F00035,2025,0,tonnes_per_year
F00036,2017,0,tonnes_per_year
F00036,2018,0,tonnes_per_year
F00036,2019,0,tonnes_per_year
F00036,2020,1707,tonnes_per_year
F00036,2021,3107,tonnes_per_year
F00036,2022,4616,tonnes_per_year
F00036,2023,4800,tonnes_per_year
F00036,2024,4992,tonnes_per_year
F00036,2025,5192,tonnes_per_year
F00037,2017,12498,tonnes_per_year
F00037,2018,12998,tonnes_per_year
F00037,2019,13518,tonnes_per_year
F00037,2020,14058,tonnes_per_year
F00037,2021,14621,tonnes_per_year
F00037,2022,15205,tonnes_per_year
F00037,2023,15814,tonnes_per_year
F00037,2024,16446,tonnes_per_year
F00037,2025,17104,tonnes_per_year
F00038,2017,0,tonnes_per_year
F00038,2018,0,tonnes_per_year
F00038,2019,0,tonnes_per_year
F00038,2020,0,tonnes_per_year
F00038,2021,0,tonnes_per_year
F00038,2022,0,tonnes_per_year
F00038,2023,0,tonnes_per_year
F00038,2024,2080,tonnes_per_year
F00038,2025,3786,tonnes_per_year
F00039,2017,3672,tonnes_per_year
F00039,2018,3819,tonnes_per_year
F00039,2019,3971,tonnes_per_year
F00039,2020,4130,tonnes_per_year
F00039,2021,4295,tonnes_per_year
F00039,2022,4467,tonnes_per_year
F00039,2023,4646,tonnes_per_year
F00039,2024,4832,tonnes_per_year
F00039,2025,5025,tonnes_per_year
F00040,2017,0,tonnes_per_year
F00040,2018,0,tonnes_per_year
F00040,2019,0,tonnes_per_year
F00040,2020,0,tonnes_per_year
F00040,2021,0,tonnes_per_year
F00040,2022,0,tonnes_per_year
F00040,2023,0,tonnes_per_year
F00040,2024,1015,tonnes_per_year
F00040,2025,1847,tonnes_per_year
F00041,2017,0,tonnes_per_year
F00041,2018,0,tonnes_per_year
F00041,2019,0,tonnes_per_year
F00041,2020,0,tonnes_per_year
F00041,2021,0,tonnes_per_year
F00041,2022,0,tonnes_per_year
F00041,2023,0,tonnes_per_year
F00041,2024,0,tonnes_per_year
F00041,2025,0,tonnes_per_year
F00042,2017,8839,tonnes_per_year
F00042,2018,9193,tonnes_per_year
F00042,2019,9560,tonnes_per_year
F00042,2020,9943,tonnes_per_year
F00042,2021,10341,tonnes_per_year
F00042,2022,10754,tonnes_per_year
F00042,2023,11184,tonnes_per_year
F00042,2024,11632,tonnes_per_year
F00042,2025,12097,tonnes_per_year
F00043,2017,0,tonnes_per_year
F00043,2018,0,tonnes_per_year
F00043,2019,0,tonnes_per_year
F00043,2020,0,tonnes_per_year
F00043,2021,0,tonnes_per_year
F00043,2022,0,tonnes_per_year
F00043,2023,0,tonnes_per_year
F00043,2024,5285,tonnes_per_year
F00043,2025,9619,tonnes_per_year
F00044,2017,0,tonnes_per_year
F00044,2018,6025,tonnes_per_year
F00044,2019,10966,tonnes_per_year
F00044,2020,16292,tonnes_per_year
F00044,2021,16944,tonnes_per_year
F00044,2022,17622,tonnes_per_year
F00044,2023,18327,tonnes_per_year
F00044,2024,19060,tonnes_per_year
F00044,2025,19822,tonnes_per_year
F00045,2017,5334,tonnes_per_year
F00045,2018,5547,tonnes_per_year
F00045,2019,5769,tonnes_per_year
F00045,2020,6000,tonnes_per_year
F00045,2021,6240,tonnes_per_year
F00045,2022,6490,tonnes_per_year
F00045,2023,6749,tonnes_per_year
F00045,2024,7019,tonnes_per_year
F00045,2025,7300,tonnes_per_year
F00046,2017,11989,tonnes_per_year
F00046,2018,12469,tonnes_per_year
F00046,2019,12967,tonnes_per_year
F00046,2020,13486,tonnes_per_year
F00046,2021,14026,tonnes_per_year
F00046,2022,14587,tonnes_per_year
F00046,2023,15170,tonnes_per_year
F00046,2024,15777,tonnes_per_year
F00046,2025,16408,tonnes_per_year
F00047,2017,0,tonnes_per_year
F00047,2018,1178,tonnes_per_year
F00047,2019,2143,tonnes_per_year
F00047,2020,3184,tonnes_per_year
F00047,2021,3312,tonnes_per_year
F00047,2022,3444,tonnes_per_year
F00047,2023,3582,tonnes_per_year
F00047,2024,3725,tonnes_per_year
F00047,2025,3874,tonnes_per_year
F00048,2017,11048,tonnes_per_year
F00048,2018,11490,tonnes_per_year
F00048,2019,11950,tonnes_per_year
F00048,2020,12428,tonnes_per_year
F00048,2021,12925,tonnes_per_year
F00048,2022,13442,tonnes_per_year
F00048,2023,13979,tonnes_per_year
F00048,2024,14538,tonnes_per_year
F00048,2025,15120,tonnes_per_year
F00049,2017,9058,tonnes_per_year
F00049,2018,9420,tonnes_per_year
F00049,2019,9797,tonnes_per_year
F00049,2020,10189,tonnes_per_year
F00049,2021,10596,tonnes_per_year
F00049,2022,11020,tonnes_per_year
F00049,2023,11461,tonnes_per_year
F00049,2024,11919,tonnes_per_year
F00049,2025,12396,tonnes_per_year
F00050,2017,14186,tonnes_per_year
F00050,2018,14754,tonnes_per_year
F00050,2019,15344,tonnes_per_year
F00050,2020,15958,tonnes_per_year
F00050,2021,16596,tonnes_per_year
F00050,2022,17260,tonnes_per_year
F00050,2023,17950,tonnes_per_year
F00050,2024,18668,tonnes_per_year
F00050,2025,19415,tonnes_per_year
F00051,2017,6978,tonnes_per_year
F00051,2018,7257,tonnes_per_year
F00051,2019,7548,tonnes_per_year
F00051,2020,7849,tonnes_per_year
F00051,2021,8163,tonnes_per_year
F00051,2022,8490,tonnes_per_year
F00051,2023,8830,tonnes_per_year
F00051,2024,9183,tonnes_per_year
F00051,2025,9550,tonnes_per_year
F00052,2017,0,tonnes_per_year
F00052,2018,0,tonnes_per_year
F00052,2019,0,tonnes_per_year
F00052,2020,0,tonnes_per_year
F00052,2021,0,tonnes_per_year
F00052,2022,0,tonnes_per_year
F00052,2023,0,tonnes_per_year
F00052,2024,0,tonnes_per_year
F00052,2025,0,tonnes_per_year
F00053,2017,3030,tonnes_per_year
F00053,2018,5514,tonnes_per_year
F00053,2019,8192,tonnes_per_year
F00053,2020,8520,tonnes_per_year
F00053,2021,8861,tonnes_per_year
F00053,2022,9215,tonnes_per_year
F00053,2023,9584,tonnes_per_year
F00053,2024,9967,tonnes_per_year
F00053,2025,10366,tonnes_per_year
F00054,2017,7112,tonnes_per_year
F00054,2018,7396,tonnes_per_year
F00054,2019,7692,tonnes_per_year
F00054,2020,8000,tonnes_per_year
F00054,2021,8320,tonnes_per_year
F00054,2022,8653,tonnes_per_year
F00054,2023,8999,tonnes_per_year
F00054,2024,9359,tonnes_per_year
F00054,2025,9733,tonnes_per_year
F00055,2017,0,tonnes_per_year
F00055,2018,5420,tonnes_per_year
F00055,2019,9865,tonnes_per_year
F00055,2020,14657,tonnes_per_year
F00055,2021,15243,tonnes_per_year
F00055,2022,15853,tonnes_per_year
F00055,2023,16487,tonnes_per_year
F00055,2024,17146,tonnes_per_year
F00055,2025,17832,tonnes_per_year
F00056,2017,1996,tonnes_per_year
F00056,2018,2075,tonnes_per_year
F00056,2019,2158,tonnes_per_year
F00056,2020,2245,tonnes_per_year
F00056,2021,2334,tonnes_per_year
F00056,2022,2428,tonnes_per_year
F00056,2023,2525,tonnes_per_year
F00056,2024,2626,tonnes_per_year
F00056,2025,2731,tonnes_per_year
F00057,2017,13749,tonnes_per_year
F00057,2018,14299,tonnes_per_year
F00057,2019,14871,tonnes_per_year
F00057,2020,15465,tonnes_per_year
F00057,2021,16084,tonnes_per_year
F00057,2022,16727,tonnes_per_year
F00057,2023,17396,tonnes_per_year
F00057,2024,18092,tonnes_per_year
F00057,2025,18816,tonnes_per_year
F00058,2017,4544,tonnes_per_year
F00058,2018,4726,tonnes_per_year
F00058,2019,4915,tonnes_per_year
F00058,2020,5112,tonnes_per_year
F00058,2021,5316,tonnes_per_year
F00058,2022,5529,tonnes_per_year
F00058,2023,5750,tonnes_per_year
F00058,2024,5980,tonnes_per_year
F00058,2025,6219,tonnes_per_year
F00059,2017,0,tonnes_per_year
F00059,2018,0,tonnes_per_year
F00059,2019,1024,tonnes_per_year
F00059,2020,1863,tonnes_per_year
F00059,2021,2768,tonnes_per_year
F00059,2022,2879,tonnes_per_year
F00059,2023,2994,tonnes_per_year
F00059,2024,3113,tonnes_per_year
F00059,2025,3238,tonnes_per_year
F00060,2017,1415,tonnes_per_year
F00060,2018,1472,tonnes_per_year
F00060,2019,1531,tonnes_per_year
F00060,2020,1592,tonnes_per_year
F00060,2021,1656,tonnes_per_year
F00060,2022,1722,tonnes_per_year
F00060,2023,1791,tonnes_per_year
F00060,2024,1862,tonnes_per_year
F00060,2025,1937,tonnes_per_year
F00061,2017,0,tonnes_per_year
F00061,2018,0,tonnes_per_year
F00061,2019,0,tonnes_per_year
F00061,2020,0,tonnes_per_year
F00061,2021,0,tonnes_per_year
F00061,2022,0,tonnes_per_year
F00061,2023,0,tonnes_per_year
F00061,2024,0,tonnes_per_year
F00061,2025,3977,tonnes_per_year
F00062,2017,0,tonnes_per_year
F00062,2018,0,tonnes_per_year
F00062,2019,0,tonnes_per_year
F00062,2020,0,tonnes_per_year
F00062,2021,0,tonnes_per_year
F00062,2022,0,tonnes_per_year
F00062,2023,0,tonnes_per_year
F00062,2024,3759,tonnes_per_year
F00062,2025,6841,tonnes_per_year
F00063,2017,14425,tonnes_per_year
F00063,2018,15002,tonnes_per_year
F00063,2019,15602,tonnes_per_year
F00063,2020,16226,tonnes_per_year
F00063,2021,16876,tonnes_per_year
F00063,2022,17551,tonnes_per_year
F00063,2023,18253,tonnes_per_year
F00063,2024,18983,tonnes_per_year
F00063,2025,19742,tonnes_per_year
F00064,2017,9713,tonnes_per_year
F00064,2018,10102,tonnes_per_year
F00064,2019,10506,tonnes_per_year
F00064,2020,10926,tonnes_per_year
F00064,2021,11363,tonnes_per_year
F00064,2022,11817,tonnes_per_year
F00064,2023,12290,tonnes_per_year
F00064,2024,12782,tonnes_per_year
F00064,2025,13293,tonnes_per_year
F00065,2017,0,tonnes_per_year
F00065,2018,0,tonnes_per_year
F00065,2019,0,tonnes_per_year
F00065,2020,2220,tonnes_per_year
F00065,2021,4040,tonnes_per_year
F00065,2022,6002,tonnes_per_year
F00065,2023,6242,tonnes_per_year
F00065,2024,6491,tonnes_per_year
F00065,2025,6751,tonnes_per_year
F00066,2017,12978,tonnes_per_year
F00066,2018,13497,tonnes_per_year
F00066,2019,14037,tonnes_per_year
F00066,2020,14598,tonnes_per_year
F00066,2021,15182,tonnes_per_year
F00066,2022,15789,tonnes_per_year
F00066,2023,16421,tonnes_per_year
F00066,2024,17078,tonnes_per_year
F00066,2025,17761,tonnes_per_year
F00067,2017,0,tonnes_per_year
F00067,2018,0,tonnes_per_year
F00067,2019,0,tonnes_per_year
F00067,2020,0,tonnes_per_year
F00067,2021,0,tonnes_per_year
F00067,2022,0,tonnes_per_year
F00067,2023,0,tonnes_per_year
F00067,2024,0,tonnes_per_year
F00067,2025,0,tonnes_per_year
F00068,2017,1985,tonnes_per_year
F00068,2018,2065,tonnes_per_year
F00068,2019,2147,tonnes_per_year
F00068,2020,2233,tonnes_per_year
F00068,2021,2323,tonnes_per_year
F00068,2022,2415,tonnes_per_year
F00068,2023,2512,tonnes_per_year
F00068,2024,2612,tonnes_per_year
F00068,2025,2717,tonnes_per_year
F00069,2017,11234,tonnes_per_year
F00069,2018,11683,tonnes_per_year
F00069,2019,12150,tonnes_per_year
F00069,2020,12636,tonnes_per_year
F00069,2021,13142,tonnes_per_year
F00069,2022,13667,tonnes_per_year
F00069,2023,14214,tonnes_per_year
F00069,2024,14783,tonnes_per_year
F00069,2025,15374,tonnes_per_year
F00070,2017,6307,tonnes_per_year
F00070,2018,6560,tonnes_per_year
F00070,2019,6822,tonnes_per_year
F00070,2020,7095,tonnes_per_year
F00070,2021,7379,tonnes_per_year
F00070,2022,7674,tonnes_per_year
F00070,2023,7981,tonnes_per_year
F00070,2024,8300,tonnes_per_year
F00070,2025,8632,tonnes_per_year
F00071,2017,6347,tonnes_per_year
F00071,2018,6601,tonnes_per_year
F00071,2019,6865,tonnes_per_year
F00071,2020,7139,tonnes_per_year
F00071,2021,7425,tonnes_per_year
F00071,2022,7722,tonnes_per_year
F00071,2023,8031,tonnes_per_year
F00071,2024,8352,tonnes_per_year
F00071,2025,8686,tonnes_per_year
F00072,2017,0,tonnes_per_year
F00072,2018,0,tonnes_per_year
F00072,2019,386,tonnes_per_year
F00072,2020,702,tonnes_per_year
F00072,2021,1043,tonnes_per_year
F00072,2022,1085,tonnes_per_year
F00072,2023,1128,tonnes_per_year
F00072,2024,1173,tonnes_per_year
F00072,2025,1220,tonnes_per_year
F00073,2017,0,tonnes_per_year
F00073,2018,0,tonnes_per_year
F00073,2019,0,tonnes_per_year
F00073,2020,173,tonnes_per_year
F00073,2021,315,tonnes_per_year
F00073,2022,468,tonnes_per_year
F00073,2023,486,tonnes_per_year
F00073,2024,506,tonnes_per_year
F00073,2025,526,tonnes_per_year
F00074,2017,9130,tonnes_per_year
F00074,2018,9495,tonnes_per_year
F00074,2019,9875,tonnes_per_year
F00074,2020,10270,tonnes_per_year
F00074,2021,10681,tonnes_per_year
F00074,2022,11108,tonnes_per_year
F00074,2023,11552,tonnes_per_year
F00074,2024,12014,tonnes_per_year
F00074,2025,12495,tonnes_per_year
F00075,2017,4404,tonnes_per_year
F00075,2018,4580,tonnes_per_year
F00075,2019,4763,tonnes_per_year
F00075,2020,4954,tonnes_per_year
F00075,2021,5152,tonnes_per_year
F00075,2022,5358,tonnes_per_year
F00075,2023,5572,tonnes_per_year
F00075,2024,5795,tonnes_per_year
F00075,2025,6027,tonnes_per_year
F00076,2017,612,tools_per_year
F00076,2018,636,tools_per_year
F00076,2019,661,tools_per_year
F00076,2020,688,tools_per_year
F00076,2021,715,tools_per_year
F00076,2022,744,tools_per_year
F00076,2023,774,tools_per_year
F00076,2024,805,tools_per_year
F00076,2025,837,tools_per_year
F00077,2017,0,tools_per_year
F00077,2018,0,tools_per_year
F00077,2019,0,tools_per_year
F00077,2020,86,tools_per_year
F00077,2021,156,tools_per_year
F00077,2022,232,tools_per_year
F00077,2023,241,tools_per_year
F00077,2024,251,tools_per_year
F00077,2025,261,tools_per_year
F00078,2017,531,tools_per_year
F00078,2018,552,tools_per_year
F00078,2019,575,tools_per_year
F00078,2020,598,tools_per_year
F00078,2021,621,tools_per_year
F00078,2022,646,tools_per_year
F00078,2023,672,tools_per_year
F00078,2024,699,tools_per_year
F00078,2025,727,tools_per_year
F00079,2017,0,tools_per_year
F00079,2018,0,tools_per_year
F00079,2019,0,tools_per_year
F00079,2020,0,tools_per_year
F00079,2021,0,tools_per_year
F00079,2022,0,tools_per_year
F00079,2023,0,tools_per_year
F00079,2024,0,tools_per_year
F00079,2025,463,tools_per_year
F00080,2017,124,tools_per_year
F00080,2018,184,tools_per_year
F00080,2019,191,tools_per_year
F00080,2020,199,tools_per_year
F00080,2021,207,tools_per_year
F00080,2022,215,tools_per_year
F00080,2023,224,tools_per_year
F00080,2024,233,tools_per_year
F00080,2025,242,tools_per_year
F00081,2017,529,tools_per_year
F00081,2018,787,tools_per_year
F00081,2019,818,tools_per_year
F00081,2020,851,tools_per_year
F00081,2021,885,tools_per_year
F00081,2022,920,tools_per_year
F00081,2023,957,tools_per_year
F00081,2024,995,tools_per_year
F00081,2025,1035,tools_per_year
F00082,2017,0,tools_per_year
F00082,2018,0,tools_per_year
F00082,2019,0,tools_per_year
F00082,2020,0,tools_per_year
F00082,2021,0,tools_per_year
F00082,2022,0,tools_per_year
F00082,2023,0,tools_per_year
F00082,2024,0,tools_per_year
F00082,2025,112,tools_per_year
F00083,2017,270,tools_per_year
F00083,2018,281,tools_per_year
F00083,2019,292,tools_per_year
F00083,2020,304,tools_per_year
F00083,2021,316,tools_per_year
F00083,2022,329,tools_per_year
F00083,2023,342,tools_per_year
F00083,2024,356,tools_per_year
F00083,2025,370,tools_per_year
F00084,2017,0,tools_per_year
F00084,2018,0,tools_per_year
F00084,2019,0,tools_per_year
F00084,2020,0,tools_per_year
F00084,2021,0,tools_per_year
F00084,2022,0,tools_per_year
F00084,2023,355,tools_per_year
F00084,2024,645,tools_per_year
F00084,2025,959,tools_per_year
F00085,2017,0,tools_per_year
F00085,2018,0,tools_per_year
F00085,2019,0,tools_per_year
F00085,2020,0,tools_per_year
F00085,2021,0,tools_per_year
F00085,2022,0,tools_per_year
F00085,2023,0,tools_per_year
F00085,2024,0,tools_per_year
F00085,2025,0,tools_per_year
F00086,2017,449,tools_per_year
F00086,2018,467,tools_per_year
F00086,2019,486,tools_per_year
F00086,2020,505,tools_per_year
F00086,2021,526,tools_per_year
F00086,2022,547,tools_per_year
F00086,2023,569,tools_per_year
F00086,2024,591,tools_per_year
F00086,2025,615,tools_per_year
F00087,2017,0,tools_per_year
F00087,2018,0,tools_per_year
F00087,2019,0,tools_per_year
F00087,2020,0,tools_per_year
F00087,2021,0,tools_per_year
F00087,2022,0,tools_per_year
F00087,2023,0,tools_per_year
F00087,2024,0,tools_per_year
F00087,2025,0,tools_per_year
F00088,2017,449,tools_per_year
F00088,2018,467,tools_per_year
F00088,2019,486,tools_per_year
F00088,2020,505,tools_per_year
F00088,2021,526,tools_per_year
F00088,2022,547,tools_per_year
F00088,2023,569,tools_per_year
F00088,2024,591,tools_per_year
F00088,2025,615,tools_per_year
F00089,2017,79,tools_per_year
F00089,2018,82,tools_per_year
F00089,2019,85,tools_per_year
F00089,2020,89,tools_per_year
F00089,2021,92,tools_per_year
F00089,2022,96,tools_per_year
F00089,2023,100,tools_per_year
F00089,2024,104,tools_per_year
F00089,2025,108,tools_per_year
F00090,2017,511,tools_per_year
F00090,2018,531,tools_per_year
F00090,2019,552,tools_per_year
F00090,2020,575,tools_per_year
F00090,2021,598,tools_per_year
F00090,2022,621,tools_per_year
F00090,2023,646,tools_per_year
F00090,2024,672,tools_per_year
F00090,2025,699,tools_per_year
F00091,2017,682,tools_per_year
F00091,2018,710,tools_per_year
F00091,2019,738,tools_per_year
F00091,2020,768,tools_per_year
F00091,2021,798,tools_per_year
F00091,2022,830,tools_per_year
F00091,2023,864,tools_per_year
F00091,2024,898,tools_per_year
F00091,2025,934,tools_per_year
F00092,2017,823,tools_per_year
F00092,2018,856,tools_per_year
F00092,2019,890,tools_per_year
F00092,2020,925,tools_per_year
F00092,2021,963,tools_per_year
F00092,2022,1001,tools_per_year
F00092,2023,1041,tools_per_year
F00092,2024,1083,tools_per_year
F00092,2025,1126,tools_per_year
F00093,2017,636,tools_per_year
F00093,2018,661,tools_per_year
F00093,2019,688,tools_per_year
F00093,2020,715,tools_per_year
F00093,2021,744,tools_per_year
F00093,2022,773,tools_per_year
F00093,2023,804,tools_per_year
F00093,2024,837,tools_per_year
F00093,2025,870,tools_per_year
F00094,2017,72,tools_per_year
F00094,2018,74,tools_per_year
F00094,2019,77,tools_per_year
F00094,2020,81,tools_per_year
F00094,2021,84,tools_per_year
F00094,2022,87,tools_per_year
F00094,2023,91,tools_per_year
F00094,2024,94,tools_per_year
F00094,2025,98,tools_per_year
F00095,2017,189,tools_per_year
F00095,2018,280,tools_per_year
F00095,2019,292,tools_per_year
F00095,2020,303,tools_per_year
F00095,2021,315,tools_per_year
F00095,2022,328,tools_per_year
F00095,2023,341,tools_per_year
F00095,2024,355,tools_per_year
F00095,2025,369,tools_per_year
F00096,2017,104,tools_per_year
F00096,2018,109,tools_per_year
F00096,2019,113,tools_per_year
F00096,2020,118,tools_per_year
F00096,2021,122,tools_per_year
F00096,2022,127,tools_per_year
F00096,2023,132,tools_per_year
F00096,2024,138,tools_per_year
F00096,2025,143,tools_per_year
F00097,2017,0,tools_per_year
F00097,2018,0,tools_per_year
F00097,2019,0,tools_per_year
F00097,2020,0,tools_per_year
F00097,2021,0,tools_per_year
F00097,2022,0,tools_per_year
F00097,2023,0,tools_per_year
F00097,2024,0,tools_per_year
F00097,2025,0,tools_per_year
F00098,2017,0,tools_per_year
F00098,2018,240,tools_per_year
F00098,2019,436,tools_per_year
F00098,2020,648,tools_per_year
F00098,2021,674,tools_per_year
F00098,2022,701,tools_per_year
F00098,2023,729,tools_per_year
F00098,2024,758,tools_per_year
F00098,2025,788,tools_per_year
F00099,2017,775,tools_per_year
F00099,2018,806,tools_per_year
F00099,2019,839,tools_per_year
F00099,2020,872,tools_per_year
F00099,2021,907,tools_per_year
F00099,2022,943,tools_per_year
F00099,2023,981,tools_per_year
F00099,2024,1020,tools_per_year
F00099,2025,1061,tools_per_year
F00100,2017,0,tools_per_year
F00100,2018,0,tools_per_year
F00100,2019,0,tools_per_year
F00100,2020,0,tools_per_year
F00100,2021,0,tools_per_year
F00100,2022,0,tools_per_year
F00100,2023,0,tools_per_year
F00100,2024,0,tools_per_year
F00100,2025,0,tools_per_year
F00101,2017,148,tools_per_year
F00101,2018,154,tools_per_year
F00101,2019,160,tools_per_year
F00101,2020,167,tools_per_year
F00101,2021,174,tools_per_year
F00101,2022,180,tools_per_year
F00101,2023,188,tools_per_year
F00101,2024,195,tools_per_year
F00101,2025,203,tools_per_year
F00102,2017,118,tools_per_year
F00102,2018,122,tools_per_year
F00102,2019,127,tools_per_year
F00102,2020,132,tools_per_year
F00102,2021,138,tools_per_year
F00102,2022,143,tools_per_year
F00102,2023,149,tools_per_year
F00102,2024,155,tools_per_year
F00102,2025,161,tools_per_year
F00103,2017,0,tools_per_year
F00103,2018,208,tools_per_year
F00103,2019,378,tools_per_year
F00103,2020,562,tools_per_year
F00103,2021,585,tools_per_year
F00103,2022,608,tools_per_year
F00103,2023,632,tools_per_year
F00103,2024,658,tools_per_year
F00103,2025,684,tools_per_year
F00104,2017,183,tools_per_year
F00104,2018,191,tools_per_year
F00104,2019,198,tools_per_year
F00104,2020,206,tools_per_year
F00104,2021,215,tools_per_year
F00104,2022,223,tools_per_year
F00104,2023,232,tools_per_year
F00104,2024,241,tools_per_year
F00104,2025,251,tools_per_year
F00105,2017,0,tools_per_year
F00105,2018,0,tools_per_year
F00105,2019,0,tools_per_year
F00105,2020,0,tools_per_year
F00105,2021,0,tools_per_year
F00105,2022,0,tools_per_year
F00105,2023,0,tools_per_year
F00105,2024,308,tools_per_year
F00105,2025,560,tools_per_year
F00106,2017,376,tools_per_year
F00106,2018,391,tools_per_year
F00106,2019,407,tools_per_year
F00106,2020,423,tools_per_year
F00106,2021,440,tools_per_year
F00106,2022,458,tools_per_year
F00106,2023,476,tools_per_year
F00106,2024,495,tools_per_year
F00106,2025,515,tools_per_year
F00107,2017,216,tools_per_year
F00107,2018,224,tools_per_year
F00107,2019,233,tools_per_year
F00107,2020,242,tools_per_year
F00107,2021,252,tools_per_year
F00107,2022,262,tools_per_year
F00107,2023,273,tools_per_year
F00107,2024,284,tools_per_year
F00107,2025,295,tools_per_year
F00108,2017,830,tools_per_year
F00108,2018,863,tools_per_year
F00108,2019,898,tools_per_year
F00108,2020,934,tools_per_year
F00108,2021,971,tools_per_year
F00108,2022,1010,tools_per_year
F00108,2023,1050,tools_per_year
F00108,2024,1092,tools_per_year
F00108,2025,1136,tools_per_year
F00109,2017,0,tools_per_year
F00109,2018,0,tools_per_year
F00109,2019,0,tools_per_year
F00109,2020,0,tools_per_year
F00109,2021,0,tools_per_year
F00109,2022,0,tools_per_year
F00109,2023,0,tools_per_year
F00109,2024,0,tools_per_year
F00109,2025,0,tools_per_year
F00110,2017,170,tools_per_year
F00110,2018,176,tools_per_year
F00110,2019,183,tools_per_year
F00110,2020,191,tools_per_year
F00110,2021,198,tools_per_year
F00110,2022,206,tools_per_year
F00110,2023,214,tools_per_year
F00110,2024,223,tools_per_year
F00110,2025,232,tools_per_year
F00111,2017,0,tools_per_year
F00111,2018,0,tools_per_year
F00111,2019,0,tools_per_year
F00111,2020,0,tools_per_year
F00111,2021,0,tools_per_year
F00111,2022,100,tools_per_year
F00111,2023,183,tools_per_year
F00111,2024,271,tools_per_year
F00111,2025,282,tools_per_year
F00112,2017,233,tools_per_year
F00112,2018,242,tools_per_year
F00112,2019,252,tools_per_year
F00112,2020,262,tools_per_year
F00112,2021,273,tools_per_year
F00112,2022,284,tools_per_year
F00112,2023,295,tools_per_year
F00112,2024,307,tools_per_year
F00112,2025,319,tools_per_year
F00113,2017,0,tools_per_year
F00113,2018,0,tools_per_year
F00113,2019,0,tools_per_year
F00113,2020,0,tools_per_year
F00113,2021,0,tools_per_year
F00113,2022,0,tools_per_year
F00113,2023,0,tools_per_year
F00113,2024,0,tools_per_year
F00113,2025,0,tools_per_year
F00114,2017,0,tools_per_year
F00114,2018,0,tools_per_year
F00114,2019,64,tools_per_year
F00114,2020,116,tools_per_year
F00114,2021,172,tools_per_year
F00114,2022,179,tools_per_year
F00114,2023,186,tools_per_year
F00114,2024,193,tools_per_year
F00114,2025,201,tools_per_year
F00115,2017,453,tools_per_year
F00115,2018,471,tools_per_year
F00115,2019,490,tools_per_year
F00115,2020,510,tools_per_year
F00115,2021,530,tools_per_year
F00115,2022,551,tools_per_year
F00115,2023,573,tools_per_year
F00115,2024,596,tools_per_year
F00115,2025,620,tools_per_year
F00116,2017,0,tools_per_year
F00116,2018,0,tools_per_year
F00116,2019,0,tools_per_year
F00116,2020,0,tools_per_year
F00116,2021,0,tools_per_year
F00116,2022,0,tools_per_year
F00116,2023,0,tools_per_year
F00116,2024,0,tools_per_year
F00116,2025,0,tools_per_year
F00117,2017,301,tools_per_year
F00117,2018,313,tools_per_year
F00117,2019,326,tools_per_year
F00117,2020,339,tools_per_year
F00117,2021,352,tools_per_year
F00117,2022,366,tools_per_year
F00117,2023,381,tools_per_year
F00117,2024,396,tools_per_year
F00117,2025,412,tools_per_year
F00118,2017,364,tools_per_year
F00118,2018,378,tools_per_year
F00118,2019,394,tools_per_year
F00118,2020,409,tools_per_year
F00118,2021,426,tools_per_year
F00118,2022,443,tools_per_year
F00118,2023,460,tools_per_year
F00118,2024,479,tools_per_year
F00118,2025,498,tools_per_year
F00119,2017,484,tools_per_year
F00119,2018,503,tools_per_year
F00119,2019,523,tools_per_year
F00119,2020,544,tools_per_year
F00119,2021,566,tools_per_year
F00119,2022,589,tools_per_year
F00119,2023,612,tools_per_year
F00119,2024,637,tools_per_year
F00119,2025,662,tools_per_year
F00120,2017,0,tools_per_year
F00120,2018,0,tools_per_year
F00120,2019,0,tools_per_year
F00120,2020,0,tools_per_year
F00120,2021,0,tools_per_year
F00120,2022,0,tools_per_year
F00120,2023,0,tools_per_year
F00120,2024,0,tools_per_year
F00120,2025,0,tools_per_year
F00121,2017,587,tools_per_year
F00121,2018,610,tools_per_year
F00121,2019,635,tools_per_year
F00121,2020,660,tools_per_year
F00121,2021,686,tools_per_year
F00121,2022,714,tools_per_year
F00121,2023,742,tools_per_year
F00121,2024,772,tools_per_year
F00121,2025,803,tools_per_year
F00122,2017,0,tools_per_year
F00122,2018,0,tools_per_year
F00122,2019,0,tools_per_year
F00122,2020,0,tools_per_year
F00122,2021,0,tools_per_year
F00122,2022,0,tools_per_year
F00122,2023,0,tools_per_year
F00122,2024,0,tools_per_year
F00122,2025,366,tools_per_year
F00123,2017,0,tools_per_year
F00123,2018,284,tools_per_year
F00123,2019,517,tools_per_year
F00123,2020,769,tools_per_year
F00123,2021,799,tools_per_year
F00123,2022,831,tools_per_year
F00123,2023,864,tools_per_year
F00123,2024,899,tools_per_year
F00123,2025,935,tools_per_year
F00124,2017,85,tools_per_year
F00124,2018,89,tools_per_year
F00124,2019,92,tools_per_year
F00124,2020,96,tools_per_year
F00124,2021,100,tools_per_year
F00124,2022,104,tools_per_year
F00124,2023,108,tools_per_year
F00124,2024,112,tools_per_year
F00124,2025,117,tools_per_year
F00125,2017,286,tools_per_year
F00125,2018,298,tools_per_year
F00125,2019,310,tools_per_year
F00125,2020,322,tools_per_year
F00125,2021,335,tools_per_year
F00125,2022,348,tools_per_year
F00125,2023,362,tools_per_year
F00125,2024,377,tools_per_year
F00125,2025,392,tools_per_year
F00126,2017,193,tools_per_year
F00126,2018,201,tools_per_year
F00126,2019,209,tools_per_year
F00126,2020,217,tools_per_year
F00126,2021,226,tools_per_year
F00126,2022,235,tools_per_year
F00126,2023,244,tools_per_year
F00126,2024,254,tools_per_year
F00126,2025,264,tools_per_year
F00127,2017,0,tools_per_year
F00127,2018,0,tools_per_year
F00127,2019,0,tools_per_year
F00127,2020,0,tools_per_year
F00127,2021,0,tools_per_year
F00127,2022,0,tools_per_year
F00127,2023,0,tools_per_year
F00127,2024,0,tools_per_year
F00127,2025,0,tools_per_year
F00128,2017,0,tools_per_year
F00128,2018,0,tools_per_year
F00128,2019,0,tools_per_year
F00128,2020,0,tools_per_year
F00128,2021,221,tools_per_year
F00128,2022,402,tools_per_year
F00128,2023,597,tools_per_year
F00128,2024,621,tools_per_year
F00128,2025,646,tools_per_year
F00129,2017,334,tools_per_year
F00129,2018,347,tools_per_year
F00129,2019,361,tools_per_year
F00129,2020,376,tools_per_year
F00129,2021,391,tools_per_year
F00129,2022,406,tools_per_year
F00129,2023,423,tools_per_year
F00129,2024,439,tools_per_year
F00129,2025,457,tools_per_year
F00130,2017,0,tools_per_year
F00130,2018,0,tools_per_year
F00130,2019,0,tools_per_year
F00130,2020,0,tools_per_year
F00130,2021,0,tools_per_year
F00130,2022,0,tools_per_year
F00130,2023,0,tools_per_year
F00130,2024,290,tools_per_year
F00130,2025,527,tools_per_year
F00131,2017,395,tools_per_year
F00131,2018,411,tools_per_year
F00131,2019,428,tools_per_year
F00131,2020,445,tools_per_year
F00131,2021,462,tools_per_year
F00131,2022,481,tools_per_year
F00131,2023,500,tools_per_year
F00131,2024,520,tools_per_year
F00131,2025,541,tools_per_year
F00132,2017,365,tools_per_year
F00132,2018,379,tools_per_year
F00132,2019,394,tools_per_year
F00132,2020,410,tools_per_year
F00132,2021,427,tools_per_year
F00132,2022,444,tools_per_year
F00132,2023,461,tools_per_year
F00132,2024,480,tools_per_year
F00132,2025,499,tools_per_year
F00133,2017,617,tools_per_year
F00133,2018,641,tools_per_year
F00133,2019,667,tools_per_year
F00133,2020,694,tools_per_year
F00133,2021,721,tools_per_year
F00133,2022,750,tools_per_year
F00133,2023,780,tools_per_year
F00133,2024,812,tools_per_year
F00133,2025,844,tools_per_year
F00134,2017,42,tools_per_year
F00134,2018,43,tools_per_year
F00134,2019,45,tools_per_year
F00134,2020,47,tools_per_year
F00134,2021,49,tools_per_year
F00134,2022,51,tools_per_year
F00134,2023,53,tools_per_year
F00134,2024,55,tools_per_year
F00134,2025,57,tools_per_year
F00135,2017,303,tools_per_year
F00135,2018,315,tools_per_year
F00135,2019,327,tools_per_year
F00135,2020,340,tools_per_year
F00135,2021,354,tools_per_year
F00135,2022,368,tools_per_year
F00135,2023,383,tools_per_year
F00135,2024,398,tools_per_year
F00135,2025,414,tools_per_year
F00136,2017,845,tools_per_year
F00136,2018,879,tools_per_year
F00136,2019,914,tools_per_year
F00136,2020,951,tools_per_year
F00136,2021,989,tools_per_year
F00136,2022,1029,tools_per_year
F00136,2023,1070,tools_per_year
F00136,2024,1112,tools_per_year
F00136,2025,1157,tools_per_year
F00137,2017,586,tools_per_year
F00137,2018,609,tools_per_year
F00137,2019,634,tools_per_year
F00137,2020,659,tools_per_year
F00137,2021,686,tools_per_year
F00137,2022,713,tools_per_year
F00137,2023,741,tools_per_year
F00137,2024,771,tools_per_year
F00137,2025,802,tools_per_year
F00138,2017,585,tools_per_year
F00138,2018,608,tools_per_year
F00138,2019,632,tools_per_year
F00138,2020,658,tools_per_year
F00138,2021,684,tools_per_year
F00138,2022,711,tools_per_year
F00138,2023,740,tools_per_year
F00138,2024,769,tools_per_year
F00138,2025,800,tools_per_year
F00139,2017,739,tools_per_year
F00139,2018,769,tools_per_year
F00139,2019,800,tools_per_year
F00139,2020,832,tools_per_year
F00139,2021,865,tools_per_year
F00139,2022,900,tools_per_year
F00139,2023,936,tools_per_year
F00139,2024,973,tools_per_year
F00139,2025,1012,tools_per_year
F00140,2017,0,tools_per_year
F00140,2018,0,tools_per_year
F00140,2019,0,tools_per_year
F00140,2020,43,tools_per_year
F00140,2021,78,tools_per_year
F00140,2022,116,tools_per_year
F00140,2023,121,tools_per_year
F00140,2024,126,tools_per_year
F00140,2025,131,tools_per_year
F00141,2017,414,tools_per_year
F00141,2018,430,tools_per_year
F00141,2019,447,tools_per_year
F00141,2020,465,tools_per_year
F00141,2021,484,tools_per_year
F00141,2022,503,tools_per_year
F00141,2023,523,tools_per_year
F00141,2024,544,tools_per_year
F00141,2025,566,tools_per_year
F00142,2017,192,tools_per_year
F00142,2018,200,tools_per_year
F00142,2019,208,tools_per_year
F00142,2020,216,tools_per_year
F00142,2021,225,tools_per_year
F00142,2022,234,tools_per_year
F00142,2023,243,tools_per_year
F00142,2024,253,tools_per_year
F00142,2025,263,tools_per_year
F00143,2017,456,tools_per_year
F00143,2018,474,tools_per_year
F00143,2019,493,tools_per_year
F00143,2020,513,tools_per_year
F00143,2021,533,tools_per_year
F00143,2022,555,tools_per_year
F00143,2023,577,tools_per_year
F00143,2024,600,tools_per_year
F00143,2025,624,tools_per_year
F00144,2017,0,tools_per_year
F00144,2018,0,tools_per_year
F00144,2019,0,tools_per_year
F00144,2020,0,tools_per_year
F00144,2021,0,tools_per_year
F00144,2022,323,tools_per_year
F00144,2023,587,tools_per_year
F00144,2024,872,tools_per_year
F00144,2025,907,tools_per_year
F00145,2017,425,tools_per_year
F00145,2018,442,tools_per_year
F00145,2019,459,tools_per_year
F00145,2020,478,tools_per_year
F00145,2021,497,tools_per_year
F00145,2022,517,tools_per_year
F00145,2023,537,tools_per_year
F00145,2024,559,tools_per_year
F00145,2025,581,tools_per_year
F00146,2017,103,tools_per_year
F00146,2018,188,tools_per_year
F00146,2019,279,tools_per_year
F00146,2020,290,tools_per_year
F00146,2021,302,tools_per_year
F00146,2022,314,tools_per_year
F00146,2023,326,tools_per_year
F00146,2024,339,tools_per_year
F00146,2025,353,tools_per_year
F00147,2017,422,tools_per_year
F00147,2018,438,tools_per_year
F00147,2019,456,tools_per_year
F00147,2020,474,tools_per_year
F00147,2021,493,tools_per_year
F00147,2022,513,tools_per_year
F00147,2023,533,tools_per_year
F00147,2024,555,tools_per_year
F00147,2025,577,tools_per_year
F00148,2017,0,tools_per_year
F00148,2018,0,tools_per_year
F00148,2019,0,tools_per_year
F00148,2020,0,tools_per_year
F00148,2021,0,tools_per_year
F00148,2022,0,tools_per_year
F00148,2023,0,tools_per_year
F00148,2024,0,tools_per_year
F00148,2025,0,tools_per_year
F00149,2017,0,wafer_starts_per_month
F00149,2018,27661,wafer_starts_per_month
F00149,2019,50343,wafer_starts_per_month
F00149,2020,74795,wafer_starts_per_month
F00149,2021,77787,wafer_starts_per_month
F00149,2022,80899,wafer_starts_per_month
F00149,2023,84135,wafer_starts_per_month
F00149,2024,87500,wafer_starts_per_month
F00149,2025,91000,wafer_starts_per_month
F00150,2017,51879,wafer_starts_per_month
F00150,2018,53954,wafer_starts_per_month
F00150,2019,56112,wafer_starts_per_month
F00150,2020,58357,wafer_starts_per_month
F00150,2021,60691,wafer_starts_per_month
F00150,2022,63119,wafer_starts_per_month
F00150,2023,65643,wafer_starts_per_month
F00150,2024,68269,wafer_starts_per_month
F00150,2025,71000,wafer_starts_per_month
F00151,2017,0,wafer_starts_per_month
F00151,2018,0,wafer_starts_per_month
F00151,2019,0,wafer_starts_per_month
F00151,2020,0,wafer_starts_per_month
F00151,2021,0,wafer_starts_per_month
F00151,2022,0,wafer_starts_per_month
F00151,2023,0,wafer_starts_per_month
F00151,2024,0,wafer_starts_per_month
F00151,2025,40800,wafer_starts_per_month
F00152,2017,9937,wafer_starts_per_month
F00152,2018,18086,wafer_starts_per_month
F00152,2019,26871,wafer_starts_per_month
F00152,2020,27946,wafer_starts_per_month
F00152,2021,29063,wafer_starts_per_month
F00152,2022,30226,wafer_starts_per_month
F00152,2023,31435,wafer_starts_per_month
F00152,2024,32692,wafer_starts_per_month
F00152,2025,34000,wafer_starts_per_month
F00153,2017,35073,wafer_starts_per_month
F00153,2018,36476,wafer_starts_per_month
F00153,2019,37935,wafer_starts_per_month
F00153,2020,39453,wafer_starts_per_month
F00153,2021,41031,wafer_starts_per_month
F00153,2022,42672,wafer_starts_per_month
F00153,2023,44379,wafer_starts_per_month
F00153,2024,46154,wafer_starts_per_month
F00153,2025,48000,wafer_starts_per_month
F00154,2017,65762,wafer_starts_per_month
F00154,2018,68393,wafer_starts_per_month
F00154,2019,71128,wafer_starts_per_month
F00154,2020,73973,wafer_starts_per_month
F00154,2021,76932,wafer_starts_per_month
F00154,2022,80010,wafer_starts_per_month
F00154,2023,83210,wafer_starts_per_month
F00154,2024,86538,wafer_starts_per_month
F00154,2025,90000,wafer_starts_per_month
F00155,2017,0,wafer_starts_per_month
F00155,2018,0,wafer_starts_per_month
F00155,2019,0,wafer_starts_per_month
F00155,2020,0,wafer_starts_per_month
F00155,2021,0,wafer_starts_per_month
F00155,2022,0,wafer_starts_per_month
F00155,2023,0,wafer_starts_per_month
F00155,2024,6923,wafer_starts_per_month
F00155,2025,12600,wafer_starts_per_month
F00156,2017,75261,wafer_starts_per_month
F00156,2018,78272,wafer_starts_per_month
F00156,2019,81402,wafer_starts_per_month
F00156,2020,84658,wafer_starts_per_month
F00156,2021,88045,wafer_starts_per_month
F00156,2022,91567,wafer_starts_per_month
F00156,2023,95229,wafer_starts_per_month
F00156,2024,99038,wafer_starts_per_month
F00156,2025,103000,wafer_starts_per_month
F00157,2017,51148,wafer_starts_per_month
F00157,2018,53194,wafer_starts_per_month
F00157,2019,55322,wafer_starts_per_month
F00157,2020,57535,wafer_starts_per_month
F00157,2021,59836,wafer_starts_per_month
F00157,2022,62230,wafer_starts_per_month
F00157,2023,64719,wafer_starts_per_month
F00157,2024,67308,wafer_starts_per_month
F00157,2025,70000,wafer_starts_per_month
F00158,2017,41649,wafer_starts_per_month
F00158,2018,43315,wafer_starts_per_month
F00158,2019,45048,wafer_starts_per_month
F00158,2020,46850,wafer_starts_per_month
F00158,2021,48724,wafer_starts_per_month
F00158,2022,50673,wafer_starts_per_month
F00158,2023,52700,wafer_starts_per_month
F00158,2024,54808,wafer_starts_per_month
F00158,2025,57000,wafer_starts_per_month
F00159,2017,0,wafer_starts_per_month
F00159,2018,0,wafer_starts_per_month
F00159,2019,0,wafer_starts_per_month
F00159,2020,0,wafer_starts_per_month
F00159,2021,0,wafer_starts_per_month
F00159,2022,0,wafer_starts_per_month
F00159,2023,0,wafer_starts_per_month
F00159,2024,40769,wafer_starts_per_month
F00159,2025,74200,wafer_starts_per_month
F00160,2017,0,wafer_starts_per_month
F00160,2018,0,wafer_starts_per_month
F00160,2019,0,wafer_starts_per_month
F00160,2020,17096,wafer_starts_per_month
F00160,2021,31115,wafer_starts_per_month
F00160,2022,46228,wafer_starts_per_month
F00160,2023,48077,wafer_starts_per_month
F00160,2024,50000,wafer_starts_per_month
F00160,2025,52000,wafer_starts_per_month
F00161,2017,21921,wafer_starts_per_month
F00161,2018,22798,wafer_starts_per_month
F00161,2019,23709,wafer_starts_per_month
F00161,2020,24658,wafer_starts_per_month
F00161,2021,25644,wafer_starts_per_month
F00161,2022,26670,wafer_starts_per_month
F00161,2023,27737,wafer_starts_per_month
F00161,2024,28846,wafer_starts_per_month
F00161,2025,30000,wafer_starts_per_month
F00162,2017,0,wafer_starts_per_month
F00162,2018,0,wafer_starts_per_month
F00162,2019,0,wafer_starts_per_month
F00162,2020,0,wafer_starts_per_month
F00162,2021,0,wafer_starts_per_month
F00162,2022,12446,wafer_starts_per_month
F00162,2023,22652,wafer_starts_per_month
F00162,2024,33654,wafer_starts_per_month
F00162,2025,35000,wafer_starts_per_month
F00163,2017,0,wafer_starts_per_month
F00163,2018,0,wafer_starts_per_month
F00163,2019,0,wafer_starts_per_month
F00163,2020,0,wafer_starts_per_month
F00163,2021,11625,wafer_starts_per_month
F00163,2022,21158,wafer_starts_per_month
F00163,2023,31435,wafer_starts_per_month
F00163,2024,32692,wafer_starts_per_month
F00163,2025,34000,wafer_starts_per_month
F00164,2017,66493,wafer_starts_per_month
F00164,2018,69153,wafer_starts_per_month
F00164,2019,71919,wafer_starts_per_month
F00164,2020,74795,wafer_starts_per_month
F00164,2021,77787,wafer_starts_per_month
F00164,2022,80899,wafer_starts_per_month
F00164,2023,84135,wafer_starts_per_month
F00164,2024,87500,wafer_starts_per_month
F00164,2025,91000,wafer_starts_per_month
F00165,2017,56263,wafer_starts_per_month
F00165,2018,58514,wafer_starts_per_month
F00165,2019,60854,wafer_starts_per_month
F00165,2020,63288,wafer_starts_per_month
F00165,2021,65820,wafer_starts_per_month
F00165,2022,68453,wafer_starts_per_month
F00165,2023,71191,wafer_starts_per_month
F00165,2024,74038,wafer_starts_per_month
F00165,2025,77000,wafer_starts_per_month
F00166,2017,10960,wafer_starts_per_month
F00166,2018,11399,wafer_starts_per_month
F00166,2019,11855,wafer_starts_per_month
F00166,2020,12329,wafer_starts_per_month
F00166,2021,12822,wafer_starts_per_month
F00166,2022,13335,wafer_starts_per_month
F00166,2023,13868,wafer_starts_per_month
F00166,2024,14423,wafer_starts_per_month
F00166,2025,15000,wafer_starts_per_month
F00167,2017,20459,wafer_starts_per_month
F00167,2018,21278,wafer_starts_per_month
F00167,2019,22129,wafer_starts_per_month
F00167,2020,23014,wafer_starts_per_month
F00167,2021,23935,wafer_starts_per_month
F00167,2022,24892,wafer_starts_per_month
F00167,2023,25888,wafer_starts_per_month
F00167,2024,26923,wafer_starts_per_month
F00167,2025,28000,wafer_starts_per_month
F00168,2017,50418,wafer_starts_per_month
F00168,2018,52434,wafer_starts_per_month
F00168,2019,54532,wafer_starts_per_month
F00168,2020,56713,wafer_starts_per_month
F00168,2021,58981,wafer_starts_per_month
F00168,2022,61341,wafer_starts_per_month
F00168,2023,63794,wafer_starts_per_month
F00168,2024,66346,wafer_starts_per_month
F00168,2025,69000,wafer_starts_per_month
F00169,2017,0,wafer_starts_per_month
F00169,2018,0,wafer_starts_per_month
F00169,2019,0,wafer_starts_per_month
F00169,2020,0,wafer_starts_per_month
F00169,2021,0,wafer_starts_per_month
F00169,2022,0,wafer_starts_per_month
F00169,2023,0,wafer_starts_per_month
F00169,2024,0,wafer_starts_per_month
F00169,2025,0,wafer_starts_per_month
F00170,2017,0,wafer_starts_per_month
F00170,2018,0,wafer_starts_per_month
F00170,2019,0,wafer_starts_per_month
F00170,2020,0,wafer_starts_per_month
F00170,2021,0,wafer_starts_per_month
F00170,2022,0,wafer_starts_per_month
F00170,2023,0,wafer_starts_per_month
F00170,2024,0,wafer_starts_per_month
F00170,2025,0,wafer_starts_per_month
F00171,2017,33612,wafer_starts_per_month
F00171,2018,34956,wafer_starts_per_month
F00171,2019,36354,wafer_starts_per_month
F00171,2020,37809,wafer_starts_per_month
F00171,2021,39321,wafer_starts_per_month
F00171,2022,40894,wafer_starts_per_month
F00171,2023,42530,wafer_starts_per_month
F00171,2024,44231,wafer_starts_per_month
F00171,2025,46000,wafer_starts_per_month
F00172,2017,0,wafer_starts_per_month
F00172,2018,0,wafer_starts_per_month
F00172,2019,0,wafer_starts_per_month
F00172,2020,0,wafer_starts_per_month
F00172,2021,0,wafer_starts_per_month
F00172,2022,0,wafer_starts_per_month
F00172,2023,0,wafer_starts_per_month
F00172,2024,0,wafer_starts_per_month
F00172,2025,0,wafer_starts_per_month
F00173,2017,0,wafer_starts_per_month
F00173,2018,0,wafer_starts_per_month
F00173,2019,0,wafer_starts_per_month
F00173,2020,0,wafer_starts_per_month
F00173,2021,0,wafer_starts_per_month
F00173,2022,0,wafer_starts_per_month
F00173,2023,0,wafer_starts_per_month
F00173,2024,0,wafer_starts_per_month
F00173,2025,39200,wafer_starts_per_month
F00174,2017,28643,wafer_starts_per_month
F00174,2018,52130,wafer_starts_per_month
F00174,2019,77451,wafer_starts_per_month
F00174,2020,80549,wafer_starts_per_month
F00174,2021,83771,wafer_starts_per_month
F00174,2022,87122,wafer_starts_per_month
F00174,2023,90607,wafer_starts_per_month
F00174,2024,94231,wafer_starts_per_month
F00174,2025,98000,wafer_starts_per_month
F00175,2017,70877,wafer_starts_per_month
F00175,2018,73712,wafer_starts_per_month
F00175,2019,76661,wafer_starts_per_month
F00175,2020,79727,wafer_starts_per_month
F00175,2021,82916,wafer_starts_per_month
F00175,2022,86233,wafer_starts_per_month
F00175,2023,89682,wafer_starts_per_month
F00175,2024,93269,wafer_starts_per_month
F00175,2025,97000,wafer_starts_per_month
F00176,2017,37265,wafer_starts_per_month
F00176,2018,38756,wafer_starts_per_month
F00176,2019,40306,wafer_starts_per_month
F00176,2020,41918,wafer_starts_per_month
F00176,2021,43595,wafer_starts_per_month
F00176,2022,45339,wafer_starts_per_month
F00176,2023,47152,wafer_starts_per_month
F00176,2024,49038,wafer_starts_per_month
F00176,2025,51000,wafer_starts_per_month
F00177,2017,31420,wafer_starts_per_month
F00177,2018,32676,wafer_starts_per_month
F00177,2019,33984,wafer_starts_per_month
F00177,2020,35343,wafer_starts_per_month
F00177,2021,36757,wafer_starts_per_month
F00177,2022,38227,wafer_starts_per_month
F00177,2023,39756,wafer_starts_per_month
F00177,2024,41346,wafer_starts_per_month
F00177,2025,43000,wafer_starts_per_month
F00178,2017,0,wafer_starts_per_month
F00178,2018,0,wafer_starts_per_month
F00178,2019,0,wafer_starts_per_month
F00178,2020,0,wafer_starts_per_month
F00178,2021,0,wafer_starts_per_month
F00178,2022,6045,wafer_starts_per_month
F00178,2023,11002,wafer_starts_per_month
F00178,2024,16346,wafer_starts_per_month
F00178,2025,17000,wafer_starts_per_month
F00179,2017,46033,wafer_starts_per_month
F00179,2018,47875,wafer_starts_per_month
F00179,2019,49790,wafer_starts_per_month
F00179,2020,51781,wafer_starts_per_month
F00179,2021,53853,wafer_starts_per_month
F00179,2022,56007,wafer_starts_per_month
F00179,2023,58247,wafer_starts_per_month
F00179,2024,60577,wafer_starts_per_month
F00179,2025,63000,wafer_starts_per_month
F00180,2017,12422,wafer_starts_per_month
F00180,2018,12919,wafer_starts_per_month
F00180,2019,13435,wafer_starts_per_month
F00180,2020,13973,wafer_starts_per_month
F00180,2021,14532,wafer_starts_per_month
F00180,2022,15113,wafer_starts_per_month
F00180,2023,15717,wafer_starts_per_month
F00180,2024,16346,wafer_starts_per_month
F00180,2025,17000,wafer_starts_per_month
F00181,2017,0,wafer_starts_per_month
F00181,2018,0,wafer_starts_per_month
F00181,2019,0,wafer_starts_per_month
F00181,2020,0,wafer_starts_per_month
F00181,2021,0,wafer_starts_per_month
F00181,2022,0,wafer_starts_per_month
F00181,2023,29586,wafer_starts_per_month
F00181,2024,53846,wafer_starts_per_month
F00181,2025,80000,wafer_starts_per_month
F00182,2017,59917,wafer_starts_per_month
F00182,2018,62313,wafer_starts_per_month
F00182,2019,64806,wafer_starts_per_month
F00182,2020,67398,wafer_starts_per_month
F00182,2021,70094,wafer_starts_per_month
F00182,2022,72898,wafer_starts_per_month
F00182,2023,75814,wafer_starts_per_month
F00182,2024,78846,wafer_starts_per_month
F00182,2025,82000,wafer_starts_per_month
F00183,2017,46033,wafer_starts_per_month
F00183,2018,47875,wafer_starts_per_month
F00183,2019,49790,wafer_starts_per_month
F00183,2020,51781,wafer_starts_per_month
F00183,2021,53853,wafer_starts_per_month
F00183,2022,56007,wafer_starts_per_month
F00183,2023,58247,wafer_starts_per_month
F00183,2024,60577,wafer_starts_per_month
F00183,2025,63000,wafer_starts_per_month
F00184,2017,51879,wafer_starts_per_month
F00184,2018,53954,wafer_starts_per_month
F00184,2019,56112,wafer_starts_per_month
F00184,2020,58357,wafer_starts_per_month
F00184,2021,60691,wafer_starts_per_month
F00184,2022,63119,wafer_starts_per_month
F00184,2023,65643,wafer_starts_per_month
F00184,2024,68269,wafer_starts_per_month
F00184,2025,71000,wafer_starts_per_month
F00185,2017,18413,wafer_starts_per_month
F00185,2018,33512,wafer_starts_per_month
F00185,2019,49790,wafer_starts_per_month
F00185,2020,51781,wafer_starts_per_month
F00185,2021,53853,wafer_starts_per_month
F00185,2022,56007,wafer_starts_per_month
F00185,2023,58247,wafer_starts_per_month
F00185,2024,60577,wafer_starts_per_month
F00185,2025,63000,wafer_starts_per_month
F00186,2017,25574,wafer_starts_per_month
F00186,2018,26597,wafer_starts_per_month
F00186,2019,27661,wafer_starts_per_month
F00186,2020,28767,wafer_starts_per_month
F00186,2021,29918,wafer_starts_per_month
F00186,2022,31115,wafer_starts_per_month
F00186,2023,32359,wafer_starts_per_month
F00186,2024,33654,wafer_starts_per_month
F00186,2025,35000,wafer_starts_per_month
F00187,2017,0,wafer_starts_per_month
F00187,2018,0,wafer_starts_per_month
F00187,2019,0,wafer_starts_per_month
F00187,2020,0,wafer_starts_per_month
F00187,2021,0,wafer_starts_per_month
F00187,2022,0,wafer_starts_per_month
F00187,2023,0,wafer_starts_per_month
F00187,2024,0,wafer_starts_per_month
F00187,2025,0,wafer_starts_per_month
F00188,2017,0,wafer_starts_per_month
F00188,2018,0,wafer_starts_per_month
F00188,2019,0,wafer_starts_per_month
F00188,2020,0,wafer_starts_per_month
F00188,2021,0,wafer_starts_per_month
F00188,2022,0,wafer_starts_per_month
F00188,2023,0,wafer_starts_per_month
F00188,2024,30385,wafer_starts_per_month
F00188,2025,55300,wafer_starts_per_month
F00189,2017,75261,wafer_starts_per_month
F00189,2018,78272,wafer_starts_per_month
F00189,2019,81402,wafer_starts_per_month
F00189,2020,84658,wafer_starts_per_month
F00189,2021,88045,wafer_starts_per_month
F00189,2022,91567,wafer_starts_per_month
F00189,2023,95229,wafer_starts_per_month
F00189,2024,99038,wafer_starts_per_month
F00189,2025,103000,wafer_starts_per_month
F00190,2017,29958,wafer_starts_per_month
F00190,2018,31157,wafer_starts_per_month
F00190,2019,32403,wafer_starts_per_month
F00190,2020,33699,wafer_starts_per_month
F00190,2021,35047,wafer_starts_per_month
F00190,2022,36449,wafer_starts_per_month
F00190,2023,37907,wafer_starts_per_month
F00190,2024,39423,wafer_starts_per_month
F00190,2025,41000,wafer_starts_per_month
F00191,2017,48956,wafer_starts_per_month
F00191,2018,50914,wafer_starts_per_month
F00191,2019,52951,wafer_starts_per_month
F00191,2020,55069,wafer_starts_per_month
F00191,2021,57272,wafer_starts_per_month
F00191,2022,59563,wafer_starts_per_month
F00191,2023,61945,wafer_starts_per_month
F00191,2024,64423,wafer_starts_per_month
F00191,2025,67000,wafer_starts_per_month
F00192,2017,0,wafer_starts_per_month
F00192,2018,0,wafer_starts_per_month
F00192,2019,0,wafer_starts_per_month
F00192,2020,0,wafer_starts_per_month
F00192,2021,0,wafer_starts_per_month
F00192,2022,0,wafer_starts_per_month
F00192,2023,0,wafer_starts_per_month
F00192,2024,0,wafer_starts_per_month
F00192,2025,0,wafer_starts_per_month
F00193,2017,0,wafer_starts_per_month
F00193,2018,30093,wafer_starts_per_month
F00193,2019,54769,wafer_starts_per_month
F00193,2020,81371,wafer_starts_per_month
F00193,2021,84626,wafer_starts_per_month
F00193,2022,88011,wafer_starts_per_month
F00193,2023,91531,wafer_starts_per_month
F00193,2024,95192,wafer_starts_per_month
F00193,2025,99000,wafer_starts_per_month
F00194,2017,39457,wafer_starts_per_month
F00194,2018,41036,wafer_starts_per_month
F00194,2019,42677,wafer_starts_per_month
F00194,2020,44384,wafer_starts_per_month
F00194,2021,46159,wafer_starts_per_month
F00194,2022,48006,wafer_starts_per_month
F00194,2023,49926,wafer_starts_per_month
F00194,2024,51923,wafer_starts_per_month
F00194,2025,54000,wafer_starts_per_month
F00195,2017,0,wafer_starts_per_month
F00195,2018,0,wafer_starts_per_month
F00195,2019,5690,wafer_starts_per_month
F00195,2020,10356,wafer_starts_per_month
F00195,2021,15386,wafer_starts_per_month
F00195,2022,16002,wafer_starts_per_month
F00195,2023,16642,wafer_starts_per_month
F00195,2024,17308,wafer_starts_per_month
F00195,2025,18000,wafer_starts_per_month
F00196,2017,62109,wafer_starts_per_month
F00196,2018,64593,wafer_starts_per_month
F00196,2019,67177,wafer_starts_per_month
F00196,2020,69864,wafer_starts_per_month
F00196,2021,72658,wafer_starts_per_month
F00196,2022,75565,wafer_starts_per_month
F00196,2023,78587,wafer_starts_per_month
F00196,2024,81731,wafer_starts_per_month
F00196,2025,85000,wafer_starts_per_month
F00197,2017,28643,wafer_starts_per_month
F00197,2018,42555,wafer_starts_per_month
F00197,2019,44258,wafer_starts_per_month
F00197,2020,46028,wafer_starts_per_month
F00197,2021,47869,wafer_starts_per_month
F00197,2022,49784,wafer_starts_per_month
F00197,2023,51775,wafer_starts_per_month
F00197,2024,53846,wafer_starts_per_month
F00197,2025,56000,wafer_starts_per_month
F00198,2017,72338,wafer_starts_per_month
F00198,2018,75232,wafer_starts_per_month
F00198,2019,78241,wafer_starts_per_month
F00198,2020,81371,wafer_starts_per_month
F00198,2021,84626,wafer_starts_per_month
F00198,2022,88011,wafer_starts_per_month
F00198,2023,91531,wafer_starts_per_month
F00198,2024,95192,wafer_starts_per_month
F00198,2025,99000,wafer_starts_per_month
F00199,2017,66493,wafer_starts_per_month
F00199,2018,69153,wafer_starts_per_month
F00199,2019,71919,wafer_starts_per_month
F00199,2020,74795,wafer_starts_per_month
F00199,2021,77787,wafer_starts_per_month
F00199,2022,80899,wafer_starts_per_month
F00199,2023,84135,wafer_starts_per_month
F00199,2024,87500,wafer_starts_per_month
F00199,2025,91000,wafer_starts_per_month
F00200,2017,40188,wafer_starts_per_month
F00200,2018,41795,wafer_starts_per_month
F00200,2019,43467,wafer_starts_per_month
F00200,2020,45206,wafer_starts_per_month
F00200,2021,47014,wafer_starts_per_month
F00200,2022,48895,wafer_starts_per_month
F00200,2023,50851,wafer_starts_per_month
F00200,2024,52885,wafer_starts_per_month
F00200,2025,55000,wafer_starts_per_month
F00201,2017,65031,wafer_starts_per_month
F00201,2018,67633,wafer_starts_per_month
F00201,2019,70338,wafer_starts_per_month
F00201,2020,73152,wafer_starts_per_month
F00201,2021,76078,wafer_starts_per_month
F00201,2022,79121,wafer_starts_per_month
F00201,2023,82286,wafer_starts_per_month
F00201,2024,85577,wafer_starts_per_month
F00201,2025,89000,wafer_starts_per_month
F00202,2017,0,wafer_starts_per_month
F00202,2018,0,wafer_starts_per_month
F00202,2019,0,wafer_starts_per_month
F00202,2020,0,wafer_starts_per_month
F00202,2021,0,wafer_starts_per_month
F00202,2022,0,wafer_starts_per_month
F00202,2023,0,wafer_starts_per_month
F00202,2024,0,wafer_starts_per_month
F00202,2025,0,wafer_starts_per_month
F00203,2017,13152,wafer_starts_per_month
F00203,2018,13679,wafer_starts_per_month
F00203,2019,14226,wafer_starts_per_month
F00203,2020,14795,wafer_starts_per_month
F00203,2021,15386,wafer_starts_per_month
F00203,2022,16002,wafer_starts_per_month
F00203,2023,16642,wafer_starts_per_month
F00203,2024,17308,wafer_starts_per_month
F00203,2025,18000,wafer_starts_per_month
F00204,2017,43841,wafer_starts_per_month
F00204,2018,45595,wafer_starts_per_month
F00204,2019,47419,wafer_starts_per_month
F00204,2020,49316,wafer_starts_per_month
F00204,2021,51288,wafer_starts_per_month
F00204,2022,53340,wafer_starts_per_month
F00204,2023,55473,wafer_starts_per_month
F00204,2024,57692,wafer_starts_per_month
F00204,2025,60000,wafer_starts_per_month
F00205,2017,73800,wafer_starts_per_month
F00205,2018,76752,wafer_starts_per_month
F00205,2019,79822,wafer_starts_per_month
F00205,2020,83015,wafer_starts_per_month
F00205,2021,86335,wafer_starts_per_month
F00205,2022,89789,wafer_starts_per_month
F00205,2023,93380,wafer_starts_per_month
F00205,2024,97115,wafer_starts_per_month
F00205,2025,101000,wafer_starts_per_month
F00206,2017,29228,wafer_starts_per_month
F00206,2018,30397,wafer_starts_per_month
F00206,2019,31613,wafer_starts_per_month
F00206,2020,32877,wafer_starts_per_month
F00206,2021,34192,wafer_starts_per_month
F00206,2022,35560,wafer_starts_per_month
F00206,2023,36982,wafer_starts_per_month
F00206,2024,38462,wafer_starts_per_month
F00206,2025,40000,wafer_starts_per_month
F00207,2017,42453,wafer_starts_per_month
F00207,2018,63073,wafer_starts_per_month
F00207,2019,65596,wafer_starts_per_month
F00207,2020,68220,wafer_starts_per_month
F00207,2021,70949,wafer_starts_per_month
F00207,2022,73787,wafer_starts_per_month
F00207,2023,76738,wafer_starts_per_month
F00207,2024,79808,wafer_starts_per_month
F00207,2025,83000,wafer_starts_per_month
F00208,2017,0,wafer_starts_per_month
F00208,2018,0,wafer_starts_per_month
F00208,2019,0,wafer_starts_per_month
F00208,2020,0,wafer_starts_per_month
F00208,2021,0,wafer_starts_per_month
F00208,2022,0,wafer_starts_per_month
F00208,2023,0,wafer_starts_per_month
F00208,2024,34231,wafer_starts_per_month
F00208,2025,62300,wafer_starts_per_month
F00209,2017,0,wafer_starts_per_month
F00209,2018,0,wafer_starts_per_month
F00209,2019,0,wafer_starts_per_month
F00209,2020,0,wafer_starts_per_month
F00209,2021,0,wafer_starts_per_month
F00209,2022,0,wafer_starts_per_month
F00209,2023,0,wafer_starts_per_month
F00209,2024,0,wafer_starts_per_month
F00209,2025,0,wafer_starts_per_month
F00210,2017,112526,wafer_starts_per_month
F00210,2018,117027,wafer_starts_per_month
F00210,2019,121708,wafer_starts_per_month
F00210,2020,126577,wafer_starts_per_month
F00210,2021,131640,wafer_starts_per_month
F00210,2022,136905,wafer_starts_per_month
F00210,2023,142382,wafer_starts_per_month
F00210,2024,148077,wafer_starts_per_month
F00210,2025,154000,wafer_starts_per_month
F00211,2017,68685,wafer_starts_per_month
F00211,2018,71432,wafer_starts_per_month
F00211,2019,74290,wafer_starts_per_month
F00211,2020,77261,wafer_starts_per_month
F00211,2021,80352,wafer_starts_per_month
F00211,2022,83566,wafer_starts_per_month
F00211,2023,86908,wafer_starts_per_month
F00211,2024,90385,wafer_starts_per_month
F00211,2025,94000,wafer_starts_per_month
F00212,2017,75261,wafer_starts_per_month
F00212,2018,78272,wafer_starts_per_month
F00212,2019,81402,wafer_starts_per_month
F00212,2020,84658,wafer_starts_per_month
F00212,2021,88045,wafer_starts_per_month
F00212,2022,91567,wafer_starts_per_month
F00212,2023,95229,wafer_starts_per_month
F00212,2024,99038,wafer_starts_per_month
F00212,2025,103000,wafer_starts_per_month
F00213,2017,109604,wafer_starts_per_month
F00213,2018,113988,wafer_starts_per_month
F00213,2019,118547,wafer_starts_per_month
F00213,2020,123289,wafer_starts_per_month
F00213,2021,128221,wafer_starts_per_month
F00213,2022,133349,wafer_starts_per_month
F00213,2023,138683,wafer_starts_per_month
F00213,2024,144231,wafer_starts_per_month
F00213,2025,150000,wafer_starts_per_month
F00214,2017,70146,wafer_starts_per_month
F00214,2018,72952,wafer_starts_per_month
F00214,2019,75870,wafer_starts_per_month
F00214,2020,78905,wafer_starts_per_month
F00214,2021,82061,wafer_starts_per_month
F00214,2022,85344,wafer_starts_per_month
F00214,2023,88757,wafer_starts_per_month
F00214,2024,92308,wafer_starts_per_month
F00214,2025,96000,wafer_starts_per_month
F00215,2017,59917,wafer_starts_per_month
F00215,2018,62313,wafer_starts_per_month
F00215,2019,64806,wafer_starts_per_month
F00215,2020,67398,wafer_starts_per_month
F00215,2021,70094,wafer_starts_per_month
F00215,2022,72898,wafer_starts_per_month
F00215,2023,75814,wafer_starts_per_month
F00215,2024,78846,wafer_starts_per_month
F00215,2025,82000,wafer_starts_per_month
F00216,2017,41649,wafer_starts_per_month
F00216,2018,43315,wafer_starts_per_month
F00216,2019,45048,wafer_starts_per_month
F00216,2020,46850,wafer_starts_per_month
F00216,2021,48724,wafer_starts_per_month
F00216,2022,50673,wafer_starts_per_month
F00216,2023,52700,wafer_starts_per_month
F00216,2024,54808,wafer_starts_per_month
F00216,2025,57000,wafer_starts_per_month
F00217,2017,119833,wafer_starts_per_month
F00217,2018,124627,wafer_starts_per_month
F00217,2019,129612,wafer_starts_per_month
F00217,2020,134796,wafer_starts_per_month
F00217,2021,140188,wafer_starts_per_month
F00217,2022,145795,wafer_starts_per_month
F00217,2023,151627,wafer_starts_per_month
F00217,2024,157692,wafer_starts_per_month
F00217,2025,164000,wafer_starts_per_month
F00218,2017,94259,wafer_starts_per_month
F00218,2018,98029,wafer_starts_per_month
F00218,2019,101951,wafer_starts_per_month
F00218,2020,106029,wafer_starts_per_month
F00218,2021,110270,wafer_starts_per_month
F00218,2022,114681,wafer_starts_per_month
F00218,2023,119268,wafer_starts_per_month
F00218,2024,124038,wafer_starts_per_month
F00218,2025,129000,wafer_starts_per_month
F00219,2017,98643,wafer_starts_per_month
F00219,2018,102589,wafer_starts_per_month
F00219,2019,106692,wafer_starts_per_month
F00219,2020,110960,wafer_starts_per_month
F00219,2021,115399,wafer_starts_per_month
F00219,2022,120015,wafer_starts_per_month
F00219,2023,124815,wafer_starts_per_month
F00219,2024,129808,wafer_starts_per_month
F00219,2025,135000,wafer_starts_per_month
F00220,2017,114718,wafer_starts_per_month
F00220,2018,119307,wafer_starts_per_month
F00220,2019,124079,wafer_starts_per_month
F00220,2020,129043,wafer_starts_per_month
F00220,2021,134204,wafer_starts_per_month
F00220,2022,139572,wafer_starts_per_month
F00220,2023,145155,wafer_starts_per_month
F00220,2024,150962,wafer_starts_per_month
F00220,2025,157000,wafer_starts_per_month
F00221,2017,98643,wafer_starts_per_month
F00221,2018,102589,wafer_starts_per_month
F00221,2019,106692,wafer_starts_per_month
F00221,2020,110960,wafer_starts_per_month
F00221,2021,115399,wafer_starts_per_month
F00221,2022,120015,wafer_starts_per_month
F00221,2023,124815,wafer_starts_per_month
F00221,2024,129808,wafer_starts_per_month
F00221,2025,135000,wafer_starts_per_month
F00222,2017,120564,wafer_starts_per_month
F00222,2018,125386,wafer_starts_per_month
F00222,2019,130402,wafer_starts_per_month
F00222,2020,135618,wafer_starts_per_month
F00222,2021,141043,wafer_starts_per_month
F00222,2022,146684,wafer_starts_per_month
F00222,2023,152552,wafer_starts_per_month
F00222,2024,158654,wafer_starts_per_month
F00222,2025,165000,wafer_starts_per_month
F00223,2017,41649,wafer_starts_per_month
F00223,2018,43315,wafer_starts_per_month
F00223,2019,45048,wafer_starts_per_month
F00223,2020,46850,wafer_starts_per_month
F00223,2021,48724,wafer_starts_per_month
F00223,2022,50673,wafer_starts_per_month
F00223,2023,52700,wafer_starts_per_month
F00223,2024,54808,wafer_starts_per_month
F00223,2025,57000,wafer_starts_per_month
F00224,2017,0,wafer_starts_per_month
F00224,2018,0,wafer_starts_per_month
F00224,2019,0,wafer_starts_per_month
F00224,2020,0,wafer_starts_per_month
F00224,2021,0,wafer_starts_per_month
F00224,2022,0,wafer_starts_per_month
F00224,2023,0,wafer_starts_per_month
F00224,2024,0,wafer_starts_per_month
F00224,2025,67600,wafer_starts_per_month
F00225,2017,0,wafer_starts_per_month
F00225,2018,0,wafer_starts_per_month
F00225,2019,0,wafer_starts_per_month
F00225,2020,0,wafer_starts_per_month
F00225,2021,0,wafer_starts_per_month
F00225,2022,0,wafer_starts_per_month
F00225,2023,0,wafer_starts_per_month
F00225,2024,26923,wafer_starts_per_month
F00225,2025,49000,wafer_starts_per_month
F00226,2017,93528,wafer_starts_per_month
F00226,2018,97269,wafer_starts_per_month
F00226,2019,101160,wafer_starts_per_month
F00226,2020,105207,wafer_starts_per_month
F00226,2021,109415,wafer_starts_per_month
F00226,2022,113792,wafer_starts_per_month
F00226,2023,118343,wafer_starts_per_month
F00226,2024,123077,wafer_starts_per_month
F00226,2025,128000,wafer_starts_per_month
F00227,2017,89875,wafer_starts_per_month
F00227,2018,93470,wafer_starts_per_month
F00227,2019,97209,wafer_starts_per_month
F00227,2020,101097,wafer_starts_per_month
F00227,2021,105141,wafer_starts_per_month
F00227,2022,109347,wafer_starts_per_month
F00227,2023,113720,wafer_starts_per_month
F00227,2024,118269,wafer_starts_per_month
F00227,2025,123000,wafer_starts_per_month
F00228,2017,0,wafer_starts_per_month
F00228,2018,24317,wafer_starts_per_month
F00228,2019,44258,wafer_starts_per_month
F00228,2020,65754,wafer_starts_per_month
F00228,2021,68384,wafer_starts_per_month
F00228,2022,71120,wafer_starts_per_month
F00228,2023,73964,wafer_starts_per_month
F00228,2024,76923,wafer_starts_per_month
F00228,2025,80000,wafer_starts_per_month
F00229,2017,0,wafer_starts_per_month
F00229,2018,0,wafer_starts_per_month
F00229,2019,0,wafer_starts_per_month
F00229,2020,0,wafer_starts_per_month
F00229,2021,0,wafer_starts_per_month
F00229,2022,0,wafer_starts_per_month
F00229,2023,0,wafer_starts_per_month
F00229,2024,0,wafer_starts_per_month
F00229,2025,53600,wafer_starts_per_month
F00230,2017,30689,wafer_starts_per_month
F00230,2018,31917,wafer_starts_per_month
F00230,2019,33193,wafer_starts_per_month
F00230,2020,34521,wafer_starts_per_month
F00230,2021,35902,wafer_starts_per_month
F00230,2022,37338,wafer_starts_per_month
F00230,2023,38831,wafer_starts_per_month
F00230,2024,40385,wafer_starts_per_month
F00230,2025,42000,wafer_starts_per_month
F00231,2017,70877,wafer_starts_per_month
F00231,2018,73712,wafer_starts_per_month
F00231,2019,76661,wafer_starts_per_month
F00231,2020,79727,wafer_starts_per_month
F00231,2021,82916,wafer_starts_per_month
F00231,2022,86233,wafer_starts_per_month
F00231,2023,89682,wafer_starts_per_month
F00231,2024,93269,wafer_starts_per_month
F00231,2025,97000,wafer_starts_per_month
F00232,2017,0,wafer_starts_per_month
F00232,2018,0,wafer_starts_per_month
F00232,2019,0,wafer_starts_per_month
F00232,2020,0,wafer_starts_per_month
F00232,2021,0,wafer_starts_per_month
F00232,2022,0,wafer_starts_per_month
F00232,2023,0,wafer_starts_per_month
F00232,2024,0,wafer_starts_per_month
F00232,2025,0,wafer_starts_per_month
F00233,2017,0,wafer_starts_per_month
F00233,2018,0,wafer_starts_per_month
F00233,2019,0,wafer_starts_per_month
F00233,2020,0,wafer_starts_per_month
F00233,2021,0,wafer_starts_per_month
F00233,2022,0,wafer_starts_per_month
F00233,2023,0,wafer_starts_per_month
F00233,2024,0,wafer_starts_per_month
F00233,2025,0,wafer_starts_per_month
F00234,2017,0,wafer_starts_per_month
F00234,2018,0,wafer_starts_per_month
F00234,2019,0,wafer_starts_per_month
F00234,2020,0,wafer_starts_per_month
F00234,2021,0,wafer_starts_per_month
F00234,2022,44805,wafer_starts_per_month
F00234,2023,81546,wafer_starts_per_month
F00234,2024,121154,wafer_starts_per_month
F00234,2025,126000,wafer_starts_per_month
F00235,2017,46180,wafer_starts_per_month
F00235,2018,84047,wafer_starts_per_month
F00235,2019,124870,wafer_starts_per_month
F00235,2020,129864,wafer_starts_per_month
F00235,2021,135059,wafer_starts_per_month
F00235,2022,140461,wafer_starts_per_month
F00235,2023,146080,wafer_starts_per_month
F00235,2024,151923,wafer_starts_per_month
F00235,2025,158000,wafer_starts_per_month
F00236,2017,116910,wafer_starts_per_month
F00236,2018,121587,wafer_starts_per_month
F00236,2019,126450,wafer_starts_per_month
F00236,2020,131508,wafer_starts_per_month
F00236,2021,136769,wafer_starts_per_month
F00236,2022,142239,wafer_starts_per_month
F00236,2023,147929,wafer_starts_per_month
F00236,2024,153846,wafer_starts_per_month
F00236,2025,160000,wafer_starts_per_month
F00237,2017,0,wafer_starts_per_month
F00237,2018,0,wafer_starts_per_month
F00237,2019,0,wafer_starts_per_month
F00237,2020,0,wafer_starts_per_month
F00237,2021,0,wafer_starts_per_month
F00237,2022,0,wafer_starts_per_month
F00237,2023,0,wafer_starts_per_month
F00237,2024,0,wafer_starts_per_month
F00237,2025,51600,wafer_starts_per_month
F00238,2017,33612,wafer_starts_per_month
F00238,2018,34956,wafer_starts_per_month
F00238,2019,36354,wafer_starts_per_month
F00238,2020,37809,wafer_starts_per_month
F00238,2021,39321,wafer_starts_per_month
F00238,2022,40894,wafer_starts_per_month
F00238,2023,42530,wafer_starts_per_month
F00238,2024,44231,wafer_starts_per_month
F00238,2025,46000,wafer_starts_per_month
F00239,2017,53340,wafer_starts_per_month
F00239,2018,55474,wafer_starts_per_month
F00239,2019,57693,wafer_starts_per_month
F00239,2020,60001,wafer_starts_per_month
F00239,2021,62401,wafer_starts_per_month
F00239,2022,64897,wafer_starts_per_month
F00239,2023,67493,wafer_starts_per_month
F00239,2024,70192,wafer_starts_per_month
F00239,2025,73000,wafer_starts_per_month
F00240,2017,0,wafer_starts_per_month
F00240,2018,0,wafer_starts_per_month
F00240,2019,0,wafer_starts_per_month
F00240,2020,0,wafer_starts_per_month
F00240,2021,0,wafer_starts_per_month
F00240,2022,0,wafer_starts_per_month
F00240,2023,0,wafer_starts_per_month
F00240,2024,0,wafer_starts_per_month
F00240,2025,0,wafer_starts_per_month
F00241,2017,85491,wafer_starts_per_month
F00241,2018,88910,wafer_starts_per_month
F00241,2019,92467,wafer_starts_per_month
F00241,2020,96165,wafer_starts_per_month
F00241,2021,100012,wafer_starts_per_month
F00241,2022,104013,wafer_starts_per_month
F00241,2023,108173,wafer_starts_per_month
F00241,2024,112500,wafer_starts_per_month
F00241,2025,117000,wafer_starts_per_month
F00242,2017,3444,interposer_wafers_per_month
F00242,2018,4650,interposer_wafers_per_month
F00242,2019,6277,interposer_wafers_per_month
F00242,2020,8475,interposer_wafers_per_month
F00242,2021,11441,interposer_wafers_per_month
F00242,2022,15445,interposer_wafers_per_month
F00242,2023,20850,interposer_wafers_per_month
F00242,2024,28148,interposer_wafers_per_month
F00242,2025,38000,interposer_wafers_per_month
F00243,2017,1178,interposer_wafers_per_month
F00243,2018,1591,interposer_wafers_per_month
F00243,2019,2148,interposer_wafers_per_month
F00243,2020,2899,interposer_wafers_per_month
F00243,2021,3914,interposer_wafers_per_month
F00243,2022,5284,interposer_wafers_per_month
F00243,2023,7133,interposer_wafers_per_month
F00243,2024,9630,interposer_wafers_per_month
F00243,2025,13000,interposer_wafers_per_month
F00244,2017,0,interposer_wafers_per_month
F00244,2018,0,interposer_wafers_per_month
F00244,2019,0,interposer_wafers_per_month
F00244,2020,0,interposer_wafers_per_month
F00244,2021,0,interposer_wafers_per_month
F00244,2022,0,interposer_wafers_per_month
F00244,2023,6584,interposer_wafers_per_month
F00244,2024,15556,interposer_wafers_per_month
F00244,2025,30000,interposer_wafers_per_month
F00245,2017,1722,interposer_wafers_per_month
F00245,2018,2325,interposer_wafers_per_month
F00245,2019,3139,interposer_wafers_per_month
F00245,2020,4237,interposer_wafers_per_month
F00245,2021,5720,interposer_wafers_per_month
F00245,2022,7722,interposer_wafers_per_month
F00245,2023,10425,interposer_wafers_per_month
F00245,2024,14074,interposer_wafers_per_month
F00245,2025,19000,interposer_wafers_per_month
F00246,2017,2266,interposer_wafers_per_month
F00246,2018,3059,interposer_wafers_per_month
F00246,2019,4130,interposer_wafers_per_month
F00246,2020,5575,interposer_wafers_per_month
F00246,2021,7527,interposer_wafers_per_month
F00246,2022,10161,interposer_wafers_per_month
F00246,2023,13717,interposer_wafers_per_month
F00246,2024,18519,interposer_wafers_per_month
F00246,2025,25000,interposer_wafers_per_month
F00247,2017,0,interposer_wafers_per_month
F00247,2018,1762,interposer_wafers_per_month
F00247,2019,4163,interposer_wafers_per_month
F00247,2020,8028,interposer_wafers_per_month
F00247,2021,10838,interposer_wafers_per_month
F00247,2022,14632,interposer_wafers_per_month
F00247,2023,19753,interposer_wafers_per_month
F00247,2024,26667,interposer_wafers_per_month
F00247,2025,36000,interposer_wafers_per_month
F00248,2017,997,interposer_wafers_per_month
F00248,2018,1346,interposer_wafers_per_month
F00248,2019,1817,interposer_wafers_per_month
F00248,2020,2453,interposer_wafers_per_month
F00248,2021,3312,interposer_wafers_per_month
F00248,2022,4471,interposer_wafers_per_month
F00248,2023,6036,interposer_wafers_per_month
F00248,2024,8148,interposer_wafers_per_month
F00248,2025,11000,interposer_wafers_per_month
F00249,2017,0,interposer_wafers_per_month
F00249,2018,0,interposer_wafers_per_month
F00249,2019,0,interposer_wafers_per_month
F00249,2020,0,interposer_wafers_per_month
F00249,2021,0,interposer_wafers_per_month
F00249,2022,0,interposer_wafers_per_month
F00249,2023,0,interposer_wafers_per_month
F00249,2024,0,interposer_wafers_per_month
F00249,2025,0,interposer_wafers_per_month
F00250,2017,0,interposer_wafers_per_month
F00250,2018,1371,interposer_wafers_per_month
F00250,2019,3238,interposer_wafers_per_month
F00250,2020,6244,interposer_wafers_per_month
F00250,2021,8430,interposer_wafers_per_month
F00250,2022,11380,interposer_wafers_per_month
F00250,2023,15364,interposer_wafers_per_month
F00250,2024,20741,interposer_wafers_per_month
F00250,2025,28000,interposer_wafers_per_month
F00251,2017,0,interposer_wafers_per_month
F00251,2018,0,interposer_wafers_per_month
F00251,2019,0,interposer_wafers_per_month
F00251,2020,0,interposer_wafers_per_month
F00251,2021,2649,interposer_wafers_per_month
F00251,2022,6259,interposer_wafers_per_month
F00251,2023,12071,interposer_wafers_per_month
F00251,2024,16296,interposer_wafers_per_month
F00251,2025,22000,interposer_wafers_per_month
F00252,2017,0,interposer_wafers_per_month
F00252,2018,0,interposer_wafers_per_month
F00252,2019,0,interposer_wafers_per_month
F00252,2020,0,interposer_wafers_per_month
F00252,2021,0,interposer_wafers_per_month
F00252,2022,0,interposer_wafers_per_month
F00252,2023,0,interposer_wafers_per_month
F00252,2024,0,interposer_wafers_per_month
F00252,2025,10000,interposer_wafers_per_month
F00253,2017,0,interposer_wafers_per_month
F00253,2018,0,interposer_wafers_per_month
F00253,2019,0,interposer_wafers_per_month
F00253,2020,0,interposer_wafers_per_month
F00253,2021,0,interposer_wafers_per_month
F00253,2022,0,interposer_wafers_per_month
F00253,2023,0,interposer_wafers_per_month
F00253,2024,9481,interposer_wafers_per_month
F00253,2025,22400,interposer_wafers_per_month
F00254,2017,1450,interposer_wafers_per_month
F00254,2018,1958,interposer_wafers_per_month
F00254,2019,2643,interposer_wafers_per_month
F00254,2020,3568,interposer_wafers_per_month
F00254,2021,4817,interposer_wafers_per_month
F00254,2022,6503,interposer_wafers_per_month
F00254,2023,8779,interposer_wafers_per_month
F00254,2024,11852,interposer_wafers_per_month
F00254,2025,16000,interposer_wafers_per_month
F00255,2017,0,interposer_wafers_per_month
F00255,2018,0,interposer_wafers_per_month
F00255,2019,0,interposer_wafers_per_month
F00255,2020,0,interposer_wafers_per_month
F00255,2021,0,interposer_wafers_per_month
F00255,2022,0,interposer_wafers_per_month
F00255,2023,0,interposer_wafers_per_month
F00255,2024,0,interposer_wafers_per_month
F00255,2025,0,interposer_wafers_per_month
F00256,2017,2719,interposer_wafers_per_month
F00256,2018,3671,interposer_wafers_per_month
F00256,2019,4956,interposer_wafers_per_month
F00256,2020,6690,interposer_wafers_per_month
F00256,2021,9032,interposer_wafers_per_month
F00256,2022,12193,interposer_wafers_per_month
F00256,2023,16461,interposer_wafers_per_month
F00256,2024,22222,interposer_wafers_per_month
F00256,2025,30000,interposer_wafers_per_month
F00257,2017,2175,interposer_wafers_per_month
F00257,2018,2937,interposer_wafers_per_month
F00257,2019,3965,interposer_wafers_per_month
F00257,2020,5352,interposer_wafers_per_month
F00257,2021,7226,interposer_wafers_per_month
F00257,2022,9755,interposer_wafers_per_month
F00257,2023,13169,interposer_wafers_per_month
F00257,2024,17778,interposer_wafers_per_month
F00257,2025,24000,interposer_wafers_per_month
F00258,2017,0,interposer_wafers_per_month
F00258,2018,0,interposer_wafers_per_month
F00258,2019,0,interposer_wafers_per_month
F00258,2020,0,interposer_wafers_per_month
F00258,2021,0,interposer_wafers_per_month
F00258,2022,0,interposer_wafers_per_month
F00258,2023,0,interposer_wafers_per_month
F00258,2024,7111,interposer_wafers_per_month
F00258,2025,16800,interposer_wafers_per_month
F00259,2017,725,interposer_wafers_per_month
F00259,2018,979,interposer_wafers_per_month
F00259,2019,1322,interposer_wafers_per_month
F00259,2020,1784,interposer_wafers_per_month
F00259,2021,2409,interposer_wafers_per_month
F00259,2022,3252,interposer_wafers_per_month
F00259,2023,4390,interposer_wafers_per_month
F00259,2024,5926,interposer_wafers_per_month
F00259,2025,8000,interposer_wafers_per_month
F00260,2017,997,interposer_wafers_per_month
F00260,2018,1346,interposer_wafers_per_month
F00260,2019,1817,interposer_wafers_per_month
F00260,2020,2453,interposer_wafers_per_month
F00260,2021,3312,interposer_wafers_per_month
F00260,2022,4471,interposer_wafers_per_month
F00260,2023,6036,interposer_wafers_per_month
F00260,2024,8148,interposer_wafers_per_month
F00260,2025,11000,interposer_wafers_per_month
F00261,2017,1903,interposer_wafers_per_month
F00261,2018,2570,interposer_wafers_per_month
F00261,2019,3469,interposer_wafers_per_month
F00261,2020,4683,interposer_wafers_per_month
F00261,2021,6322,interposer_wafers_per_month
F00261,2022,8535,interposer_wafers_per_month
F00261,2023,11523,interposer_wafers_per_month
F00261,2024,15556,interposer_wafers_per_month
F00261,2025,21000,interposer_wafers_per_month
F00262,2017,1541,interposer_wafers_per_month
F00262,2018,2080,interposer_wafers_per_month
F00262,2019,2808,interposer_wafers_per_month
F00262,2020,3791,interposer_wafers_per_month
F00262,2021,5118,interposer_wafers_per_month
F00262,2022,6910,interposer_wafers_per_month
F00262,2023,9328,interposer_wafers_per_month
F00262,2024,12593,interposer_wafers_per_month
F00262,2025,17000,interposer_wafers_per_month
F00263,2017,3444,interposer_wafers_per_month
F00263,2018,4650,interposer_wafers_per_month
F00263,2019,6277,interposer_wafers_per_month
F00263,2020,8475,interposer_wafers_per_month
F00263,2021,11441,interposer_wafers_per_month
F00263,2022,15445,interposer_wafers_per_month
F00263,2023,20850,interposer_wafers_per_month
F00263,2024,28148,interposer_wafers_per_month
F00263,2025,38000,interposer_wafers_per_month
F00264,2017,0,interposer_wafers_per_month
F00264,2018,0,interposer_wafers_per_month
F00264,2019,0,interposer_wafers_per_month
F00264,2020,0,interposer_wafers_per_month
F00264,2021,0,interposer_wafers_per_month
F00264,2022,0,interposer_wafers_per_month
F00264,2023,0,interposer_wafers_per_month
F00264,2024,0,interposer_wafers_per_month
F00264,2025,0,interposer_wafers_per_month
F00265,2017,80375923,packages_per_month
F00265,2018,83590959,packages_per_month
F00265,2019,86934598,packages_per_month
F00265,2020,90411982,packages_per_month
F00265,2021,94028461,packages_per_month
F00265,2022,97789599,packages_per_month
F00265,2023,101701183,packages_per_month
F00265,2024,105769231,packages_per_month
F00265,2025,110000000,packages_per_month
F00266,2017,366806483,packages_per_month
F00266,2018,381478742,packages_per_month
F00266,2019,396737892,packages_per_month
F00266,2020,412607408,packages_per_month
F00266,2021,429111704,packages_per_month
F00266,2022,446276172,packages_per_month
F00266,2023,464127219,packages_per_month
F00266,2024,482692308,packages_per_month
F00266,2025,502000000,packages_per_month
F00267,2017,178288410,packages_per_month
F00267,2018,185419946,packages_per_month
F00267,2019,192836744,packages_per_month
F00267,2020,200550214,packages_per_month
F00267,2021,208572223,packages_per_month
F00267,2022,216915112,packages_per_month
F00267,2023,225591716,packages_per_month
F00267,2024,234615385,packages_per_month
F00267,2025,244000000,packages_per_month
F00268,2017,0,packages_per_month
F00268,2018,0,packages_per_month
F00268,2019,0,packages_per_month
F00268,2020,62795231,packages_per_month
F00268,2021,114287320,packages_per_month
F00268,2022,169798305,packages_per_month
F00268,2023,176590237,packages_per_month
F00268,2024,183653846,packages_per_month
F00268,2025,191000000,packages_per_month
F00269,2017,0,packages_per_month
F00269,2018,0,packages_per_month
F00269,2019,0,packages_per_month
F00269,2020,0,packages_per_month
F00269,2021,0,packages_per_month
F00269,2022,0,packages_per_month
F00269,2023,0,packages_per_month
F00269,2024,0,packages_per_month
F00269,2025,0,packages_per_month
F00270,2017,239885594,packages_per_month
F00270,2018,356401454,packages_per_month
F00270,2019,370657513,packages_per_month
F00270,2020,385483813,packages_per_month
F00270,2021,400903166,packages_per_month
F00270,2022,416939292,packages_per_month
F00270,2023,433616864,packages_per_month
F00270,2024,450961538,packages_per_month
F00270,2025,469000000,packages_per_month
F00271,2017,0,packages_per_month
F00271,2018,0,packages_per_month
F00271,2019,0,packages_per_month
F00271,2020,0,packages_per_month
F00271,2021,0,packages_per_month
F00271,2022,0,packages_per_month
F00271,2023,131286982,packages_per_month
F00271,2024,238942308,packages_per_month
F00271,2025,355000000,packages_per_month
F00272,2017,271086066,packages_per_month
F00272,2018,281929509,packages_per_month
F00272,2019,293206689,packages_per_month
F00272,2020,304934957,packages_per_month
F00272,2021,317132355,packages_per_month
F00272,2022,329817649,packages_per_month
F00272,2023,343010355,packages_per_month
F00272,2024,356730769,packages_per_month
F00272,2025,371000000,packages_per_month
F00273,2017,249165360,packages_per_month
F00273,2018,259131974,packages_per_month
F00273,2019,269497253,packages_per_month
F00273,2020,280277143,packages_per_month
F00273,2021,291488229,packages_per_month
F00273,2022,303147758,packages_per_month
F00273,2023,315273669,packages_per_month
F00273,2024,327884615,packages_per_month
F00273,2025,341000000,packages_per_month
F00274,2017,0,packages_per_month
F00274,2018,0,packages_per_month
F00274,2019,0,packages_per_month
F00274,2020,0,packages_per_month
F00274,2021,0,packages_per_month
F00274,2022,212647929,packages_per_month
F00274,2023,387019231,packages_per_month
F00274,2024,575000000,packages_per_month
F00274,2025,598000000,packages_per_month
F00275,2017,343424396,packages_per_month
F00275,2018,357161372,packages_per_month
F00275,2019,371447827,packages_per_month
F00275,2020,386305740,packages_per_month
F00275,2021,401757970,packages_per_month
F00275,2022,417828289,packages_per_month
F00275,2023,434541420,packages_per_month
F00275,2024,451923077,packages_per_month
F00275,2025,470000000,packages_per_month
F00276,2017,278392968,packages_per_month
F00276,2018,289528687,packages_per_month
F00276,2019,301109834,packages_per_month
F00276,2020,313154228,packages_per_month
F00276,2021,325680397,packages_per_month
F00276,2022,338707613,packages_per_month
F00276,2023,352255917,packages_per_month
F00276,2024,366346154,packages_per_month
F00276,2025,381000000,packages_per_month
F00277,2017,198747736,packages_per_month
F00277,2018,206697645,packages_per_month
F00277,2019,214965551,packages_per_month
F00277,2020,223564173,packages_per_month
F00277,2021,232506740,packages_per_month
F00277,2022,241807010,packages_per_month
F00277,2023,251479290,packages_per_month
F00277,2024,261538462,packages_per_month
F00277,2025,272000000,packages_per_month
F00278,2017,53340385,packages_per_month
F00278,2018,55474000,packages_per_month
F00278,2019,57692960,packages_per_month
F00278,2020,60000679,packages_per_month
F00278,2021,62400706,packages_per_month
F00278,2022,64896734,packages_per_month
F00278,2023,67492604,packages_per_month
F00278,2024,70192308,packages_per_month
F00278,2025,73000000,packages_per_month
F00279,2017,118371813,packages_per_month
F00279,2018,123106686,packages_per_month
F00279,2019,128030953,packages_per_month
F00279,2020,133152191,packages_per_month
F00279,2021,138478279,packages_per_month
F00279,2022,144017410,packages_per_month
F00279,2023,149778107,packages_per_month
F00279,2024,155769231,packages_per_month
F00279,2025,162000000,packages_per_month
F00280,2017,0,packages_per_month
F00280,2018,0,packages_per_month
F00280,2019,0,packages_per_month
F00280,2020,0,packages_per_month
F00280,2021,0,packages_per_month
F00280,2022,0,packages_per_month
F00280,2023,0,packages_per_month
F00280,2024,0,packages_per_month
F00280,2025,0,packages_per_month
F00281,2017,0,packages_per_month
F00281,2018,163230346,packages_per_month
F00281,2019,297079230,packages_per_month
F00281,2020,441374856,packages_per_month
F00281,2021,459029851,packages_per_month
F00281,2022,477391045,packages_per_month
F00281,2023,496486686,packages_per_month
F00281,2024,516346154,packages_per_month
F00281,2025,537000000,packages_per_month
F00282,2017,367537173,packages_per_month
F00282,2018,382238660,packages_per_month
F00282,2019,397528206,packages_per_month
F00282,2020,413429335,packages_per_month
F00282,2021,429966508,packages_per_month
F00282,2022,447165168,packages_per_month
F00282,2023,465051775,packages_per_month
F00282,2024,483653846,packages_per_month
F00282,2025,503000000,packages_per_month
F00283,2017,117641123,packages_per_month
F00283,2018,122346768,packages_per_month
F00283,2019,127240639,packages_per_month
F00283,2020,132330264,packages_per_month
F00283,2021,137623475,packages_per_month
F00283,2022,143128414,packages_per_month
F00283,2023,148853550,packages_per_month
F00283,2024,154807692,packages_per_month
F00283,2025,161000000,packages_per_month
F00284,2017,45302793,packages_per_month
F00284,2018,82451083,packages_per_month
F00284,2019,122498751,packages_per_month
F00284,2020,127398702,packages_per_month
F00284,2021,132494650,packages_per_month
F00284,2022,137794436,packages_per_month
F00284,2023,143306213,packages_per_month
F00284,2024,149038462,packages_per_month
F00284,2025,155000000,packages_per_month
F00285,2017,0,packages_per_month
F00285,2018,0,packages_per_month
F00285,2019,0,packages_per_month
F00285,2020,0,packages_per_month
F00285,2021,0,packages_per_month
F00285,2022,0,packages_per_month
F00285,2023,0,packages_per_month
F00285,2024,0,packages_per_month
F00285,2025,0,packages_per_month
F00286,2017,332464043,packages_per_month
F00286,2018,345762605,packages_per_month
F00286,2019,359593109,packages_per_month
F00286,2020,373976834,packages_per_month
F00286,2021,388935907,packages_per_month
F00286,2022,404493343,packages_per_month
F00286,2023,420673077,packages_per_month
F00286,2024,437500000,packages_per_month
F00286,2025,455000000,packages_per_month
F00287,2017,278246830,packages_per_month
F00287,2018,413395290,packages_per_month
F00287,2019,429931102,packages_per_month
F00287,2020,447128346,packages_per_month
F00287,2021,465013480,packages_per_month
F00287,2022,483614019,packages_per_month
F00287,2023,502958580,packages_per_month
F00287,2024,523076923,packages_per_month
F00287,2025,544000000,packages_per_month
F00288,2017,219937752,packages_per_month
F00288,2018,228735262,packages_per_month
F00288,2019,237884672,packages_per_month
F00288,2020,247400059,packages_per_month
F00288,2021,257296061,packages_per_month
F00288,2022,267587904,packages_per_month
F00288,2023,278291420,packages_per_month
F00288,2024,289423077,packages_per_month
F00288,2025,301000000,packages_per_month
F00289,2017,0,packages_per_month
F00289,2018,0,packages_per_month
F00289,2019,0,packages_per_month
F00289,2020,0,packages_per_month
F00289,2021,190792295,packages_per_month
F00289,2022,347241978,packages_per_month
F00289,2023,515902367,packages_per_month
F00289,2024,536538462,packages_per_month
F00289,2025,558000000,packages_per_month
F00290,2017,0,packages_per_month
F00290,2018,76599716,packages_per_month
F00290,2019,139411482,packages_per_month
F00290,2020,207125631,packages_per_month
F00290,2021,215410656,packages_per_month
F00290,2022,224027082,packages_per_month
F00290,2023,232988166,packages_per_month
F00290,2024,242307692,packages_per_month
F00290,2025,252000000,packages_per_month
F00291,2017,0,packages_per_month
F00291,2018,0,packages_per_month
F00291,2019,157114528,packages_per_month
F00291,2020,285948440,packages_per_month
F00291,2021,424837683,packages_per_month
F00291,2022,441831190,packages_per_month
F00291,2023,459504438,packages_per_month
F00291,2024,477884615,packages_per_month
F00291,2025,497000000,packages_per_month
F00292,2017,0,packages_per_month
F00292,2018,0,packages_per_month
F00292,2019,0,packages_per_month
F00292,2020,0,packages_per_month
F00292,2021,0,packages_per_month
F00292,2022,104901570,packages_per_month
F00292,2023,190920858,packages_per_month
F00292,2024,283653846,packages_per_month
F00292,2025,295000000,packages_per_month
F00293,2017,0,packages_per_month
F00293,2018,0,packages_per_month
F00293,2019,0,packages_per_month
F00293,2020,0,packages_per_month
F00293,2021,0,packages_per_month
F00293,2022,0,packages_per_month
F00293,2023,0,packages_per_month
F00293,2024,0,packages_per_month
F00293,2025,0,packages_per_month
F00294,2017,58455216,packages_per_month
F00294,2018,60793425,packages_per_month
F00294,2019,63225162,packages_per_month
F00294,2020,65754169,packages_per_month
F00294,2021,68384335,packages_per_month
F00294,2022,71119709,packages_per_month
F00294,2023,73964497,packages_per_month
F00294,2024,76923077,packages_per_month
F00294,2025,80000000,packages_per_month
F00295,2017,279123658,packages_per_month
F00295,2018,290288605,packages_per_month
F00295,2019,301900149,packages_per_month
F00295,2020,313976155,packages_per_month
F00295,2021,326535201,packages_per_month
F00295,2022,339596609,packages_per_month
F00295,2023,353180473,packages_per_month
F00295,2024,367307692,packages_per_month
F00295,2025,382000000,packages_per_month
F00296,2017,341963016,packages_per_month
F00296,2018,355641537,packages_per_month
F00296,2019,369867198,packages_per_month
F00296,2020,384661886,packages_per_month
F00296,2021,400048361,packages_per_month
F00296,2022,416050296,packages_per_month
F00296,2023,432692308,packages_per_month
F00296,2024,450000000,packages_per_month
F00296,2025,468000000,packages_per_month
F00297,2017,0,packages_per_month
F00297,2018,0,packages_per_month
F00297,2019,0,packages_per_month
F00297,2020,0,packages_per_month
F00297,2021,0,packages_per_month
F00297,2022,0,packages_per_month
F00297,2023,0,packages_per_month
F00297,2024,0,packages_per_month
F00297,2025,0,packages_per_month
F00298,2017,0,packages_per_month
F00298,2018,0,packages_per_month
F00298,2019,77450824,packages_per_month
F00298,2020,140960499,packages_per_month
F00298,2021,209427027,packages_per_month
F00298,2022,217804108,packages_per_month
F00298,2023,226516272,packages_per_month
F00298,2024,235576923,packages_per_month
F00298,2025,245000000,packages_per_month
F00299,2017,81837303,packages_per_month
F00299,2018,85110795,packages_per_month
F00299,2019,88515227,packages_per_month
F00299,2020,92055836,packages_per_month
F00299,2021,95738069,packages_per_month
F00299,2022,99567592,packages_per_month
F00299,2023,103550296,packages_per_month
F00299,2024,107692308,packages_per_month
F00299,2025,112000000,packages_per_month
F00300,2017,76722472,packages_per_month
F00300,2018,79791370,packages_per_month
F00300,2019,82983025,packages_per_month
F00300,2020,86302346,packages_per_month
F00300,2021,89754440,packages_per_month
F00300,2022,93344618,packages_per_month
F00300,2023,97078402,packages_per_month
F00300,2024,100961538,packages_per_month
F00300,2025,105000000,packages_per_month
F00301,2017,0,packages_per_month
F00301,2018,0,packages_per_month
F00301,2019,0,packages_per_month
F00301,2020,0,packages_per_month
F00301,2021,0,packages_per_month
F00301,2022,0,packages_per_month
F00301,2023,0,packages_per_month
F00301,2024,0,packages_per_month
F00301,2025,0,packages_per_month
F00302,2017,404802374,packages_per_month
F00302,2018,420994469,packages_per_month
F00302,2019,437834247,packages_per_month
F00302,2020,455347617,packages_per_month
F00302,2021,473561522,packages_per_month
F00302,2022,492503983,packages_per_month
F00302,2023,512204142,packages_per_month
F00302,2024,532692308,packages_per_month
F00302,2025,554000000,packages_per_month
F00303,2017,0,racks_per_month
F00303,2018,0,racks_per_month
F00303,2019,0,racks_per_month
F00303,2020,0,racks_per_month
F00303,2021,0,racks_per_month
F00303,2022,0,racks_per_month
F00303,2023,0,racks_per_month
F00303,2024,0,racks_per_month
F00303,2025,1795,racks_per_month
F00304,2017,4159,racks_per_month
F00304,2018,6179,racks_per_month
F00304,2019,6426,racks_per_month
F00304,2020,6683,racks_per_month
F00304,2021,6950,racks_per_month
F00304,2022,7228,racks_per_month
F00304,2023,7518,racks_per_month
F00304,2024,7818,racks_per_month
F00304,2025,8131,racks_per_month
F00305,2017,0,racks_per_month
F00305,2018,0,racks_per_month
F00305,2019,0,racks_per_month
F00305,2020,0,racks_per_month
F00305,2021,0,racks_per_month
F00305,2022,0,racks_per_month
F00305,2023,0,racks_per_month
F00305,2024,0,racks_per_month
F00305,2025,0,racks_per_month
F00306,2017,5070,racks_per_month
F00306,2018,5273,racks_per_month
F00306,2019,5484,racks_per_month
F00306,2020,5703,racks_per_month
F00306,2021,5931,racks_per_month
F00306,2022,6169,racks_per_month
F00306,2023,6415,racks_per_month
F00306,2024,6672,racks_per_month
F00306,2025,6939,racks_per_month
F00307,2017,8203,racks_per_month
F00307,2018,8532,racks_per_month
F00307,2019,8873,racks_per_month
F00307,2020,9228,racks_per_month
F00307,2021,9597,racks_per_month
F00307,2022,9981,racks_per_month
F00307,2023,10380,racks_per_month
F00307,2024,10795,racks_per_month
F00307,2025,11227,racks_per_month
F00308,2017,0,racks_per_month
F00308,2018,0,racks_per_month
F00308,2019,0,racks_per_month
F00308,2020,0,racks_per_month
F00308,2021,0,racks_per_month
F00308,2022,0,racks_per_month
F00308,2023,0,racks_per_month
F00308,2024,3223,racks_per_month
F00308,2025,5865,racks_per_month
F00309,2017,6686,racks_per_month
F00309,2018,6953,racks_per_month
F00309,2019,7231,racks_per_month
F00309,2020,7521,racks_per_month
F00309,2021,7821,racks_per_month
F00309,2022,8134,racks_per_month
F00309,2023,8460,racks_per_month
F00309,2024,8798,racks_per_month
F00309,2025,9150,racks_per_month
F00310,2017,0,racks_per_month
F00310,2018,0,racks_per_month
F00310,2019,0,racks_per_month
F00310,2020,0,racks_per_month
F00310,2021,0,racks_per_month
F00310,2022,0,racks_per_month
F00310,2023,0,racks_per_month
F00310,2024,0,racks_per_month
F00310,2025,0,racks_per_month
F00311,2017,2400,racks_per_month
F00311,2018,2496,racks_per_month
F00311,2019,2595,racks_per_month
F00311,2020,2699,racks_per_month
F00311,2021,2807,racks_per_month
F00311,2022,2919,racks_per_month
F00311,2023,3036,racks_per_month
F00311,2024,3158,racks_per_month
F00311,2025,3284,racks_per_month
F00312,2017,7905,racks_per_month
F00312,2018,8222,racks_per_month
F00312,2019,8550,racks_per_month
F00312,2020,8892,racks_per_month
F00312,2021,9248,racks_per_month
F00312,2022,9618,racks_per_month
F00312,2023,10003,racks_per_month
F00312,2024,10403,racks_per_month
F00312,2025,10819,racks_per_month
F00313,2017,761,racks_per_month
F00313,2018,791,racks_per_month
F00313,2019,823,racks_per_month
F00313,2020,856,racks_per_month
F00313,2021,890,racks_per_month
F00313,2022,925,racks_per_month
F00313,2023,962,racks_per_month
F00313,2024,1001,racks_per_month
F00313,2025,1041,racks_per_month
F00314,2017,8521,racks_per_month
F00314,2018,8861,racks_per_month
F00314,2019,9216,racks_per_month
F00314,2020,9584,racks_per_month
F00314,2021,9968,racks_per_month
F00314,2022,10367,racks_per_month
F00314,2023,10781,racks_per_month
F00314,2024,11212,racks_per_month
F00314,2025,11661,racks_per_month
F00315,2017,5472,racks_per_month
F00315,2018,5691,racks_per_month
F00315,2019,5919,racks_per_month
F00315,2020,6155,racks_per_month
F00315,2021,6402,racks_per_month
F00315,2022,6658,racks_per_month
F00315,2023,6924,racks_per_month
F00315,2024,7201,racks_per_month
F00315,2025,7489,racks_per_month
F00316,2017,1141,racks_per_month
F00316,2018,1695,racks_per_month
F00316,2019,1763,racks_per_month
F00316,2020,1834,racks_per_month
F00316,2021,1907,racks_per_month
F00316,2022,1983,racks_per_month
F00316,2023,2063,racks_per_month
F00316,2024,2145,racks_per_month
F00316,2025,2231,racks_per_month
F00317,2017,1412,racks_per_month
F00317,2018,1468,racks_per_month
F00317,2019,1527,racks_per_month
F00317,2020,1588,racks_per_month
F00317,2021,1651,racks_per_month
F00317,2022,1718,racks_per_month
F00317,2023,1786,racks_per_month
F00317,2024,1858,racks_per_month
F00317,2025,1932,racks_per_month
F00318,2017,4017,racks_per_month
F00318,2018,4178,racks_per_month
F00318,2019,4345,racks_per_month
F00318,2020,4519,racks_per_month
F00318,2021,4700,racks_per_month
F00318,2022,4888,racks_per_month
F00318,2023,5083,racks_per_month
F00318,2024,5287,racks_per_month
F00318,2025,5498,racks_per_month
F00319,2017,6303,racks_per_month
F00319,2018,6555,racks_per_month
F00319,2019,6817,racks_per_month
F00319,2020,7090,racks_per_month
F00319,2021,7374,racks_per_month
F00319,2022,7668,racks_per_month
F00319,2023,7975,racks_per_month
F00319,2024,8294,racks_per_month
F00319,2025,8626,racks_per_month
F00320,2017,1458,racks_per_month
F00320,2018,1516,racks_per_month
F00320,2019,1577,racks_per_month
F00320,2020,1640,racks_per_month
F00320,2021,1705,racks_per_month
F00320,2022,1774,racks_per_month
F00320,2023,1844,racks_per_month
F00320,2024,1918,racks_per_month
F00320,2025,1995,racks_per_month
F00321,2017,0,racks_per_month
F00321,2018,0,racks_per_month
F00321,2019,0,racks_per_month
F00321,2020,0,racks_per_month
F00321,2021,0,racks_per_month
F00321,2022,0,racks_per_month
F00321,2023,0,racks_per_month
F00321,2024,0,racks_per_month
F00321,2025,4197,racks_per_month
F00322,2017,3474,racks_per_month
F00322,2018,3613,racks_per_month
F00322,2019,3758,racks_per_month
F00322,2020,3908,racks_per_month
F00322,2021,4065,racks_per_month
F00322,2022,4227,racks_per_month
F00322,2023,4396,racks_per_month
F00322,2024,4572,racks_per_month
F00322,2025,4755,racks_per_month
F00323,2017,0,racks_per_month
F00323,2018,0,racks_per_month
F00323,2019,2494,racks_per_month
F00323,2020,4538,racks_per_month
F00323,2021,6743,racks_per_month
F00323,2022,7012,racks_per_month
F00323,2023,7293,racks_per_month
F00323,2024,7585,racks_per_month
F00323,2025,7888,racks_per_month
F00324,2017,414,racks_per_month
F00324,2018,431,racks_per_month
F00324,2019,448,racks_per_month
F00324,2020,466,racks_per_month
F00324,2021,485,racks_per_month
F00324,2022,504,racks_per_month
F00324,2023,524,racks_per_month
F00324,2024,545,racks_per_month
F00324,2025,567,racks_per_month
F00325,2017,0,racks_per_month
F00325,2018,0,racks_per_month
F00325,2019,0,racks_per_month
F00325,2020,0,racks_per_month
F00325,2021,0,racks_per_month
F00325,2022,0,racks_per_month
F00325,2023,0,racks_per_month
F00325,2024,472,racks_per_month
F00325,2025,859,racks_per_month
F00326,2017,0,racks_per_month
F00326,2018,0,racks_per_month
F00326,2019,0,racks_per_month
F00326,2020,0,racks_per_month
F00326,2021,0,racks_per_month
F00326,2022,0,racks_per_month
F00326,2023,0,racks_per_month
F00326,2024,0,racks_per_month
F00326,2025,3034,racks_per_month
F00327,2017,2252,racks_per_month
F00327,2018,2342,racks_per_month
F00327,2019,2436,racks_per_month
F00327,2020,2533,racks_per_month
F00327,2021,2635,racks_per_month
F00327,2022,2740,racks_per_month
F00327,2023,2849,racks_per_month
F00327,2024,2963,racks_per_month
F00327,2025,3082,racks_per_month
F00328,2017,6875,racks_per_month
F00328,2018,7150,racks_per_month
F00328,2019,7436,racks_per_month
F00328,2020,7734,racks_per_month
F00328,2021,8043,racks_per_month
F00328,2022,8365,racks_per_month
F00328,2023,8699,racks_per_month
F00328,2024,9047,racks_per_month
F00328,2025,9409,racks_per_month
F00329,2017,6805,racks_per_month
F00329,2018,7077,racks_per_month
F00329,2019,7360,racks_per_month
F00329,2020,7655,racks_per_month
F00329,2021,7961,racks_per_month
F00329,2022,8279,racks_per_month
F00329,2023,8610,racks_per_month
F00329,2024,8955,racks_per_month
F00329,2025,9313,racks_per_month
F00330,2017,0,racks_per_month
F00330,2018,0,racks_per_month
F00330,2019,0,racks_per_month
F00330,2020,0,racks_per_month
F00330,2021,0,racks_per_month
F00330,2022,0,racks_per_month
F00330,2023,0,racks_per_month
F00330,2024,0,racks_per_month
F00330,2025,0,racks_per_month
F00331,2017,3811,racks_per_month
F00331,2018,3964,racks_per_month
F00331,2019,4122,racks_per_month
F00331,2020,4287,racks_per_month
F00331,2021,4459,racks_per_month
F00331,2022,4637,racks_per_month
F00331,2023,4822,racks_per_month
F00331,2024,5015,racks_per_month
F00331,2025,5216,racks_per_month
F00332,2017,5487,racks_per_month
F00332,2018,5706,racks_per_month
F00332,2019,5934,racks_per_month
F00332,2020,6172,racks_per_month
F00332,2021,6419,racks_per_month
F00332,2022,6675,racks_per_month
F00332,2023,6942,racks_per_month
F00332,2024,7220,racks_per_month
F00332,2025,7509,racks_per_month
F00333,2017,0,racks_per_month
F00333,2018,0,racks_per_month
F00333,2019,0,racks_per_month
F00333,2020,0,racks_per_month
F00333,2021,0,racks_per_month
F00333,2022,0,racks_per_month
F00333,2023,0,racks_per_month
F00333,2024,0,racks_per_month
F00333,2025,0,racks_per_month
F00334,2017,7726,racks_per_month
F00334,2018,8035,racks_per_month
F00334,2019,8356,racks_per_month
F00334,2020,8690,racks_per_month
F00334,2021,9038,racks_per_month
F00334,2022,9399,racks_per_month
F00334,2023,9775,racks_per_month
F00334,2024,10166,racks_per_month
F00334,2025,10573,racks_per_month
F00335,2017,6448,racks_per_month
F00335,2018,6706,racks_per_month
F00335,2019,6975,racks_per_month
F00335,2020,7254,racks_per_month
F00335,2021,7544,racks_per_month
F00335,2022,7845,racks_per_month
F00335,2023,8159,racks_per_month
F00335,2024,8486,racks_per_month
F00335,2025,8825,racks_per_month
F00336,2017,0,racks_per_month
F00336,2018,0,racks_per_month
F00336,2019,0,racks_per_month
F00336,2020,0,racks_per_month
F00336,2021,0,racks_per_month
F00336,2022,0,racks_per_month
F00336,2023,3924,racks_per_month
F00336,2024,7142,racks_per_month
F00336,2025,10611,racks_per_month
F00337,2017,6852,racks_per_month
F00337,2018,7126,racks_per_month
F00337,2019,7411,racks_per_month
F00337,2020,7707,racks_per_month
F00337,2021,8015,racks_per_month
F00337,2022,8336,racks_per_month
F00337,2023,8670,racks_per_month
F00337,2024,9016,racks_per_month
F00337,2025,9377,racks_per_month
F00338,2017,5451,racks_per_month
F00338,2018,5669,racks_per_month
F00338,2019,5896,racks_per_month
F00338,2020,6132,racks_per_month
F00338,2021,6377,racks_per_month
F00338,2022,6632,racks_per_month
F00338,2023,6897,racks_per_month
F00338,2024,7173,racks_per_month
F00338,2025,7460,racks_per_month
F00339,2017,1281,racks_per_month
F00339,2018,2331,racks_per_month
F00339,2019,3463,racks_per_month
F00339,2020,3602,racks_per_month
F00339,2021,3746,racks_per_month
F00339,2022,3896,racks_per_month
F00339,2023,4051,racks_per_month
F00339,2024,4213,racks_per_month
F00339,2025,4382,racks_per_month
F00340,2017,2888,racks_per_month
F00340,2018,3004,racks_per_month
F00340,2019,3124,racks_per_month
F00340,2020,3249,racks_per_month
F00340,2021,3379,racks_per_month
F00340,2022,3514,racks_per_month
F00340,2023,3655,racks_per_month
F00340,2024,3801,racks_per_month
F00340,2025,3953,racks_per_month
F00341,2017,3442,racks_per_month
F00341,2018,3580,racks_per_month
F00341,2019,3723,racks_per_month
F00341,2020,3872,racks_per_month
F00341,2021,4027,racks_per_month
F00341,2022,4188,racks_per_month
F00341,2023,4356,racks_per_month
F00341,2024,4530,racks_per_month
F00341,2025,4711,racks_per_month
F00342,2017,3162,racks_per_month
F00342,2018,3289,racks_per_month
F00342,2019,3420,racks_per_month
F00342,2020,3557,racks_per_month
F00342,2021,3700,racks_per_month
F00342,2022,3848,racks_per_month
F00342,2023,4001,racks_per_month
F00342,2024,4162,racks_per_month
F00342,2025,4328,racks_per_month
F00343,2017,3533,racks_per_month
F00343,2018,3674,racks_per_month
F00343,2019,3821,racks_per_month
F00343,2020,3974,racks_per_month
F00343,2021,4133,racks_per_month
F00343,2022,4298,racks_per_month
F00343,2023,4470,racks_per_month
F00343,2024,4649,racks_per_month
F00343,2025,4835,racks_per_month
F00344,2017,0,racks_per_month
F00344,2018,0,racks_per_month
F00344,2019,0,racks_per_month
F00344,2020,0,racks_per_month
F00344,2021,0,racks_per_month
F00344,2022,0,racks_per_month
F00344,2023,0,racks_per_month
F00344,2024,0,racks_per_month
F00344,2025,3453,racks_per_month
F00345,2017,0,racks_per_month
F00345,2018,0,racks_per_month
F00345,2019,0,racks_per_month
F00345,2020,0,racks_per_month
F00345,2021,0,racks_per_month
F00345,2022,0,racks_per_month
F00345,2023,3676,racks_per_month
F00345,2024,6690,racks_per_month
F00345,2025,9939,racks_per_month
F00346,2017,6537,racks_per_month
F00346,2018,6798,racks_per_month
F00346,2019,7070,racks_per_month
F00346,2020,7353,racks_per_month
F00346,2021,7647,racks_per_month
F00346,2022,7953,racks_per_month
F00346,2023,8271,racks_per_month
F00346,2024,8602,racks_per_month
F00346,2025,8946,racks_per_month
F00347,2017,5053,racks_per_month
F00347,2018,5256,racks_per_month
F00347,2019,5466,racks_per_month
F00347,2020,5684,racks_per_month
F00347,2021,5912,racks_per_month
F00347,2022,6148,racks_per_month
F00347,2023,6394,racks_per_month
F00347,2024,6650,racks_per_month
F00347,2025,6916,racks_per_month
F00348,2017,6353,racks_per_month
F00348,2018,6607,racks_per_month
F00348,2019,6871,racks_per_month
F00348,2020,7146,racks_per_month
F00348,2021,7432,racks_per_month
F00348,2022,7729,racks_per_month
F00348,2023,8038,racks_per_month
F00348,2024,8360,racks_per_month
F00348,2025,8694,racks_per_month
F00349,2017,2554,racks_per_month
F00349,2018,2657,racks_per_month
F00349,2019,2763,racks_per_month
F00349,2020,2873,racks_per_month
F00349,2021,2988,racks_per_month
F00349,2022,3108,racks_per_month
F00349,2023,3232,racks_per_month
F00349,2024,3362,racks_per_month
F00349,2025,3496,racks_per_month
F00350,2017,4814,racks_per_month
F00350,2018,5006,racks_per_month
F00350,2019,5207,racks_per_month
F00350,2020,5415,racks_per_month
F00350,2021,5631,racks_per_month
F00350,2022,5857,racks_per_month
F00350,2023,6091,racks_per_month
F00350,2024,6335,racks_per_month
F00350,2025,6588,racks_per_month
F00351,2017,6272,racks_per_month
F00351,2018,6522,racks_per_month
F00351,2019,6783,racks_per_month
F00351,2020,7055,racks_per_month
F00351,2021,7337,racks_per_month
F00351,2022,7630,racks_per_month
F00351,2023,7935,racks_per_month
F00351,2024,8253,racks_per_month
F00351,2025,8583,racks_per_month
F00352,2017,1488,racks_per_month
F00352,2018,1548,racks_per_month
F00352,2019,1610,racks_per_month
F00352,2020,1674,racks_per_month
F00352,2021,1741,racks_per_month
F00352,2022,1811,racks_per_month
F00352,2023,1883,racks_per_month
F00352,2024,1959,racks_per_month
F00352,2025,2037,racks_per_month
F00353,2017,7782,racks_per_month
F00353,2018,8093,racks_per_month
F00353,2019,8417,racks_per_month
F00353,2020,8754,racks_per_month
F00353,2021,9104,racks_per_month
F00353,2022,9468,racks_per_month
F00353,2023,9847,racks_per_month
F00353,2024,10240,racks_per_month
F00353,2025,10650,racks_per_month
F00354,2017,0,racks_per_month
F00354,2018,1820,racks_per_month
F00354,2019,3312,racks_per_month
F00354,2020,4921,racks_per_month
F00354,2021,5118,racks_per_month
F00354,2022,5322,racks_per_month
F00354,2023,5535,racks_per_month
F00354,2024,5757,racks_per_month
F00354,2025,5987,racks_per_month
F00355,2017,0,racks_per_month
F00355,2018,0,racks_per_month
F00355,2019,0,racks_per_month
F00355,2020,0,racks_per_month
F00355,2021,0,racks_per_month
F00355,2022,0,racks_per_month
F00355,2023,0,racks_per_month
F00355,2024,0,racks_per_month
F00355,2025,0,racks_per_month
F00356,2017,2283,racks_per_month
F00356,2018,2374,racks_per_month
F00356,2019,2469,racks_per_month
F00356,2020,2568,racks_per_month
F00356,2021,2670,racks_per_month
F00356,2022,2777,racks_per_month
F00356,2023,2888,racks_per_month
F00356,2024,3004,racks_per_month
F00356,2025,3124,racks_per_month
F00357,2017,5974,racks_per_month
F00357,2018,6213,racks_per_month
F00357,2019,6462,racks_per_month
F00357,2020,6720,racks_per_month
F00357,2021,6989,racks_per_month
F00357,2022,7268,racks_per_month
F00357,2023,7559,racks_per_month
F00357,2024,7862,racks_per_month
F00357,2025,8176,racks_per_month
F00358,2017,5752,racks_per_month
F00358,2018,5982,racks_per_month
F00358,2019,6221,racks_per_month
F00358,2020,6470,racks_per_month
F00358,2021,6729,racks_per_month
F00358,2022,6998,racks_per_month
F00358,2023,7278,racks_per_month
F00358,2024,7569,racks_per_month
F00358,2025,7872,racks_per_month
F00359,2017,1695,racks_per_month
F00359,2018,1763,racks_per_month
F00359,2019,1834,racks_per_month
F00359,2020,1907,racks_per_month
F00359,2021,1983,racks_per_month
F00359,2022,2062,racks_per_month
F00359,2023,2145,racks_per_month
F00359,2024,2231,racks_per_month
F00359,2025,2320,racks_per_month
F00360,2017,3631,racks_per_month
F00360,2018,3776,racks_per_month
F00360,2019,3927,racks_per_month
F00360,2020,4084,racks_per_month
F00360,2021,4248,racks_per_month
F00360,2022,4417,racks_per_month
F00360,2023,4594,racks_per_month
F00360,2024,4778,racks_per_month
F00360,2025,4969,racks_per_month
F00361,2017,7384,racks_per_month
F00361,2018,7679,racks_per_month
F00361,2019,7986,racks_per_month
F00361,2020,8306,racks_per_month
F00361,2021,8638,racks_per_month
F00361,2022,8983,racks_per_month
F00361,2023,9343,racks_per_month
F00361,2024,9716,racks_per_month
F00361,2025,10105,racks_per_month
F00362,2017,3442,racks_per_month
F00362,2018,3580,racks_per_month
F00362,2019,3723,racks_per_month
F00362,2020,3872,racks_per_month
F00362,2021,4027,racks_per_month
F00362,2022,4188,racks_per_month
F00362,2023,4356,racks_per_month
F00362,2024,4530,racks_per_month
F00362,2025,4711,racks_per_month
F00363,2017,4283,racks_per_month
F00363,2018,4455,racks_per_month
F00363,2019,4633,racks_per_month
F00363,2020,4818,racks_per_month
F00363,2021,5011,racks_per_month
F00363,2022,5211,racks_per_month
F00363,2023,5420,racks_per_month
F00363,2024,5637,racks_per_month
F00363,2025,5862,racks_per_month
F00364,2017,0,racks_per_month
F00364,2018,0,racks_per_month
F00364,2019,0,racks_per_month
F00364,2020,0,racks_per_month
F00364,2021,0,racks_per_month
F00364,2022,0,racks_per_month
F00364,2023,0,racks_per_month
F00364,2024,0,racks_per_month
F00364,2025,533,racks_per_month
F00365,2017,6944,racks_per_month
F00365,2018,7221,racks_per_month
F00365,2019,7510,racks_per_month
F00365,2020,7811,racks_per_month
F00365,2021,8123,racks_per_month
F00365,2022,8448,racks_per_month
F00365,2023,8786,racks_per_month
F00365,2024,9138,racks_per_month
F00365,2025,9503,racks_per_month
F00366,2017,8691,racks_per_month
F00366,2018,9038,racks_per_month
F00366,2019,9400,racks_per_month
F00366,2020,9776,racks_per_month
F00366,2021,10167,racks_per_month
F00366,2022,10574,racks_per_month
F00366,2023,10997,racks_per_month
F00366,2024,11437,racks_per_month
F00366,2025,11894,racks_per_month
F00367,2017,0,racks_per_month
F00367,2018,0,racks_per_month
F00367,2019,0,racks_per_month
F00367,2020,0,racks_per_month
F00367,2021,0,racks_per_month
F00367,2022,0,racks_per_month
F00367,2023,0,racks_per_month
F00367,2024,0,racks_per_month
F00367,2025,4241,racks_per_month
F00368,2017,4197,racks_per_month
F00368,2018,4365,racks_per_month
F00368,2019,4540,racks_per_month
F00368,2020,4721,racks_per_month
F00368,2021,4910,racks_per_month
F00368,2022,5106,racks_per_month
F00368,2023,5311,racks_per_month
F00368,2024,5523,racks_per_month
F00368,2025,5744,racks_per_month
F00369,2017,0,racks_per_month
F00369,2018,0,racks_per_month
F00369,2019,0,racks_per_month
F00369,2020,0,racks_per_month
F00369,2021,0,racks_per_month
F00369,2022,0,racks_per_month
F00369,2023,0,racks_per_month
F00369,2024,0,racks_per_month
F00369,2025,0,racks_per_month
F00370,2017,3666,racks_per_month
F00370,2018,3813,racks_per_month
F00370,2019,3965,racks_per_month
F00370,2020,4124,racks_per_month
F00370,2021,4289,racks_per_month
F00370,2022,4460,racks_per_month
F00370,2023,4638,racks_per_month
F00370,2024,4824,racks_per_month
F00370,2025,5017,racks_per_month
F00371,2017,2577,racks_per_month
F00371,2018,2680,racks_per_month
F00371,2019,2787,racks_per_month
F00371,2020,2899,racks_per_month
F00371,2021,3015,racks_per_month
F00371,2022,3135,racks_per_month
F00371,2023,3261,racks_per_month
F00371,2024,3391,racks_per_month
F00371,2025,3527,racks_per_month
F00372,2017,0,racks_per_month
F00372,2018,0,racks_per_month
F00372,2019,0,racks_per_month
F00372,2020,0,racks_per_month
F00372,2021,0,racks_per_month
F00372,2022,0,racks_per_month
F00372,2023,0,racks_per_month
F00372,2024,0,racks_per_month
F00372,2025,1496,racks_per_month
F00373,2017,1512,racks_per_month
F00373,2018,1572,racks_per_month
F00373,2019,1635,racks_per_month
F00373,2020,1701,racks_per_month
F00373,2021,1769,racks_per_month
F00373,2022,1839,racks_per_month
F00373,2023,1913,racks_per_month
F00373,2024,1989,racks_per_month
F00373,2025,2069,racks_per_month
F00374,2017,3371,racks_per_month
F00374,2018,3506,racks_per_month
F00374,2019,3647,racks_per_month
F00374,2020,3792,racks_per_month
F00374,2021,3944,racks_per_month
F00374,2022,4102,racks_per_month
F00374,2023,4266,racks_per_month
F00374,2024,4437,racks_per_month
F00374,2025,4614,racks_per_month
F00375,2017,6139,racks_per_month
F00375,2018,6384,racks_per_month
F00375,2019,6639,racks_per_month
F00375,2020,6905,racks_per_month
F00375,2021,7181,racks_per_month
F00375,2022,7468,racks_per_month
F00375,2023,7767,racks_per_month
F00375,2024,8078,racks_per_month
F00375,2025,8401,racks_per_month
F00376,2017,5544,racks_per_month
F00376,2018,5765,racks_per_month
F00376,2019,5996,racks_per_month
F00376,2020,6236,racks_per_month
F00376,2021,6485,racks_per_month
F00376,2022,6745,racks_per_month
F00376,2023,7015,racks_per_month
F00376,2024,7295,racks_per_month
F00376,2025,7587,racks_per_month
F00377,2017,4866,racks_per_month
F00377,2018,5061,racks_per_month
F00377,2019,5263,racks_per_month
F00377,2020,5474,racks_per_month
F00377,2021,5693,racks_per_month
F00377,2022,5921,racks_per_month
F00377,2023,6158,racks_per_month
F00377,2024,6404,racks_per_month
F00377,2025,6660,racks_per_month
F00378,2017,0,racks_per_month
F00378,2018,0,racks_per_month
F00378,2019,0,racks_per_month
F00378,2020,0,racks_per_month
F00378,2021,0,racks_per_month
F00378,2022,0,racks_per_month
F00378,2023,0,racks_per_month
F00378,2024,0,racks_per_month
F00378,2025,0,racks_per_month
F00379,2017,0,racks_per_month
F00379,2018,0,racks_per_month
F00379,2019,0,racks_per_month
F00379,2020,0,racks_per_month
F00379,2021,0,racks_per_month
F00379,2022,0,racks_per_month
F00379,2023,0,racks_per_month
F00379,2024,0,racks_per_month
F00379,2025,0,racks_per_month
F00380,2017,1849,racks_per_month
F00380,2018,1923,racks_per_month
F00380,2019,2000,racks_per_month
F00380,2020,2080,racks_per_month
F00380,2021,2164,racks_per_month
F00380,2022,2250,racks_per_month
F00380,2023,2340,racks_per_month
F00380,2024,2434,racks_per_month
F00380,2025,2531,racks_per_month
F00381,2017,3164,racks_per_month
F00381,2018,3290,racks_per_month
F00381,2019,3422,racks_per_month
F00381,2020,3559,racks_per_month
F00381,2021,3701,racks_per_month
F00381,2022,3849,racks_per_month
F00381,2023,4003,racks_per_month
F00381,2024,4163,racks_per_month
F00381,2025,4330,racks_per_month
F00382,2017,0,racks_per_month
F00382,2018,0,racks_per_month
F00382,2019,0,racks_per_month
F00382,2020,0,racks_per_month
F00382,2021,0,racks_per_month
F00382,2022,0,racks_per_month
F00382,2023,0,racks_per_month
F00382,2024,0,racks_per_month
F00382,2025,0,racks_per_month
F00383,2017,3700,racks_per_month
F00383,2018,3848,racks_per_month
F00383,2019,4002,racks_per_month
F00383,2020,4162,racks_per_month
F00383,2021,4329,racks_per_month
F00383,2022,4502,racks_per_month
F00383,2023,4682,racks_per_month
F00383,2024,4869,racks_per_month
F00383,2025,5064,racks_per_month
F00384,2017,0,racks_per_month
F00384,2018,0,racks_per_month
F00384,2019,0,racks_per_month
F00384,2020,0,racks_per_month
F00384,2021,1284,racks_per_month
F00384,2022,2337,racks_per_month
F00384,2023,3472,racks_per_month
F00384,2024,3611,racks_per_month
F00384,2025,3755,racks_per_month
F00385,2017,0,racks_per_month
F00385,2018,0,racks_per_month
F00385,2019,0,racks_per_month
F00385,2020,0,racks_per_month
F00385,2021,0,racks_per_month
F00385,2022,0,racks_per_month
F00385,2023,0,racks_per_month
F00385,2024,0,racks_per_month
F00385,2025,0,racks_per_month
F00386,2017,308,racks_per_month
F00386,2018,457,racks_per_month
F00386,2019,476,racks_per_month
F00386,2020,495,racks_per_month
F00386,2021,515,racks_per_month
F00386,2022,535,racks_per_month
F00386,2023,557,racks_per_month
F00386,2024,579,racks_per_month
F00386,2025,602,racks_per_month
F00387,2017,5334,racks_per_month
F00387,2018,5547,racks_per_month
F00387,2019,5769,racks_per_month
F00387,2020,6000,racks_per_month
F00387,2021,6240,racks_per_month
F00387,2022,6490,racks_per_month
F00387,2023,6749,racks_per_month
F00387,2024,7019,racks_per_month
F00387,2025,7300,racks_per_month
F00388,2017,0,racks_per_month
F00388,2018,0,racks_per_month
F00388,2019,0,racks_per_month
F00388,2020,0,racks_per_month
F00388,2021,0,racks_per_month
F00388,2022,0,racks_per_month
F00388,2023,0,racks_per_month
F00388,2024,0,racks_per_month
F00388,2025,1113,racks_per_month
F00389,2017,7748,racks_per_month
F00389,2018,8058,racks_per_month
F00389,2019,8380,racks_per_month
F00389,2020,8716,racks_per_month
F00389,2021,9064,racks_per_month
F00389,2022,9427,racks_per_month
F00389,2023,9804,racks_per_month
F00389,2024,10196,racks_per_month
F00389,2025,10604,racks_per_month
F00390,2017,0,racks_per_month
F00390,2018,0,racks_per_month
F00390,2019,0,racks_per_month
F00390,2020,0,racks_per_month
F00390,2021,0,racks_per_month
F00390,2022,0,racks_per_month
F00390,2023,405,racks_per_month
F00390,2024,736,racks_per_month
F00390,2025,1094,racks_per_month
F00391,2017,2801,racks_per_month
F00391,2018,2914,racks_per_month
F00391,2019,3030,racks_per_month
F00391,2020,3151,racks_per_month
F00391,2021,3277,racks_per_month
F00391,2022,3408,racks_per_month
F00391,2023,3545,racks_per_month
F00391,2024,3687,racks_per_month
F00391,2025,3834,racks_per_month
F00392,2017,2685,racks_per_month
F00392,2018,2793,racks_per_month
F00392,2019,2904,racks_per_month
F00392,2020,3021,racks_per_month
F00392,2021,3141,racks_per_month
F00392,2022,3267,racks_per_month
F00392,2023,3398,racks_per_month
F00392,2024,3534,racks_per_month
F00392,2025,3675,racks_per_month
F00393,2017,0,racks_per_month
F00393,2018,0,racks_per_month
F00393,2019,0,racks_per_month
F00393,2020,0,racks_per_month
F00393,2021,355,racks_per_month
F00393,2022,645,racks_per_month
F00393,2023,959,racks_per_month
F00393,2024,997,racks_per_month
F00393,2025,1037,racks_per_month
F00394,2017,7995,racks_per_month
F00394,2018,8315,racks_per_month
F00394,2019,8648,racks_per_month
F00394,2020,8994,racks_per_month
F00394,2021,9353,racks_per_month
F00394,2022,9727,racks_per_month
F00394,2023,10116,racks_per_month
F00394,2024,10521,racks_per_month
F00394,2025,10942,racks_per_month
F00395,2017,1081,racks_per_month
F00395,2018,1124,racks_per_month
F00395,2019,1169,racks_per_month
F00395,2020,1216,racks_per_month
F00395,2021,1264,racks_per_month
F00395,2022,1315,racks_per_month
F00395,2023,1367,racks_per_month
F00395,2024,1422,racks_per_month
F00395,2025,1479,racks_per_month
F00396,2017,2514,racks_per_month
F00396,2018,2614,racks_per_month
F00396,2019,2719,racks_per_month
F00396,2020,2827,racks_per_month
F00396,2021,2941,racks_per_month
F00396,2022,3058,racks_per_month
F00396,2023,3180,racks_per_month
F00396,2024,3308,racks_per_month
F00396,2025,3440,racks_per_month
F00397,2017,3366,racks_per_month
F00397,2018,3500,racks_per_month
F00397,2019,3640,racks_per_month
F00397,2020,3786,racks_per_month
F00397,2021,3937,racks_per_month
F00397,2022,4095,racks_per_month
F00397,2023,4259,racks_per_month
F00397,2024,4429,racks_per_month
F00397,2025,4606,racks_per_month
F00398,2017,1528,racks_per_month
F00398,2018,1589,racks_per_month
F00398,2019,1653,racks_per_month
F00398,2020,1719,racks_per_month
F00398,2021,1787,racks_per_month
F00398,2022,1859,racks_per_month
F00398,2023,1933,racks_per_month
F00398,2024,2011,racks_per_month
F00398,2025,2091,racks_per_month
F00399,2017,1784,racks_per_month
F00399,2018,1855,racks_per_month
F00399,2019,1929,racks_per_month
F00399,2020,2006,racks_per_month
F00399,2021,2087,racks_per_month
F00399,2022,2170,racks_per_month
F00399,2023,2257,racks_per_month
F00399,2024,2347,racks_per_month
F00399,2025,2441,racks_per_month
F00400,2017,2131,racks_per_month
F00400,2018,2217,racks_per_month
F00400,2019,2305,racks_per_month
F00400,2020,2398,racks_per_month
F00400,2021,2493,racks_per_month
F00400,2022,2593,racks_per_month
F00400,2023,2697,racks_per_month
F00400,2024,2805,racks_per_month
F00400,2025,2917,racks_per_month
F00401,2017,6121,racks_per_month
F00401,2018,9094,racks_per_month
F00401,2019,9458,racks_per_month
F00401,2020,9836,racks_per_month
F00401,2021,10229,racks_per_month
F00401,2022,10639,racks_per_month
F00401,2023,11064,racks_per_month
F00401,2024,11507,racks_per_month
F00401,2025,11967,racks_per_month
F00402,2017,0,racks_per_month
F00402,2018,0,racks_per_month
F00402,2019,0,racks_per_month
F00402,2020,0,racks_per_month
F00402,2021,0,racks_per_month
F00402,2022,0,racks_per_month
F00402,2023,0,racks_per_month
F00402,2024,0,racks_per_month
F00402,2025,4140,racks_per_month
F00403,2017,2892,racks_per_month
F00403,2018,5263,racks_per_month
F00403,2019,7819,racks_per_month
F00403,2020,8132,racks_per_month
F00403,2021,8457,racks_per_month
F00403,2022,8796,racks_per_month
F00403,2023,9148,racks_per_month
F00403,2024,9513,racks_per_month
F00403,2025,9894,racks_per_month
F00404,2017,7496,racks_per_month
F00404,2018,7796,racks_per_month
F00404,2019,8108,racks_per_month
F00404,2020,8432,racks_per_month
F00404,2021,8769,racks_per_month
F00404,2022,9120,racks_per_month
F00404,2023,9485,racks_per_month
F00404,2024,9864,racks_per_month
F00404,2025,10259,racks_per_month
F00405,2017,0,racks_per_month
F00405,2018,0,racks_per_month
F00405,2019,0,racks_per_month
F00405,2020,0,racks_per_month
F00405,2021,0,racks_per_month
F00405,2022,0,racks_per_month
F00405,2023,0,racks_per_month
F00405,2024,0,racks_per_month
F00405,2025,0,racks_per_month
F00406,2017,0,racks_per_month
F00406,2018,0,racks_per_month
F00406,2019,0,racks_per_month
F00406,2020,0,racks_per_month
F00406,2021,0,racks_per_month
F00406,2022,0,racks_per_month
F00406,2023,3318,racks_per_month
F00406,2024,6039,racks_per_month
F00406,2025,8972,racks_per_month
F00407,2017,4150,racks_per_month
F00407,2018,4316,racks_per_month
F00407,2019,4489,racks_per_month
F00407,2020,4669,racks_per_month
F00407,2021,4855,racks_per_month
F00407,2022,5049,racks_per_month
F00407,2023,5251,racks_per_month
F00407,2024,5462,racks_per_month
F00407,2025,5680,racks_per_month
F00408,2017,3197,racks_per_month
F00408,2018,3325,racks_per_month
F00408,2019,3458,racks_per_month
F00408,2020,3596,racks_per_month
F00408,2021,3740,racks_per_month
F00408,2022,3889,racks_per_month
F00408,2023,4045,racks_per_month
F00408,2024,4207,racks_per_month
F00408,2025,4375,racks_per_month
F00409,2017,0,racks_per_month
F00409,2018,0,racks_per_month
F00409,2019,0,racks_per_month
F00409,2020,2576,racks_per_month
F00409,2021,4689,racks_per_month
F00409,2022,6966,racks_per_month
F00409,2023,7245,racks_per_month
F00409,2024,7535,racks_per_month
F00409,2025,7836,racks_per_month
